Fabric 1.21.11 build	Build Fabric artifact	﻿2026-08-18T15:19:31.8835965Z ##[group]Run ./gradlew --no-daemon --stacktrace :Fabric:build
Fabric 1.21.11 build	Build Fabric artifact	2026-08-18T15:19:31.8836414Z ^[[36;1m./gradlew --no-daemon --stacktrace :Fabric:build^[[0m
Fabric 1.21.11 build	Build Fabric artifact	2026-08-18T15:19:31.8860019Z shell: /usr/bin/bash -e {0}
Fabric 1.21.11 build	Build Fabric artifact	2026-08-18T15:19:31.8860280Z env:
Fabric 1.21.11 build	Build Fabric artifact	2026-08-18T15:19:31.8860490Z   JAVA_VERSION: 21
Fabric 1.21.11 build	Build Fabric artifact	2026-08-18T15:19:31.8860805Z   JAVA_HOME: /opt/hostedtoolcache/Java_Temurin-Hotspot_jdk/21.0.12-8/x64
Fabric 1.21.11 build	Build Fabric artifact	2026-08-18T15:19:31.8861271Z   JAVA_HOME_21_X64: /opt/hostedtoolcache/Java_Temurin-Hotspot_jdk/21.0.12-8/x64
Fabric 1.21.11 build	Build Fabric artifact	2026-08-18T15:19:31.8861665Z   GRADLE_ACTION_ID: gradle/actions/setup-gradle
Fabric 1.21.11 build	Build Fabric artifact	2026-08-18T15:19:31.8861958Z   GRADLE_USER_HOME: /home/runner/.gradle
Fabric 1.21.11 build	Build Fabric artifact	2026-08-18T15:19:31.8862229Z   GRADLE_BUILD_ACTION_SETUP_COMPLETED: true
Fabric 1.21.11 build	Build Fabric artifact	2026-08-18T15:19:31.8862511Z   GRADLE_BUILD_ACTION_CACHE_RESTORED: true
Fabric 1.21.11 build	Build Fabric artifact	2026-08-18T15:19:31.8862930Z   DEVELOCITY_INJECTION_INIT_SCRIPT_NAME: gradle-actions.inject-develocity.init.gradle
Fabric 1.21.11 build	Build Fabric artifact	2026-08-18T15:19:31.8863381Z   DEVELOCITY_INJECTION_CUSTOM_VALUE: gradle-actions
Fabric 1.21.11 build	Build Fabric artifact	2026-08-18T15:19:31.8863686Z   GITHUB_DEPENDENCY_GRAPH_ENABLED: false
Fabric 1.21.11 build	Build Fabric artifact	2026-08-18T15:19:31.8863981Z ##[endgroup]
Fabric 1.21.11 build	Build Fabric artifact	2026-08-18T15:19:32.4074334Z Downloading https://services.gradle.org/distributions/gradle-8.14-bin.zip
Fabric 1.21.11 build	Build Fabric artifact	2026-08-18T15:19:35.0618217Z .............10%.............20%.............30%.............40%.............50%.............60%.............70%.............80%.............90%..............100%
Fabric 1.21.11 build	Build Fabric artifact	2026-08-18T15:19:36.6084611Z 
Fabric 1.21.11 build	Build Fabric artifact	2026-08-18T15:19:36.6085306Z Welcome to Gradle 8.14!
Fabric 1.21.11 build	Build Fabric artifact	2026-08-18T15:19:36.6085579Z 
Fabric 1.21.11 build	Build Fabric artifact	2026-08-18T15:19:36.6087445Z Here are the highlights of this release:
Fabric 1.21.11 build	Build Fabric artifact	2026-08-18T15:19:36.6088246Z  - Java 24 support
Fabric 1.21.11 build	Build Fabric artifact	2026-08-18T15:19:36.6088703Z  - GraalVM Native Image toolchain selection
Fabric 1.21.11 build	Build Fabric artifact	2026-08-18T15:19:36.6089296Z  - Enhancements to test reporting
Fabric 1.21.11 build	Build Fabric artifact	2026-08-18T15:19:36.6089965Z  - Build Authoring improvements
Fabric 1.21.11 build	Build Fabric artifact	2026-08-18T15:19:36.6090351Z 
Fabric 1.21.11 build	Build Fabric artifact	2026-08-18T15:19:36.6090758Z For more details see https://docs.gradle.org/8.14/release-notes.html
Fabric 1.21.11 build	Build Fabric artifact	2026-08-18T15:19:36.6091310Z 
Fabric 1.21.11 build	Build Fabric artifact	2026-08-18T15:19:36.8086686Z To honour the JVM settings for this build a single-use Daemon process will be forked. For more on this, please refer to https://docs.gradle.org/8.14/userguide/gradle_daemon.html#sec:disabling_the_daemon in the Gradle documentation.
Fabric 1.21.11 build	Build Fabric artifact	2026-08-18T15:19:38.2079483Z Daemon will be stopped at the end of the build 
Fabric 1.21.11 build	Build Fabric artifact	2026-08-18T15:20:19.9088556Z 
Fabric 1.21.11 build	Build Fabric artifact	2026-08-18T15:20:19.9097673Z > Configure project :
Fabric 1.21.11 build	Build Fabric artifact	2026-08-18T15:20:19.9098312Z Architect Plugin: 3.4.164
Fabric 1.21.11 build	Build Fabric artifact	2026-08-18T15:20:21.4120744Z Architectury Loom: 1.13.469
Fabric 1.21.11 build	Build Fabric artifact	2026-08-18T15:20:21.4141291Z This version of Architectury Loom is in beta! Please report any issues you encounter: https://github.com/architectury/architectury-loom/issues
Fabric 1.21.11 build	Build Fabric artifact	2026-08-18T15:20:22.3077985Z extension 'pkpcpbp'
Fabric 1.21.11 build	Build Fabric artifact	2026-08-18T15:20:22.4080243Z w: ⚠️ Deprecated Gradle Version
Fabric 1.21.11 build	Build Fabric artifact	2026-08-18T15:20:22.4101661Z The used Gradle version (Gradle 8.14) is deprecated and will not be supported in future Kotlin Gradle Plugin releases.
Fabric 1.21.11 build	Build Fabric artifact	2026-08-18T15:20:22.4127937Z The minimum supported Gradle version will become Gradle 8.14.4 in Kotlin 2.5.0.
Fabric 1.21.11 build	Build Fabric artifact	2026-08-18T15:20:22.4128795Z 
Fabric 1.21.11 build	Build Fabric artifact	2026-08-18T15:20:22.4129140Z This warning can be suppressed in 'gradle.properties':
Fabric 1.21.11 build	Build Fabric artifact	2026-08-18T15:20:22.4130250Z     kotlin.suppressGradlePluginWarnings=DeprecatedGradleVersionWarning
Fabric 1.21.11 build	Build Fabric artifact	2026-08-18T15:20:22.4131255Z Solution: Please update the Gradle version to at least Gradle 8.14.4.
Fabric 1.21.11 build	Build Fabric artifact	2026-08-18T15:20:22.4135251Z 
Fabric 1.21.11 build	Build Fabric artifact	2026-08-18T15:21:22.4086626Z 
Fabric 1.21.11 build	Build Fabric artifact	2026-08-18T15:21:22.4103849Z > Configure project :Common
Fabric 1.21.11 build	Build Fabric artifact	2026-08-18T15:21:22.4104741Z :remapped 8 mods (intermediary -> named) in 4s
Fabric 1.21.11 build	Build Fabric artifact	2026-08-18T15:21:22.5095930Z ModInfoExtension{modID='hexcasting', mcVersion='1.21.11', modVersion='0.12.0-devel'}
Fabric 1.21.11 build	Build Fabric artifact	2026-08-18T15:21:22.5123414Z SubprojExtension{platform='common', publish=false, cfJar=null, modrinthJar=null, cfDeps=[], modrinthDeps=[]}
Fabric 1.21.11 build	Build Fabric artifact	2026-08-18T15:21:22.5150774Z isRelease: false; do publish: false
Fabric 1.21.11 build	Build Fabric artifact	2026-08-18T15:21:22.5180525Z Expand 1.21.11 API family audit
Fabric 1.21.11 build	Build Fabric artifact	2026-08-18T15:21:22.5206226Z 
Fabric 1.21.11 build	Build Fabric artifact	2026-08-18T15:21:22.5223520Z Jar manifest for hexcasting-common-1.21.11-0.12.0-devel-dev.jar:
Fabric 1.21.11 build	Build Fabric artifact	2026-08-18T15:21:22.5250433Z   Manifest-Version : 1.0
Fabric 1.21.11 build	Build Fabric artifact	2026-08-18T15:21:22.5280402Z   Implementation-Vendor : petra-kat
Fabric 1.21.11 build	Build Fabric artifact	2026-08-18T15:21:22.5330338Z   Implementation-Title : Common
Fabric 1.21.11 build	Build Fabric artifact	2026-08-18T15:21:22.5360302Z   Specification-Version : 0.12.0-devel
Fabric 1.21.11 build	Build Fabric artifact	2026-08-18T15:21:22.5401937Z   Built-On-Minecraft : 1.21.11
Fabric 1.21.11 build	Build Fabric artifact	2026-08-18T15:21:22.5402602Z   Implementation-Version : 0.12.0-devel
Fabric 1.21.11 build	Build Fabric artifact	2026-08-18T15:21:22.5450332Z   Built-On-Java : 21.0.12+8-LTS Eclipse Adoptium
Fabric 1.21.11 build	Build Fabric artifact	2026-08-18T15:21:22.5480290Z   Specification-Title : hexcasting
Fabric 1.21.11 build	Build Fabric artifact	2026-08-18T15:21:22.5501059Z   Implementation-Timestamp : 2026-08-18T15:21:22+0000
Fabric 1.21.11 build	Build Fabric artifact	2026-08-18T15:21:22.5540266Z   Specification-Vendor : petra-kat
Fabric 1.21.11 build	Build Fabric artifact	2026-08-18T15:21:22.5570264Z   Timestamp : 1787066482426
Fabric 1.21.11 build	Build Fabric artifact	2026-08-18T15:21:24.5077545Z 
Fabric 1.21.11 build	Build Fabric artifact	2026-08-18T15:21:24.5078603Z > Configure project :Fabric
Fabric 1.21.11 build	Build Fabric artifact	2026-08-18T15:21:24.5080444Z The mixin annotation is no longer enabled by default, you should remove any loom.mixin configuration. If you wish to continue to use the mixin AP you can set useLegacyMixinAp = true.
Fabric 1.21.11 build	Build Fabric artifact	2026-08-18T15:22:19.8079322Z Mod was built with a newer version of Loom (1.14.10), you are using Loom (1.13.469)
Fabric 1.21.11 build	Build Fabric artifact	2026-08-18T15:22:19.8080143Z 
Fabric 1.21.11 build	Build Fabric artifact	2026-08-18T15:22:22.1091289Z Cannot remap lambda$updateBlockEntityTicker$9 because it does not exists in any of the targets [net/minecraft/class_2818]
Fabric 1.21.11 build	Build Fabric artifact	2026-08-18T15:22:22.1201430Z Cannot remap lambda$updateBlockEntityTicker$9 because it does not exists in any of the targets [net/minecraft/class_2818]
Fabric 1.21.11 build	Build Fabric artifact	2026-08-18T15:22:22.2078298Z Cannot remap getHeldItem because it does not exists in any of the targets [net/minecraft/class_3727]
Fabric 1.21.11 build	Build Fabric artifact	2026-08-18T15:22:22.2101144Z Cannot remap lambda$create$5 because it does not exists in any of the targets [net/minecraft/class_4246]
Fabric 1.21.11 build	Build Fabric artifact	2026-08-18T15:22:22.2137476Z Cannot remap lambda$create$8 because it does not exists in any of the targets [net/minecraft/class_4246]
Fabric 1.21.11 build	Build Fabric artifact	2026-08-18T15:22:22.2140541Z Cannot remap lambda$create$6 because it does not exists in any of the targets [net/minecraft/class_4096]
Fabric 1.21.11 build	Build Fabric artifact	2026-08-18T15:22:22.2200640Z Cannot remap lambda$create$8 because it does not exists in any of the targets [net/minecraft/class_4096]
Fabric 1.21.11 build	Build Fabric artifact	2026-08-18T15:22:22.2201818Z Cannot remap lambda$create$8 because it does not exists in any of the targets [net/minecraft/class_4096]
Fabric 1.21.11 build	Build Fabric artifact	2026-08-18T15:22:22.3079959Z Cannot remap modifiers because it does not exists in any of the targets [] or their parents.
Fabric 1.21.11 build	Build Fabric artifact	2026-08-18T15:22:22.3130811Z Cannot remap lambda$getTicker$0 because it does not exists in any of the targets [net/minecraft/class_8236]
Fabric 1.21.11 build	Build Fabric artifact	2026-08-18T15:22:22.3160758Z Cannot remap lambda$getTicker$2 because it does not exists in any of the targets [net/minecraft/class_7268]
Fabric 1.21.11 build	Build Fabric artifact	2026-08-18T15:22:22.3190920Z Cannot remap lambda$getTicker$1 because it does not exists in any of the targets [net/minecraft/class_5703]
Fabric 1.21.11 build	Build Fabric artifact	2026-08-18T15:22:24.0076859Z 
Fabric 1.21.11 build	Build Fabric artifact	2026-08-18T15:22:24.0077484Z > Configure project :Fabric
Fabric 1.21.11 build	Build Fabric artifact	2026-08-18T15:22:24.0077872Z :remapped 58 mods (intermediary -> named) in 4s
Fabric 1.21.11 build	Build Fabric artifact	2026-08-18T15:22:27.1077388Z :remapped 2 mods (intermediary -> named) in 2s
Fabric 1.21.11 build	Build Fabric artifact	2026-08-18T15:22:29.1141511Z Cannot remap method_49106 because it does not exists in any of the targets [net/minecraft/class_1263] or their parents.
Fabric 1.21.11 build	Build Fabric artifact	2026-08-18T15:22:29.1151408Z Cannot remap field_7601 because it does not exists in any of the targets [net/minecraft/class_1668] or their parents.
Fabric 1.21.11 build	Build Fabric artifact	2026-08-18T15:22:29.1243853Z Cannot remap field_7600 because it does not exists in any of the targets [net/minecraft/class_1668] or their parents.
Fabric 1.21.11 build	Build Fabric artifact	2026-08-18T15:22:29.1301322Z Cannot remap field_7599 because it does not exists in any of the targets [net/minecraft/class_1668] or their parents.
Fabric 1.21.11 build	Build Fabric artifact	2026-08-18T15:22:29.1330940Z Cannot remap field_9190 because it does not exists in any of the targets [net/minecraft/class_1927] or their parents.
Fabric 1.21.11 build	Build Fabric artifact	2026-08-18T15:22:29.1380928Z Cannot remap field_9190 because it does not exists in any of the targets [net/minecraft/class_1927] or their parents.
Fabric 1.21.11 build	Build Fabric artifact	2026-08-18T15:22:29.1450865Z Cannot remap method_7490 because it does not exists in any of the targets [net/minecraft/class_1682] or their parents.
Fabric 1.21.11 build	Build Fabric artifact	2026-08-18T15:22:29.1490854Z Cannot remap field_9190 because it does not exists in any of the targets [net/minecraft/class_1927] or their parents.
Fabric 1.21.11 build	Build Fabric artifact	2026-08-18T15:22:29.1540970Z Cannot remap method_25928 because it does not exists in any of the targets [net/minecraft/class_2487] or their parents.
Fabric 1.21.11 build	Build Fabric artifact	2026-08-18T15:22:29.1592676Z Cannot remap method_25926 because it does not exists in any of the targets [net/minecraft/class_2487] or their parents.
Fabric 1.21.11 build	Build Fabric artifact	2026-08-18T15:22:29.1630603Z Cannot remap field_11928 because it does not exists in any of the targets [net/minecraft/class_2595] or their parents.
Fabric 1.21.11 build	Build Fabric artifact	2026-08-18T15:22:29.1661029Z Cannot remap field_17583 because it does not exists in any of the targets [net/minecraft/class_3719] or their parents.
Fabric 1.21.11 build	Build Fabric artifact	2026-08-18T15:22:29.1700748Z Cannot remap method_10576 because it does not exists in any of the targets [net/minecraft/class_2487] or their parents.
Fabric 1.21.11 build	Build Fabric artifact	2026-08-18T15:22:29.1742692Z Cannot remap method_10584 because it does not exists in any of the targets [net/minecraft/class_2487] or their parents.
Fabric 1.21.11 build	Build Fabric artifact	2026-08-18T15:22:29.1790794Z Cannot remap field_7177 because it does not exists in any of the targets [net/minecraft/class_1536] or their parents.
Fabric 1.21.11 build	Build Fabric artifact	2026-08-18T15:22:29.1820671Z Cannot remap field_9190 because it does not exists in any of the targets [net/minecraft/class_1927] or their parents.
Fabric 1.21.11 build	Build Fabric artifact	2026-08-18T15:22:29.1885724Z Cannot remap field_5987 because it does not exists in any of the targets [net/minecraft/class_1297] or their parents.
Fabric 1.21.11 build	Build Fabric artifact	2026-08-18T15:22:29.1887583Z Cannot remap field_6010 because it does not exists in any of the targets [net/minecraft/class_1297] or their parents.
Fabric 1.21.11 build	Build Fabric artifact	2026-08-18T15:22:29.1940500Z Cannot remap field_6035 because it does not exists in any of the targets [net/minecraft/class_1297] or their parents.
Fabric 1.21.11 build	Build Fabric artifact	2026-08-18T15:22:29.1990794Z Cannot remap method_5812 because it does not exists in any of the targets [net/minecraft/class_1297] or their parents.
Fabric 1.21.11 build	Build Fabric artifact	2026-08-18T15:22:29.2044945Z Cannot remap method_17770 because it does not exists in any of the targets [net/minecraft/class_2680] or their parents.
Fabric 1.21.11 build	Build Fabric artifact	2026-08-18T15:22:29.2103229Z Cannot remap method_11614 because it does not exists in any of the targets [net/minecraft/class_2680] or their parents.
Fabric 1.21.11 build	Build Fabric artifact	2026-08-18T15:22:29.2130777Z Cannot remap field_3822 because it does not exists in any of the targets [net/minecraft/class_693] or their parents.
Fabric 1.21.11 build	Build Fabric artifact	2026-08-18T15:22:29.2180660Z Cannot remap method_18758 because it does not exists in any of the targets [net/minecraft/class_3231] or their parents.
Fabric 1.21.11 build	Build Fabric artifact	2026-08-18T15:22:29.2220130Z 
Fabric 1.21.11 build	Build Fabric artifact	2026-08-18T15:22:29.2270594Z Cannot remap method_3994 because it does not exists in any of the targets [net/minecraft/class_915]
Fabric 1.21.11 build	Build Fabric artifact	2026-08-18T15:22:29.2304970Z Cannot remap method_61049 because it does not exists in any of the targets [net/minecraft/class_897]
Fabric 1.21.11 build	Build Fabric artifact	2026-08-18T15:22:29.2342047Z Cannot remap method_3074 because it does not exists in any of the targets [net/minecraft/class_693]
Fabric 1.21.11 build	Build Fabric artifact	2026-08-18T15:22:29.2390643Z Cannot remap method_3232 because it does not exists in any of the targets [net/minecraft/class_759]
Fabric 1.21.11 build	Build Fabric artifact	2026-08-18T15:22:29.2430536Z Cannot remap method_5621 because it does not exists in any of the targets [net/minecraft/class_4760]
Fabric 1.21.11 build	Build Fabric artifact	2026-08-18T15:22:29.2450463Z Cannot remap <init> because it does not exists in any of the targets [net/minecraft/class_1668]
Fabric 1.21.11 build	Build Fabric artifact	2026-08-18T15:22:29.2510468Z Cannot remap method_7200 because it does not exists in any of the targets [net/minecraft/class_1642]
Fabric 1.21.11 build	Build Fabric artifact	2026-08-18T15:22:29.2570487Z Cannot remap method_5874 because it does not exists in any of the targets [net/minecraft/class_1642]
Fabric 1.21.11 build	Build Fabric artifact	2026-08-18T15:22:29.2588754Z Cannot remap method_5800 because it does not exists in any of the targets [net/minecraft/class_1646]
Fabric 1.21.11 build	Build Fabric artifact	2026-08-18T15:22:29.2590016Z Cannot remap method_5621 because it does not exists in any of the targets [net/minecraft/class_5136]
Fabric 1.21.11 build	Build Fabric artifact	2026-08-18T15:22:29.2591056Z Cannot remap method_61049 because it does not exists in any of the targets [net/minecraft/class_897]
Fabric 1.21.11 build	Build Fabric artifact	2026-08-18T15:22:29.2592179Z Cannot remap method_3926 because it does not exists in any of the targets [net/minecraft/class_897]
Fabric 1.21.11 build	Build Fabric artifact	2026-08-18T15:22:29.2593245Z Cannot remap method_33191 because it does not exists in any of the targets [net/minecraft/class_5762]
Fabric 1.21.11 build	Build Fabric artifact	2026-08-18T15:22:29.2594892Z Cannot remap method_18394 because it does not exists in any of the targets [net/minecraft/class_1606]
Fabric 1.21.11 build	Build Fabric artifact	2026-08-18T15:22:29.2595968Z Cannot remap method_6091 because it does not exists in any of the targets [net/minecraft/class_1496]
Fabric 1.21.11 build	Build Fabric artifact	2026-08-18T15:22:29.2597292Z Cannot remap method_5443 because it does not exists in any of the targets [net/minecraft/class_2609, net/minecraft/class_2589, net/minecraft/class_2621]
Fabric 1.21.11 build	Build Fabric artifact	2026-08-18T15:22:29.2598578Z Cannot remap method_31776 because it does not exists in any of the targets [net/minecraft/class_5573]
Fabric 1.21.11 build	Build Fabric artifact	2026-08-18T15:22:29.2599749Z Cannot remap method_4114 because it does not exists in any of the targets [net/minecraft/class_943]
Fabric 1.21.11 build	Build Fabric artifact	2026-08-18T15:22:29.2600680Z Cannot remap method_18074 because it does not exists in any of the targets [net/minecraft/class_1675]
Fabric 1.21.11 build	Build Fabric artifact	2026-08-18T15:22:29.2630758Z Cannot remap method_18419 because it does not exists in any of the targets [net/minecraft/class_4051]
Fabric 1.21.11 build	Build Fabric artifact	2026-08-18T15:22:29.2670438Z Cannot remap method_48472 because it does not exists in any of the targets [net/minecraft/class_490]
Fabric 1.21.11 build	Build Fabric artifact	2026-08-18T15:22:29.2700618Z Cannot remap method_48472 because it does not exists in any of the targets [net/minecraft/class_490]
Fabric 1.21.11 build	Build Fabric artifact	2026-08-18T15:22:29.2730379Z Cannot remap method_7534 because it does not exists in any of the targets [net/minecraft/class_1690]
Fabric 1.21.11 build	Build Fabric artifact	2026-08-18T15:22:29.2760367Z Cannot remap method_18382 because it does not exists in any of the targets [net/minecraft/class_1530]
Fabric 1.21.11 build	Build Fabric artifact	2026-08-18T15:22:29.2770611Z Cannot remap method_5865 because it does not exists in any of the targets [net/minecraft/class_1690]
Fabric 1.21.11 build	Build Fabric artifact	2026-08-18T15:22:29.2790060Z Cannot remap method_5865 because it does not exists in any of the targets [net/minecraft/class_1690]
Fabric 1.21.11 build	Build Fabric artifact	2026-08-18T15:22:29.2820408Z Cannot remap method_26961 because it does not exists in any of the targets [net/minecraft/class_1676]
Fabric 1.21.11 build	Build Fabric artifact	2026-08-18T15:22:29.2850400Z Cannot remap method_53511 because it does not exists in any of the targets [net/minecraft/class_1584]
Fabric 1.21.11 build	Build Fabric artifact	2026-08-18T15:22:29.2906968Z Cannot remap method_5643 because it does not exists in any of the targets [net/minecraft/class_1511]
Fabric 1.21.11 build	Build Fabric artifact	2026-08-18T15:22:29.2920591Z Cannot remap method_7534 because it does not exists in any of the targets [net/minecraft/class_1690]
Fabric 1.21.11 build	Build Fabric artifact	2026-08-18T15:22:29.2936673Z Cannot remap method_19949 because it does not exists in any of the targets [net/minecraft/class_4215]
Fabric 1.21.11 build	Build Fabric artifact	2026-08-18T15:22:29.2937838Z Cannot remap method_19949 because it does not exists in any of the targets [net/minecraft/class_4215]
Fabric 1.21.11 build	Build Fabric artifact	2026-08-18T15:22:29.2938966Z Cannot remap method_5699 because it does not exists in any of the targets [net/minecraft/class_1530]
Fabric 1.21.11 build	Build Fabric artifact	2026-08-18T15:22:29.2940167Z Cannot remap method_9548 because it does not exists in any of the targets [net/minecraft/class_2423]
Fabric 1.21.11 build	Build Fabric artifact	2026-08-18T15:22:29.2941361Z Cannot remap method_7329 because it does not exists in any of the targets [net/minecraft/class_1657]
Fabric 1.21.11 build	Build Fabric artifact	2026-08-18T15:22:29.2942589Z Cannot remap method_31765 because it does not exists in any of the targets [net/minecraft/class_5572]
Fabric 1.21.11 build	Build Fabric artifact	2026-08-18T15:22:29.2943828Z Cannot remap method_7313 because it does not exists in any of the targets [net/minecraft/class_1657]
Fabric 1.21.11 build	Build Fabric artifact	2026-08-18T15:22:29.2944968Z Cannot remap method_31762 because it does not exists in any of the targets [net/minecraft/class_5572]
Fabric 1.21.11 build	Build Fabric artifact	2026-08-18T15:22:29.2946189Z Cannot remap method_5621 because it does not exists in any of the targets [net/minecraft/class_8153]
Fabric 1.21.11 build	Build Fabric artifact	2026-08-18T15:22:29.2947196Z Cannot remap method_3956 because it does not exists in any of the targets [net/minecraft/class_898]
Fabric 1.21.11 build	Build Fabric artifact	2026-08-18T15:22:29.2948303Z Cannot remap <init> because it does not exists in any of the targets [net/minecraft/class_1542]
Fabric 1.21.11 build	Build Fabric artifact	2026-08-18T15:22:29.2949327Z Cannot remap <init> because it does not exists in any of the targets [net/minecraft/class_1927]
Fabric 1.21.11 build	Build Fabric artifact	2026-08-18T15:22:29.2950769Z Cannot remap getOverlayBlock because it does not exists in any of the targets [net/minecraft/class_4603]
Fabric 1.21.11 build	Build Fabric artifact	2026-08-18T15:22:29.2951578Z Cannot remap method_31684 because it does not exists in any of the targets [net/minecraft/class_5561]
Fabric 1.21.11 build	Build Fabric artifact	2026-08-18T15:22:29.2953580Z Cannot remap method_31685 because it does not exists in any of the targets [net/minecraft/class_5561]
Fabric 1.21.11 build	Build Fabric artifact	2026-08-18T15:22:29.2954792Z Cannot remap method_31680 because it does not exists in any of the targets [net/minecraft/class_5561]
Fabric 1.21.11 build	Build Fabric artifact	2026-08-18T15:22:29.2955823Z Cannot remap method_49999 because it does not exists in any of the targets [net/minecraft/class_8162]
Fabric 1.21.11 build	Build Fabric artifact	2026-08-18T15:22:29.2956792Z Cannot remap method_3185 because it does not exists in any of the targets [net/minecraft/class_757]
Fabric 1.21.11 build	Build Fabric artifact	2026-08-18T15:22:29.2957764Z Cannot remap method_3185 because it does not exists in any of the targets [net/minecraft/class_757]
Fabric 1.21.11 build	Build Fabric artifact	2026-08-18T15:22:29.2958778Z Cannot remap method_3185 because it does not exists in any of the targets [net/minecraft/class_757]
Fabric 1.21.11 build	Build Fabric artifact	2026-08-18T15:22:29.2960077Z Cannot remap method_18077 because it does not exists in any of the targets [net/minecraft/class_1675]
Fabric 1.21.11 build	Build Fabric artifact	2026-08-18T15:22:29.2961122Z Cannot remap method_3186 because it does not exists in any of the targets [net/minecraft/class_757]
Fabric 1.21.11 build	Build Fabric artifact	2026-08-18T15:22:29.2962135Z Cannot remap <init> because it does not exists in any of the targets [net/minecraft/class_1665]
Fabric 1.21.11 build	Build Fabric artifact	2026-08-18T15:22:29.2963143Z Cannot remap method_2904 because it does not exists in any of the targets [net/minecraft/class_636]
Fabric 1.21.11 build	Build Fabric artifact	2026-08-18T15:22:29.2964408Z Cannot remap <init> because it does not exists in any of the targets [net/minecraft/class_1927]
Fabric 1.21.11 build	Build Fabric artifact	2026-08-18T15:22:29.2965551Z Cannot remap method_5435 because it does not exists in any of the targets [net/minecraft/class_3719]
Fabric 1.21.11 build	Build Fabric artifact	2026-08-18T15:22:29.2966634Z Cannot remap method_5432 because it does not exists in any of the targets [net/minecraft/class_3719]
Fabric 1.21.11 build	Build Fabric artifact	2026-08-18T15:22:29.2967672Z Cannot remap method_3172 because it does not exists in any of the targets [net/minecraft/class_757]
Fabric 1.21.11 build	Build Fabric artifact	2026-08-18T15:22:29.2968720Z Cannot remap method_3178 because it does not exists in any of the targets [net/minecraft/class_757]
Fabric 1.21.11 build	Build Fabric artifact	2026-08-18T15:22:29.2969854Z Cannot remap method_3206 because it does not exists in any of the targets [net/minecraft/class_757]
Fabric 1.21.11 build	Build Fabric artifact	2026-08-18T15:22:29.2970906Z Cannot remap method_23206 because it does not exists in any of the targets [net/minecraft/class_1007]
Fabric 1.21.11 build	Build Fabric artifact	2026-08-18T15:22:29.2971936Z Cannot remap method_52536 because it does not exists in any of the targets [net/minecraft/class_1309]
Fabric 1.21.11 build	Build Fabric artifact	2026-08-18T15:22:29.2972951Z Cannot remap method_5865 because it does not exists in any of the targets [net/minecraft/class_7689]
Fabric 1.21.11 build	Build Fabric artifact	2026-08-18T15:22:29.2973935Z Cannot remap method_5865 because it does not exists in any of the targets [net/minecraft/class_7689]
Fabric 1.21.11 build	Build Fabric artifact	2026-08-18T15:22:29.2974951Z Cannot remap method_5865 because it does not exists in any of the targets [net/minecraft/class_7689]
Fabric 1.21.11 build	Build Fabric artifact	2026-08-18T15:22:29.2975947Z Cannot remap method_48472 because it does not exists in any of the targets [net/minecraft/class_490]
Fabric 1.21.11 build	Build Fabric artifact	2026-08-18T15:22:29.2977097Z Cannot remap method_7485 because it does not exists in any of the targets [net/minecraft/class_1682]
Fabric 1.21.11 build	Build Fabric artifact	2026-08-18T15:22:29.2978179Z Cannot remap method_12205 because it does not exists in any of the targets [net/minecraft/class_2818]
Fabric 1.21.11 build	Build Fabric artifact	2026-08-18T15:22:29.2979212Z Cannot remap method_48472 because it does not exists in any of the targets [net/minecraft/class_490]
Fabric 1.21.11 build	Build Fabric artifact	2026-08-18T15:22:29.2980290Z Cannot remap method_18029 because it does not exists in any of the targets [net/minecraft/class_2818]
Fabric 1.21.11 build	Build Fabric artifact	2026-08-18T15:22:29.2981262Z Cannot remap method_12210 because it does not exists in any of the targets [net/minecraft/class_2818]
Fabric 1.21.11 build	Build Fabric artifact	2026-08-18T15:22:29.2982207Z Cannot remap method_7500 because it does not exists in any of the targets [net/minecraft/class_1686]
Fabric 1.21.11 build	Build Fabric artifact	2026-08-18T15:22:29.2983147Z Cannot remap method_7500 because it does not exists in any of the targets [net/minecraft/class_1686]
Fabric 1.21.11 build	Build Fabric artifact	2026-08-18T15:22:29.2984092Z Cannot remap method_29242 because it does not exists in any of the targets [net/minecraft/class_1309]
Fabric 1.21.11 build	Build Fabric artifact	2026-08-18T15:22:29.2985029Z Cannot remap method_7492 because it does not exists in any of the targets [net/minecraft/class_1684]
Fabric 1.21.11 build	Build Fabric artifact	2026-08-18T15:22:29.2986185Z Cannot remap method_4073 because it does not exists in any of the targets [net/minecraft/class_927]
Fabric 1.21.11 build	Build Fabric artifact	2026-08-18T15:22:29.2987122Z Cannot remap method_4073 because it does not exists in any of the targets [net/minecraft/class_927]
Fabric 1.21.11 build	Build Fabric artifact	2026-08-18T15:22:29.2988066Z Cannot remap method_3956 because it does not exists in any of the targets [net/minecraft/class_898]
Fabric 1.21.11 build	Build Fabric artifact	2026-08-18T15:22:29.2989019Z Cannot remap method_18377 because it does not exists in any of the targets [net/minecraft/class_1531]
Fabric 1.21.11 build	Build Fabric artifact	2026-08-18T15:22:29.2990395Z Cannot remap method_23177 because it does not exists in any of the targets [net/minecraft/class_918]
Fabric 1.21.11 build	Build Fabric artifact	2026-08-18T15:22:29.2991422Z Cannot remap method_23177 because it does not exists in any of the targets [net/minecraft/class_918]
Fabric 1.21.11 build	Build Fabric artifact	2026-08-18T15:22:29.2992366Z Cannot remap method_5865 because it does not exists in any of the targets [net/minecraft/class_7689]
Fabric 1.21.11 build	Build Fabric artifact	2026-08-18T15:22:29.2993386Z Cannot remap method_5865 because it does not exists in any of the targets [net/minecraft/class_7689]
Fabric 1.21.11 build	Build Fabric artifact	2026-08-18T15:22:29.2994419Z Cannot remap method_5865 because it does not exists in any of the targets [net/minecraft/class_7689]
Fabric 1.21.11 build	Build Fabric artifact	2026-08-18T15:22:29.2995387Z Cannot remap method_17366 because it does not exists in any of the targets [net/minecraft/class_1706]
Fabric 1.21.11 build	Build Fabric artifact	2026-08-18T15:22:29.2996585Z Cannot remap method_5643 because it does not exists in any of the targets [net/minecraft/class_1309]
Fabric 1.21.11 build	Build Fabric artifact	2026-08-18T15:22:29.2997611Z Cannot remap method_3887 because it does not exists in any of the targets [net/minecraft/class_881]
Fabric 1.21.11 build	Build Fabric artifact	2026-08-18T15:22:29.2998632Z Cannot remap method_3887 because it does not exists in any of the targets [net/minecraft/class_881]
Fabric 1.21.11 build	Build Fabric artifact	2026-08-18T15:22:29.2999815Z Cannot remap method_5773 because it does not exists in any of the targets [net/minecraft/class_1690]
Fabric 1.21.11 build	Build Fabric artifact	2026-08-18T15:22:29.3000863Z Cannot remap method_23177 because it does not exists in any of the targets [net/minecraft/class_918]
Fabric 1.21.11 build	Build Fabric artifact	2026-08-18T15:22:29.3001847Z Cannot remap method_23177 because it does not exists in any of the targets [net/minecraft/class_918]
Fabric 1.21.11 build	Build Fabric artifact	2026-08-18T15:22:29.3002858Z Cannot remap method_5800 because it does not exists in any of the targets [net/minecraft/class_1452]
Fabric 1.21.11 build	Build Fabric artifact	2026-08-18T15:22:29.3003871Z Cannot remap method_6091 because it does not exists in any of the targets [net/minecraft/class_1452]
Fabric 1.21.11 build	Build Fabric artifact	2026-08-18T15:22:29.3004851Z Cannot remap <init> because it does not exists in any of the targets [net/minecraft/class_1927]
Fabric 1.21.11 build	Build Fabric artifact	2026-08-18T15:22:29.3005850Z Cannot remap method_48472 because it does not exists in any of the targets [net/minecraft/class_490]
Fabric 1.21.11 build	Build Fabric artifact	2026-08-18T15:22:29.3006863Z Cannot remap method_48472 because it does not exists in any of the targets [net/minecraft/class_490]
Fabric 1.21.11 build	Build Fabric artifact	2026-08-18T15:22:29.3007847Z Cannot remap method_7545 because it does not exists in any of the targets [net/minecraft/class_1690]
Fabric 1.21.11 build	Build Fabric artifact	2026-08-18T15:22:29.3008875Z Cannot remap method_7532 because it does not exists in any of the targets [net/minecraft/class_1690]
Fabric 1.21.11 build	Build Fabric artifact	2026-08-18T15:22:29.3009983Z Cannot remap method_7534 because it does not exists in any of the targets [net/minecraft/class_1690]
Fabric 1.21.11 build	Build Fabric artifact	2026-08-18T15:22:29.3011041Z Cannot remap method_5621 because it does not exists in any of the targets [net/minecraft/class_7689]
Fabric 1.21.11 build	Build Fabric artifact	2026-08-18T15:22:29.3012047Z Cannot remap method_5621 because it does not exists in any of the targets [net/minecraft/class_7689]
Fabric 1.21.11 build	Build Fabric artifact	2026-08-18T15:22:29.3013039Z Cannot remap method_45346 because it does not exists in any of the targets [net/minecraft/class_7689]
Fabric 1.21.11 build	Build Fabric artifact	2026-08-18T15:22:29.3014072Z Cannot remap method_45346 because it does not exists in any of the targets [net/minecraft/class_7689]
Fabric 1.21.11 build	Build Fabric artifact	2026-08-18T15:22:29.3015075Z Cannot remap method_45346 because it does not exists in any of the targets [net/minecraft/class_7689]
Fabric 1.21.11 build	Build Fabric artifact	2026-08-18T15:22:29.3016095Z Cannot remap method_45346 because it does not exists in any of the targets [net/minecraft/class_7689]
Fabric 1.21.11 build	Build Fabric artifact	2026-08-18T15:22:29.3017123Z Cannot remap method_45346 because it does not exists in any of the targets [net/minecraft/class_7689]
Fabric 1.21.11 build	Build Fabric artifact	2026-08-18T15:22:29.3018144Z Cannot remap method_45346 because it does not exists in any of the targets [net/minecraft/class_7689]
Fabric 1.21.11 build	Build Fabric artifact	2026-08-18T15:22:29.3019354Z Cannot remap <init> because it does not exists in any of the targets [net/minecraft/class_1927]
Fabric 1.21.11 build	Build Fabric artifact	2026-08-18T15:22:29.3020570Z Cannot remap method_18377 because it does not exists in any of the targets [net/minecraft/class_1657]
Fabric 1.21.11 build	Build Fabric artifact	2026-08-18T15:22:29.3021647Z Cannot remap method_18378 because it does not exists in any of the targets [net/minecraft/class_1309]
Fabric 1.21.11 build	Build Fabric artifact	2026-08-18T15:22:29.3022695Z Cannot remap method_7872 because it does not exists in any of the targets [net/minecraft/class_1792]
Fabric 1.21.11 build	Build Fabric artifact	2026-08-18T15:22:29.3023775Z Cannot remap method_18378 because it does not exists in any of the targets [net/minecraft/class_1309]
Fabric 1.21.11 build	Build Fabric artifact	2026-08-18T15:22:29.3024813Z Cannot remap method_3926 because it does not exists in any of the targets [net/minecraft/class_897]
Fabric 1.21.11 build	Build Fabric artifact	2026-08-18T15:22:29.3025869Z Cannot remap method_18074 because it does not exists in any of the targets [net/minecraft/class_1675]
Fabric 1.21.11 build	Build Fabric artifact	2026-08-18T15:22:29.3026949Z Cannot remap method_2486 because it does not exists in any of the targets [net/minecraft/class_490]
Fabric 1.21.11 build	Build Fabric artifact	2026-08-18T15:22:29.3028001Z Cannot remap method_2486 because it does not exists in any of the targets [net/minecraft/class_490]
Fabric 1.21.11 build	Build Fabric artifact	2026-08-18T15:22:29.3029061Z Cannot remap method_5643 because it does not exists in any of the targets [net/minecraft/class_1309]
Fabric 1.21.11 build	Build Fabric artifact	2026-08-18T15:22:29.3030379Z Cannot remap method_7492 because it does not exists in any of the targets [net/minecraft/class_1681]
Fabric 1.21.11 build	Build Fabric artifact	2026-08-18T15:22:29.3031446Z Cannot remap method_48472 because it does not exists in any of the targets [net/minecraft/class_490]
Fabric 1.21.11 build	Build Fabric artifact	2026-08-18T15:22:29.3032474Z Cannot remap <init> because it does not exists in any of the targets [net/minecraft/class_1665]
Fabric 1.21.11 build	Build Fabric artifact	2026-08-18T15:22:29.3033450Z Cannot remap method_48472 because it does not exists in any of the targets [net/minecraft/class_490]
Fabric 1.21.11 build	Build Fabric artifact	2026-08-18T15:22:29.3034443Z Cannot remap method_5865 because it does not exists in any of the targets [net/minecraft/class_1690]
Fabric 1.21.11 build	Build Fabric artifact	2026-08-18T15:22:29.3035476Z Cannot remap method_5643 because it does not exists in any of the targets [net/minecraft/class_1511]
Fabric 1.21.11 build	Build Fabric artifact	2026-08-18T15:22:29.3036496Z Cannot remap method_3926 because it does not exists in any of the targets [net/minecraft/class_897]
Fabric 1.21.11 build	Build Fabric artifact	2026-08-18T15:22:29.3037527Z Cannot remap method_6828 because it does not exists in any of the targets [net/minecraft/class_1510]
Fabric 1.21.11 build	Build Fabric artifact	2026-08-18T15:22:29.3038550Z Cannot remap method_3923 because it does not exists in any of the targets [net/minecraft/class_897]
Fabric 1.21.11 build	Build Fabric artifact	2026-08-18T15:22:29.3039556Z Cannot remap method_3939 because it does not exists in any of the targets [net/minecraft/class_897]
Fabric 1.21.11 build	Build Fabric artifact	2026-08-18T15:22:29.3041672Z Cannot remap method_5678 because it does not exists in any of the targets [net/minecraft/class_1531, net/minecraft/class_1547, net/minecraft/class_1559, net/minecraft/class_3732, net/minecraft/class_1614, net/minecraft/class_1642, net/minecraft/class_1429, net/minecraft/class_1657]
Fabric 1.21.11 build	Build Fabric artifact	2026-08-18T15:22:29.3043882Z Cannot remap method_5992 because it does not exists in any of the targets [net/minecraft/class_1642]
Fabric 1.21.11 build	Build Fabric artifact	2026-08-18T15:22:29.3044932Z Cannot remap method_5865 because it does not exists in any of the targets [net/minecraft/class_1501]
Fabric 1.21.11 build	Build Fabric artifact	2026-08-18T15:22:29.3046111Z Cannot remap method_5621 because it does not exists in any of the targets [net/minecraft/class_1690, net/minecraft/class_1584]
Fabric 1.21.11 build	Build Fabric artifact	2026-08-18T15:22:29.3047523Z Cannot remap method_5443 because it does not exists in any of the targets [net/minecraft/class_2609, net/minecraft/class_2589, net/minecraft/class_2621]
Fabric 1.21.11 build	Build Fabric artifact	2026-08-18T15:22:29.3049097Z Cannot remap method_5443 because it does not exists in any of the targets [net/minecraft/class_2609, net/minecraft/class_2589, net/minecraft/class_2621]
Fabric 1.21.11 build	Build Fabric artifact	2026-08-18T15:22:29.3050857Z Cannot remap method_5443 because it does not exists in any of the targets [net/minecraft/class_2609, net/minecraft/class_2589, net/minecraft/class_2621]
Fabric 1.21.11 build	Build Fabric artifact	2026-08-18T15:22:29.3052426Z Cannot remap method_3926 because it does not exists in any of the targets [net/minecraft/class_897]
Fabric 1.21.11 build	Build Fabric artifact	2026-08-18T15:22:29.3053465Z Cannot remap method_42280 because it does not exists in any of the targets [net/minecraft/class_7264]
Fabric 1.21.11 build	Build Fabric artifact	2026-08-18T15:22:29.3054729Z Cannot remap method_22973 because it does not exists in any of the targets [net/minecraft/class_757]
Fabric 1.21.11 build	Build Fabric artifact	2026-08-18T15:22:29.3055754Z Cannot remap method_5621 because it does not exists in any of the targets [net/minecraft/class_1506]
Fabric 1.21.11 build	Build Fabric artifact	2026-08-18T15:22:29.3056828Z Cannot remap method_53511 because it does not exists in any of the targets [net/minecraft/class_1308]
Fabric 1.21.11 build	Build Fabric artifact	2026-08-18T15:22:29.3057825Z Cannot remap method_3954 because it does not exists in any of the targets [net/minecraft/class_898]
Fabric 1.21.11 build	Build Fabric artifact	2026-08-18T15:22:29.3058862Z Cannot remap method_3954 because it does not exists in any of the targets [net/minecraft/class_898]
Fabric 1.21.11 build	Build Fabric artifact	2026-08-18T15:22:29.3059959Z Cannot remap method_3954 because it does not exists in any of the targets [net/minecraft/class_898]
Fabric 1.21.11 build	Build Fabric artifact	2026-08-18T15:22:29.3061004Z Cannot remap method_4016 because it does not exists in any of the targets [net/minecraft/class_918]
Fabric 1.21.11 build	Build Fabric artifact	2026-08-18T15:22:29.3062024Z Cannot remap <init> because it does not exists in any of the targets [net/minecraft/class_1682]
Fabric 1.21.11 build	Build Fabric artifact	2026-08-18T15:22:29.3063050Z Cannot remap method_4016 because it does not exists in any of the targets [net/minecraft/class_918]
Fabric 1.21.11 build	Build Fabric artifact	2026-08-18T15:22:29.3064100Z Cannot remap method_7498 because it does not exists in any of the targets [net/minecraft/class_1686]
Fabric 1.21.11 build	Build Fabric artifact	2026-08-18T15:22:29.3065341Z Cannot remap method_7498 because it does not exists in any of the targets [net/minecraft/class_1686]
Fabric 1.21.11 build	Build Fabric artifact	2026-08-18T15:22:29.3066448Z Cannot remap method_7498 because it does not exists in any of the targets [net/minecraft/class_1686]
Fabric 1.21.11 build	Build Fabric artifact	2026-08-18T15:22:29.3067470Z Cannot remap method_7497 because it does not exists in any of the targets [net/minecraft/class_1686]
Fabric 1.21.11 build	Build Fabric artifact	2026-08-18T15:22:29.3068568Z Cannot remap method_7497 because it does not exists in any of the targets [net/minecraft/class_1686]
Fabric 1.21.11 build	Build Fabric artifact	2026-08-18T15:22:29.3069717Z Cannot remap method_7497 because it does not exists in any of the targets [net/minecraft/class_1686]
Fabric 1.21.11 build	Build Fabric artifact	2026-08-18T15:22:29.3070799Z Cannot remap method_5621 because it does not exists in any of the targets [net/minecraft/class_1492]
Fabric 1.21.11 build	Build Fabric artifact	2026-08-18T15:22:29.3071857Z Cannot remap method_3956 because it does not exists in any of the targets [net/minecraft/class_898]
Fabric 1.21.11 build	Build Fabric artifact	2026-08-18T15:22:29.3072916Z Cannot remap method_5443 because it does not exists in any of the targets [net/minecraft/class_7264]
Fabric 1.21.11 build	Build Fabric artifact	2026-08-18T15:22:29.3073982Z Cannot remap method_18377 because it does not exists in any of the targets [net/minecraft/class_7689]
Fabric 1.21.11 build	Build Fabric artifact	2026-08-18T15:22:29.3075050Z Cannot remap method_5865 because it does not exists in any of the targets [net/minecraft/class_1690]
Fabric 1.21.11 build	Build Fabric artifact	2026-08-18T15:22:29.3076091Z Cannot remap method_5865 because it does not exists in any of the targets [net/minecraft/class_1690]
Fabric 1.21.11 build	Build Fabric artifact	2026-08-18T15:22:29.3077165Z Cannot remap method_5651 because it does not exists in any of the targets [net/minecraft/class_1297]
Fabric 1.21.11 build	Build Fabric artifact	2026-08-18T15:22:29.3078197Z Cannot remap method_6121 because it does not exists in any of the targets [net/minecraft/class_1308]
Fabric 1.21.11 build	Build Fabric artifact	2026-08-18T15:22:29.3079283Z Cannot remap method_5647 because it does not exists in any of the targets [net/minecraft/class_1297]
Fabric 1.21.11 build	Build Fabric artifact	2026-08-18T15:22:29.3080539Z Cannot remap method_5992 because it does not exists in any of the targets [net/minecraft/class_1296]
Fabric 1.21.11 build	Build Fabric artifact	2026-08-18T15:22:29.3081620Z Cannot remap method_5435 because it does not exists in any of the targets [net/minecraft/class_2595]
Fabric 1.21.11 build	Build Fabric artifact	2026-08-18T15:22:29.3082662Z Cannot remap method_5432 because it does not exists in any of the targets [net/minecraft/class_2595]
Fabric 1.21.11 build	Build Fabric artifact	2026-08-18T15:22:29.3083758Z Cannot remap method_17765 because it does not exists in any of the targets [net/minecraft/class_2595]
Fabric 1.21.11 build	Build Fabric artifact	2026-08-18T15:22:29.3084820Z Cannot remap method_3074 because it does not exists in any of the targets [net/minecraft/class_693]
Fabric 1.21.11 build	Build Fabric artifact	2026-08-18T15:22:29.3085908Z Cannot remap method_7597 because it does not exists in any of the targets [net/minecraft/class_1724]
Fabric 1.21.11 build	Build Fabric artifact	2026-08-18T15:22:29.3086970Z Cannot remap method_5699 because it does not exists in any of the targets [net/minecraft/class_1297]
Fabric 1.21.11 build	Build Fabric artifact	2026-08-18T15:22:29.3088291Z Cannot remap method_5865 because it does not exists in any of the targets [net/minecraft/class_1501]
Fabric 1.21.11 build	Build Fabric artifact	2026-08-18T15:22:29.3089372Z Cannot remap method_18970 because it does not exists in any of the targets [net/minecraft/class_4111]
Fabric 1.21.11 build	Build Fabric artifact	2026-08-18T15:22:29.3090563Z Cannot remap method_23177 because it does not exists in any of the targets [net/minecraft/class_918]
Fabric 1.21.11 build	Build Fabric artifact	2026-08-18T15:22:29.3091667Z Cannot remap method_23177 because it does not exists in any of the targets [net/minecraft/class_918]
Fabric 1.21.11 build	Build Fabric artifact	2026-08-18T15:22:29.3092746Z Cannot remap method_5773 because it does not exists in any of the targets [net/minecraft/class_1530]
Fabric 1.21.11 build	Build Fabric artifact	2026-08-18T15:22:29.3093848Z Cannot remap method_33332 because it does not exists in any of the targets [net/minecraft/class_1606]
Fabric 1.21.11 build	Build Fabric artifact	2026-08-18T15:22:29.3094916Z Cannot remap method_3954 because it does not exists in any of the targets [net/minecraft/class_898]
Fabric 1.21.11 build	Build Fabric artifact	2026-08-18T15:22:29.3095982Z Cannot remap method_3954 because it does not exists in any of the targets [net/minecraft/class_898]
Fabric 1.21.11 build	Build Fabric artifact	2026-08-18T15:22:29.3097039Z Cannot remap method_3956 because it does not exists in any of the targets [net/minecraft/class_898]
Fabric 1.21.11 build	Build Fabric artifact	2026-08-18T15:22:29.3098114Z Cannot remap method_17366 because it does not exists in any of the targets [net/minecraft/class_1706]
Fabric 1.21.11 build	Build Fabric artifact	2026-08-18T15:22:29.3099368Z Cannot remap method_17366 because it does not exists in any of the targets [net/minecraft/class_1706]
Fabric 1.21.11 build	Build Fabric artifact	2026-08-18T15:22:29.3100537Z Cannot remap method_17366 because it does not exists in any of the targets [net/minecraft/class_1706]
Fabric 1.21.11 build	Build Fabric artifact	2026-08-18T15:22:29.3101642Z Cannot remap method_29243 because it does not exists in any of the targets [net/minecraft/class_1308]
Fabric 1.21.11 build	Build Fabric artifact	2026-08-18T15:22:29.3102728Z Cannot remap method_23163 because it does not exists in any of the targets [net/minecraft/class_898]
Fabric 1.21.11 build	Build Fabric artifact	2026-08-18T15:22:29.3103809Z Cannot remap method_3956 because it does not exists in any of the targets [net/minecraft/class_898]
Fabric 1.21.11 build	Build Fabric artifact	2026-08-18T15:22:29.3104870Z Cannot remap method_7498 because it does not exists in any of the targets [net/minecraft/class_1686]
Fabric 1.21.11 build	Build Fabric artifact	2026-08-18T15:22:29.3105965Z Cannot remap method_7498 because it does not exists in any of the targets [net/minecraft/class_1686]
Fabric 1.21.11 build	Build Fabric artifact	2026-08-18T15:22:29.3107016Z Cannot remap method_7498 because it does not exists in any of the targets [net/minecraft/class_1686]
Fabric 1.21.11 build	Build Fabric artifact	2026-08-18T15:22:29.3108103Z Cannot remap method_7497 because it does not exists in any of the targets [net/minecraft/class_1686]
Fabric 1.21.11 build	Build Fabric artifact	2026-08-18T15:22:29.3109182Z Cannot remap method_7497 because it does not exists in any of the targets [net/minecraft/class_1686]
Fabric 1.21.11 build	Build Fabric artifact	2026-08-18T15:22:29.3110394Z Cannot remap method_7497 because it does not exists in any of the targets [net/minecraft/class_1686]
Fabric 1.21.11 build	Build Fabric artifact	2026-08-18T15:22:29.3111501Z Cannot remap method_4073 because it does not exists in any of the targets [net/minecraft/class_927]
Fabric 1.21.11 build	Build Fabric artifact	2026-08-18T15:22:29.3112577Z Cannot remap method_4073 because it does not exists in any of the targets [net/minecraft/class_927]
Fabric 1.21.11 build	Build Fabric artifact	2026-08-18T15:22:29.3113621Z Cannot remap method_7469 because it does not exists in any of the targets [net/minecraft/class_1674]
Fabric 1.21.11 build	Build Fabric artifact	2026-08-18T15:22:29.3114695Z Cannot remap method_5643 because it does not exists in any of the targets [net/minecraft/class_1511]
Fabric 1.21.11 build	Build Fabric artifact	2026-08-18T15:22:29.3115770Z Cannot remap method_3926 because it does not exists in any of the targets [net/minecraft/class_897]
Fabric 1.21.11 build	Build Fabric artifact	2026-08-18T15:22:31.1078210Z 
Fabric 1.21.11 build	Build Fabric artifact	2026-08-18T15:22:31.1079242Z > Configure project :Fabric
Fabric 1.21.11 build	Build Fabric artifact	2026-08-18T15:22:31.1080261Z :remapped 3 mods (intermediary -> named) in 2s
Fabric 1.21.11 build	Build Fabric artifact	2026-08-18T15:22:32.6079797Z :remapped 1 mods (intermediary -> named) in 2s
Fabric 1.21.11 build	Build Fabric artifact	2026-08-18T15:22:35.8077903Z :remapped 52 mods (intermediary -> named) in 3s
Fabric 1.21.11 build	Build Fabric artifact	2026-08-18T15:22:36.0083665Z ModInfoExtension{modID='hexcasting', mcVersion='1.21.11', modVersion='0.12.0-devel'}
Fabric 1.21.11 build	Build Fabric artifact	2026-08-18T15:22:36.0113817Z SubprojExtension{platform='fabric', publish=true, cfJar=task ':Fabric:remapJar' property 'archiveFile', modrinthJar=task ':Fabric:remapJar' property 'archiveFile', cfDeps=[paucal, patchouli, fabric-language-kotlin, inline, cloth-config, cardinal-components-api, fabric-api], modrinthDeps=[paucal:0.7.1-noelle+1.21.1-fabric, patchouli:1.21.1-92-fabric, fabric-language-kotlin:1.9.4+kotlin.1.8.21, inline:1.21.1-1.2.2-fabric, cloth-config:21.11.153+fabric, cardinal-components-api:7.3.2, fabric-api:0.141.6+1.21.11]}
Fabric 1.21.11 build	Build Fabric artifact	2026-08-18T15:22:36.0140563Z isRelease: false; do publish: true
Fabric 1.21.11 build	Build Fabric artifact	2026-08-18T15:22:36.0145496Z Expand 1.21.11 API family audit
Fabric 1.21.11 build	Build Fabric artifact	2026-08-18T15:22:36.0170084Z 
Fabric 1.21.11 build	Build Fabric artifact	2026-08-18T15:22:36.0200570Z Jar manifest for hexcasting-fabric-1.21.11-0.12.0-devel-dev.jar:
Fabric 1.21.11 build	Build Fabric artifact	2026-08-18T15:22:36.0230367Z   Manifest-Version : 1.0
Fabric 1.21.11 build	Build Fabric artifact	2026-08-18T15:22:36.0231428Z   Implementation-Vendor : petra-kat
Fabric 1.21.11 build	Build Fabric artifact	2026-08-18T15:22:36.0280861Z   Implementation-Title : Fabric
Fabric 1.21.11 build	Build Fabric artifact	2026-08-18T15:22:36.0282912Z   Specification-Version : 0.12.0-devel
Fabric 1.21.11 build	Build Fabric artifact	2026-08-18T15:22:36.0307604Z   Built-On-Minecraft : 1.21.11
Fabric 1.21.11 build	Build Fabric artifact	2026-08-18T15:22:36.0330330Z   Implementation-Version : 0.12.0-devel
Fabric 1.21.11 build	Build Fabric artifact	2026-08-18T15:22:36.0330898Z   Built-On-Java : 21.0.12+8-LTS Eclipse Adoptium
Fabric 1.21.11 build	Build Fabric artifact	2026-08-18T15:22:36.0331385Z   Specification-Title : hexcasting
Fabric 1.21.11 build	Build Fabric artifact	2026-08-18T15:22:36.0331918Z   Implementation-Timestamp : 2026-08-18T15:22:35+0000
Fabric 1.21.11 build	Build Fabric artifact	2026-08-18T15:22:36.0360360Z   Specification-Vendor : petra-kat
Fabric 1.21.11 build	Build Fabric artifact	2026-08-18T15:22:36.0362780Z   Timestamp : 1787066555933
Fabric 1.21.11 build	Build Fabric artifact	2026-08-18T15:22:37.3076796Z 
Fabric 1.21.11 build	Build Fabric artifact	2026-08-18T15:22:37.3101276Z > Task :Common:checkKotlinGradlePluginConfigurationErrors SKIPPED
Fabric 1.21.11 build	Build Fabric artifact	2026-08-18T15:22:37.3130666Z > Task :Fabric:exportClasspath
Fabric 1.21.11 build	Build Fabric artifact	2026-08-18T15:23:07.3077109Z > Task :Common:compileKotlin
Fabric 1.21.11 build	Build Fabric artifact	2026-08-18T15:23:17.3081582Z > Task :Common:processResources
Fabric 1.21.11 build	Build Fabric artifact	2026-08-18T15:23:17.3124560Z > Task :Fabric:checkKotlinGradlePluginConfigurationErrors SKIPPED
Fabric 1.21.11 build	Build Fabric artifact	2026-08-18T15:23:18.6190957Z > Task :Fabric:processResources
Fabric 1.21.11 build	Build Fabric artifact	2026-08-18T15:23:18.9080515Z > Task :Fabric:processIncludeJars
Fabric 1.21.11 build	Build Fabric artifact	2026-08-18T15:23:19.1091116Z > Task :Fabric:sourcesJar
Fabric 1.21.11 build	Build Fabric artifact	2026-08-18T15:23:19.1120638Z > Task :Common:exportClasspath
Fabric 1.21.11 build	Build Fabric artifact	2026-08-18T15:23:19.1150560Z > Task :Fabric:processTestResources NO-SOURCE
Fabric 1.21.11 build	Build Fabric artifact	2026-08-18T15:23:19.8076993Z > Task :Fabric:validateAccessWidener
Fabric 1.21.11 build	Build Fabric artifact	2026-08-18T15:23:41.5100320Z 
Fabric 1.21.11 build	Build Fabric artifact	2026-08-18T15:23:41.5101579Z > Task :Common:compileKotlin
Fabric 1.21.11 build	Build Fabric artifact	2026-08-18T15:23:41.5131638Z w: file:///home/runner/work/Redliner101/Redliner101/Common/src/main/java/at/petrak/hexcasting/api/casting/arithmetic/operator/Operator.kt:38:25 Unchecked cast of 'Iota' to 'T (of fun <T : Iota?> downcast)'.
Fabric 1.21.11 build	Build Fabric artifact	2026-08-18T15:23:41.5152009Z w: file:///home/runner/work/Redliner101/Redliner101/Common/src/main/java/at/petrak/hexcasting/api/casting/mishaps/MishapAlreadyBrainswept.kt:15:26 The corresponding parameter in the supertype 'Mishap' is named 'env'. This may cause problems when calling this function with named arguments.
Fabric 1.21.11 build	Build Fabric artifact	2026-08-18T15:23:41.5191723Z w: file:///home/runner/work/Redliner101/Redliner101/Common/src/main/java/at/petrak/hexcasting/api/casting/mishaps/MishapAlreadyBrainswept.kt:16:13 'fun hurt(damageSource: DamageSource, f: Float): Unit' is deprecated. Deprecated in Java.
Fabric 1.21.11 build	Build Fabric artifact	2026-08-18T15:23:41.5201790Z w: file:///home/runner/work/Redliner101/Redliner101/Common/src/main/java/at/petrak/hexcasting/api/casting/mishaps/MishapBadBlock.kt:18:26 The corresponding parameter in the supertype 'Mishap' is named 'env'. This may cause problems when calling this function with named arguments.
Fabric 1.21.11 build	Build Fabric artifact	2026-08-18T15:23:41.5222435Z w: file:///home/runner/work/Redliner101/Redliner101/Common/src/main/java/at/petrak/hexcasting/api/casting/mishaps/MishapBadBrainsweep.kt:17:26 The corresponding parameter in the supertype 'Mishap' is named 'env'. This may cause problems when calling this function with named arguments.
Fabric 1.21.11 build	Build Fabric artifact	2026-08-18T15:23:41.5253842Z w: file:///home/runner/work/Redliner101/Redliner101/Common/src/main/java/at/petrak/hexcasting/api/casting/mishaps/MishapBadEntity.kt:22:57 Elvis operator (?:) always returns the left operand of non-nullable type 'Component'.
Fabric 1.21.11 build	Build Fabric artifact	2026-08-18T15:23:41.5281042Z w: file:///home/runner/work/Redliner101/Redliner101/Common/src/main/java/at/petrak/hexcasting/api/casting/mishaps/MishapEntityTooFarAway.kt:20:53 Elvis operator (?:) always returns the left operand of non-nullable type 'Component'.
Fabric 1.21.11 build	Build Fabric artifact	2026-08-18T15:23:41.5321323Z w: file:///home/runner/work/Redliner101/Redliner101/Common/src/main/java/at/petrak/hexcasting/api/casting/mishaps/MishapImmuneEntity.kt:19:52 Elvis operator (?:) always returns the left operand of non-nullable type 'Component'.
Fabric 1.21.11 build	Build Fabric artifact	2026-08-18T15:23:41.5351409Z w: file:///home/runner/work/Redliner101/Redliner101/Common/src/main/java/at/petrak/hexcasting/api/casting/mishaps/MishapOthersName.kt:18:26 The corresponding parameter in the supertype 'Mishap' is named 'env'. This may cause problems when calling this function with named arguments.
Fabric 1.21.11 build	Build Fabric artifact	2026-08-18T15:23:41.5380782Z w: file:///home/runner/work/Redliner101/Redliner101/Common/src/main/java/at/petrak/hexcasting/client/gui/GuiSpellcasting.kt:68:27 Unnecessary safe call on a non-null receiver of type 'Minecraft'.
Fabric 1.21.11 build	Build Fabric artifact	2026-08-18T15:23:41.5411647Z w: file:///home/runner/work/Redliner101/Redliner101/Common/src/main/java/at/petrak/hexcasting/common/casting/actions/circles/OpImpetusDir.kt:17:44 The corresponding parameter in the supertype 'ConstMediaAction' is named 'env'. This may cause problems when calling this function with named arguments.
Fabric 1.21.11 build	Build Fabric artifact	2026-08-18T15:23:41.5441678Z w: file:///home/runner/work/Redliner101/Redliner101/Common/src/main/java/at/petrak/hexcasting/common/casting/actions/circles/OpImpetusPos.kt:13:44 The corresponding parameter in the supertype 'ConstMediaAction' is named 'env'. This may cause problems when calling this function with named arguments.
Fabric 1.21.11 build	Build Fabric artifact	2026-08-18T15:23:41.5471757Z w: file:///home/runner/work/Redliner101/Redliner101/Common/src/main/java/at/petrak/hexcasting/common/casting/actions/selectors/OpGetCaster.kt:11:44 The corresponding parameter in the supertype 'ConstMediaAction' is named 'env'. This may cause problems when calling this function with named arguments.
Fabric 1.21.11 build	Build Fabric artifact	2026-08-18T15:23:41.5500933Z w: file:///home/runner/work/Redliner101/Redliner101/Common/src/main/java/at/petrak/hexcasting/common/casting/actions/spells/OpFlight.kt:114:69 No cast needed.
Fabric 1.21.11 build	Build Fabric artifact	2026-08-18T15:23:41.5530911Z w: file:///home/runner/work/Redliner101/Redliner101/Common/src/main/java/at/petrak/hexcasting/common/casting/actions/spells/OpFlight.kt:115:69 No cast needed.
Fabric 1.21.11 build	Build Fabric artifact	2026-08-18T15:23:41.5554968Z w: file:///home/runner/work/Redliner101/Redliner101/Common/src/main/java/at/petrak/hexcasting/common/casting/actions/spells/OpFlight.kt:144:57 No cast needed.
Fabric 1.21.11 build	Build Fabric artifact	2026-08-18T15:23:41.5581513Z w: file:///home/runner/work/Redliner101/Redliner101/Common/src/main/java/at/petrak/hexcasting/common/casting/actions/spells/OpFlight.kt:147:57 No cast needed.
Fabric 1.21.11 build	Build Fabric artifact	2026-08-18T15:23:41.5611066Z w: file:///home/runner/work/Redliner101/Redliner101/Common/src/main/java/at/petrak/hexcasting/common/casting/actions/spells/OpFlight.kt:149:57 No cast needed.
Fabric 1.21.11 build	Build Fabric artifact	2026-08-18T15:23:41.5632317Z w: file:///home/runner/work/Redliner101/Redliner101/Common/src/main/java/at/petrak/hexcasting/common/casting/actions/spells/OpFlight.kt:158:61 No cast needed.
Fabric 1.21.11 build	Build Fabric artifact	2026-08-18T15:23:41.5633696Z w: file:///home/runner/work/Redliner101/Redliner101/Common/src/main/java/at/petrak/hexcasting/common/casting/actions/spells/OpFlight.kt:160:61 No cast needed.
Fabric 1.21.11 build	Build Fabric artifact	2026-08-18T15:23:41.5634985Z w: file:///home/runner/work/Redliner101/Redliner101/Common/src/main/java/at/petrak/hexcasting/common/casting/actions/spells/great/OpAltiora.kt:63:53 No cast needed.
Fabric 1.21.11 build	Build Fabric artifact	2026-08-18T15:23:48.1092049Z /home/runner/work/Redliner101/Redliner101/Common/src/main/java/at/petrak/hexcasting/client/RegisterClientStuff.java:292: error: cannot find symbol
Fabric 1.21.11 build	Build Fabric artifact	2026-08-18T15:23:48.1093221Z 
Fabric 1.21.11 build	Build Fabric artifact	2026-08-18T15:23:48.1093978Z > Task :Common:compileJava
Fabric 1.21.11 build	Build Fabric artifact	2026-08-18T15:23:48.1104205Z     public static void onModelBake(ModelBakery loader, Map<Identifier, BlockStateModel> map) {
Fabric 1.21.11 build	Build Fabric artifact	2026-08-18T15:23:48.1130841Z                                    ^
Fabric 1.21.11 build	Build Fabric artifact	2026-08-18T15:23:48.1140556Z   symbol:   class ModelBakery
Fabric 1.21.11 build	Build Fabric artifact	2026-08-18T15:23:48.1150833Z   location: class RegisterClientStuff
Fabric 1.21.11 build	Build Fabric artifact	2026-08-18T15:23:48.3077826Z /home/runner/work/Redliner101/Redliner101/Common/src/main/java/at/petrak/hexcasting/common/blocks/BlockConjuredLight.java:66: error: cannot find symbol
Fabric 1.21.11 build	Build Fabric artifact	2026-08-18T15:23:48.3079924Z         @Nonnull BlockState facingState, @Nonnull RandomSource random) {
Fabric 1.21.11 build	Build Fabric artifact	2026-08-18T15:23:48.3081376Z                                                   ^
Fabric 1.21.11 build	Build Fabric artifact	2026-08-18T15:23:48.3082182Z   symbol:   class RandomSource
Fabric 1.21.11 build	Build Fabric artifact	2026-08-18T15:23:48.3082964Z   location: class BlockConjuredLight
Fabric 1.21.11 build	Build Fabric artifact	2026-08-18T15:23:48.4077577Z /home/runner/work/Redliner101/Redliner101/Common/src/main/java/at/petrak/hexcasting/common/blocks/circles/BlockSlate.java:207: error: cannot find symbol
Fabric 1.21.11 build	Build Fabric artifact	2026-08-18T15:23:48.4087724Z         BlockPos pCurrentPos, Direction pFacing, BlockPos pFacingPos, BlockState pFacingState, RandomSource pRandom) {
Fabric 1.21.11 build	Build Fabric artifact	2026-08-18T15:23:48.4089188Z                                                                                                ^
Fabric 1.21.11 build	Build Fabric artifact	2026-08-18T15:23:48.4091986Z   symbol:   class RandomSource
Fabric 1.21.11 build	Build Fabric artifact	2026-08-18T15:23:48.4092764Z   location: class BlockSlate
Fabric 1.21.11 build	Build Fabric artifact	2026-08-18T15:23:48.4094001Z /home/runner/work/Redliner101/Redliner101/Common/src/main/java/at/petrak/hexcasting/common/lib/HexFeatureConfigs.java:5: error: cannot find symbol
Fabric 1.21.11 build	Build Fabric artifact	2026-08-18T15:23:48.4095679Z import net.minecraft.util.random.SimpleWeightedRandomList;
Fabric 1.21.11 build	Build Fabric artifact	2026-08-18T15:23:48.4096566Z                                 ^
Fabric 1.21.11 build	Build Fabric artifact	2026-08-18T15:23:48.4097387Z   symbol:   class SimpleWeightedRandomList
Fabric 1.21.11 build	Build Fabric artifact	2026-08-18T15:23:48.4098394Z   location: package net.minecraft.util.random
Fabric 1.21.11 build	Build Fabric artifact	2026-08-18T15:23:48.5078502Z /home/runner/work/Redliner101/Redliner101/Common/src/main/java/at/petrak/hexcasting/datagen/recipe/builders/CompatIngredientValue.java:12: error: cannot find symbol
Fabric 1.21.11 build	Build Fabric artifact	2026-08-18T15:23:48.5105769Z public class CompatIngredientValue implements Ingredient.Value {
Fabric 1.21.11 build	Build Fabric artifact	2026-08-18T15:23:48.5111090Z                                                         ^
Fabric 1.21.11 build	Build Fabric artifact	2026-08-18T15:23:48.5117944Z   symbol:   class Value
Fabric 1.21.11 build	Build Fabric artifact	2026-08-18T15:23:48.5118746Z   location: class Ingredient
Fabric 1.21.11 build	Build Fabric artifact	2026-08-18T15:23:48.5120221Z /home/runner/work/Redliner101/Redliner101/Common/src/main/java/at/petrak/hexcasting/datagen/tag/HexItemTagProvider.java:9: error: cannot find symbol
Fabric 1.21.11 build	Build Fabric artifact	2026-08-18T15:23:48.5121569Z import net.minecraft.data.tags.ItemTagsProvider;
Fabric 1.21.11 build	Build Fabric artifact	2026-08-18T15:23:48.5122268Z                               ^
Fabric 1.21.11 build	Build Fabric artifact	2026-08-18T15:23:48.5122953Z   symbol:   class ItemTagsProvider
Fabric 1.21.11 build	Build Fabric artifact	2026-08-18T15:23:48.5123637Z   location: package net.minecraft.data.tags
Fabric 1.21.11 build	Build Fabric artifact	2026-08-18T15:23:48.5124908Z /home/runner/work/Redliner101/Redliner101/Common/src/main/java/at/petrak/hexcasting/datagen/tag/HexItemTagProvider.java:18: error: cannot find symbol
Fabric 1.21.11 build	Build Fabric artifact	2026-08-18T15:23:48.5126248Z public class HexItemTagProvider extends ItemTagsProvider {
Fabric 1.21.11 build	Build Fabric artifact	2026-08-18T15:23:48.5127023Z                                         ^
Fabric 1.21.11 build	Build Fabric artifact	2026-08-18T15:23:48.5127715Z   symbol: class ItemTagsProvider
Fabric 1.21.11 build	Build Fabric artifact	2026-08-18T15:23:48.5128924Z /home/runner/work/Redliner101/Redliner101/Common/src/main/java/at/petrak/hexcasting/datagen/tag/HexItemTagProvider.java:21: error: cannot find symbol
Fabric 1.21.11 build	Build Fabric artifact	2026-08-18T15:23:48.5131269Z     public HexItemTagProvider(PackOutput output, CompletableFuture<HolderLookup.Provider> lookup, CompletableFuture<TagLookup<Block>> pBlockTagsProvider, IXplatTags xtags) {
Fabric 1.21.11 build	Build Fabric artifact	2026-08-18T15:23:48.5132750Z                                                                                                                     ^
Fabric 1.21.11 build	Build Fabric artifact	2026-08-18T15:23:48.5137915Z   symbol:   class TagLookup
Fabric 1.21.11 build	Build Fabric artifact	2026-08-18T15:23:48.5138592Z   location: class HexItemTagProvider
Fabric 1.21.11 build	Build Fabric artifact	2026-08-18T15:23:48.5140033Z /home/runner/work/Redliner101/Redliner101/Common/src/main/java/at/petrak/hexcasting/datagen/tag/HexItemTagProvider.java:73: error: cannot find symbol
Fabric 1.21.11 build	Build Fabric artifact	2026-08-18T15:23:48.5141353Z     void add(TagAppender<Item> appender, Item... items) {
Fabric 1.21.11 build	Build Fabric artifact	2026-08-18T15:23:48.5142022Z              ^
Fabric 1.21.11 build	Build Fabric artifact	2026-08-18T15:23:48.5142573Z   symbol:   class TagAppender
Fabric 1.21.11 build	Build Fabric artifact	2026-08-18T15:23:48.5143263Z   location: class HexItemTagProvider
Fabric 1.21.11 build	Build Fabric artifact	2026-08-18T15:23:48.5144518Z /home/runner/work/Redliner101/Redliner101/Common/src/main/java/at/petrak/hexcasting/datagen/tag/HexBlockTagProvider.java:147: error: cannot find symbol
Fabric 1.21.11 build	Build Fabric artifact	2026-08-18T15:23:48.5145939Z     void add(TagsProvider.TagAppender<Block> appender, Block... blocks) {
Fabric 1.21.11 build	Build Fabric artifact	2026-08-18T15:23:48.5146713Z                          ^
Fabric 1.21.11 build	Build Fabric artifact	2026-08-18T15:23:48.5147288Z   symbol:   class TagAppender
Fabric 1.21.11 build	Build Fabric artifact	2026-08-18T15:23:48.5148346Z   location: class TagsProvider
Fabric 1.21.11 build	Build Fabric artifact	2026-08-18T15:23:49.3082810Z /home/runner/work/Redliner101/Redliner101/Common/src/main/java/at/petrak/hexcasting/common/msgs/MsgNewSpellPatternS2C.java:41: error: cannot find symbol
Fabric 1.21.11 build	Build Fabric artifact	2026-08-18T15:23:49.3084650Z                     mc.getSoundManager().stop(HexSounds.CASTING_AMBIANCE.getLocation(), null);
Fabric 1.21.11 build	Build Fabric artifact	2026-08-18T15:23:49.3085865Z                                                                         ^
Fabric 1.21.11 build	Build Fabric artifact	2026-08-18T15:23:49.3086688Z   symbol:   method getLocation()
Fabric 1.21.11 build	Build Fabric artifact	2026-08-18T15:23:49.3121040Z   location: variable CASTING_AMBIANCE of type SoundEvent
Fabric 1.21.11 build	Build Fabric artifact	2026-08-18T15:23:49.3151666Z /home/runner/work/Redliner101/Redliner101/Common/src/main/java/at/petrak/hexcasting/common/command/RecalcPatternsCommand.java:12: error: cannot find symbol
Fabric 1.21.11 build	Build Fabric artifact	2026-08-18T15:23:49.3153308Z             .requires(dp -> dp.hasPermission(Commands.LEVEL_ADMINS))
Fabric 1.21.11 build	Build Fabric artifact	2026-08-18T15:23:49.3186026Z                               ^
Fabric 1.21.11 build	Build Fabric artifact	2026-08-18T15:23:49.3230660Z   symbol:   method hasPermission(PermissionCheck)
Fabric 1.21.11 build	Build Fabric artifact	2026-08-18T15:23:49.3240659Z   location: variable dp of type CommandSourceStack
Fabric 1.21.11 build	Build Fabric artifact	2026-08-18T15:23:49.4078705Z /home/runner/work/Redliner101/Redliner101/Common/src/main/java/at/petrak/hexcasting/common/command/RecalcPatternsCommand.java:16: error: method set in class DimensionDataStorage cannot be applied to given types;
Fabric 1.21.11 build	Build Fabric artifact	2026-08-18T15:23:49.4101226Z                 ds.set(ScrungledPatternsSave.TAG_SAVED_DATA,
Fabric 1.21.11 build	Build Fabric artifact	2026-08-18T15:23:49.4150809Z                   ^
Fabric 1.21.11 build	Build Fabric artifact	2026-08-18T15:23:49.4161107Z   required: SavedDataType<T>,T
Fabric 1.21.11 build	Build Fabric artifact	2026-08-18T15:23:49.4180663Z   found:    String,ScrungledPatternsSave
Fabric 1.21.11 build	Build Fabric artifact	2026-08-18T15:23:49.4210804Z   reason: cannot infer type-variable(s) T
Fabric 1.21.11 build	Build Fabric artifact	2026-08-18T15:23:49.4240678Z     (argument mismatch; String cannot be converted to SavedDataType<T>)
Fabric 1.21.11 build	Build Fabric artifact	2026-08-18T15:23:49.4250620Z   where T is a type-variable:
Fabric 1.21.11 build	Build Fabric artifact	2026-08-18T15:23:49.4300785Z     T extends SavedData declared in method <T>set(SavedDataType<T>,T)
Fabric 1.21.11 build	Build Fabric artifact	2026-08-18T15:23:49.4302219Z /home/runner/work/Redliner101/Redliner101/Common/src/main/java/at/petrak/hexcasting/common/command/BrainsweepCommand.java:15: error: cannot find symbol
Fabric 1.21.11 build	Build Fabric artifact	2026-08-18T15:23:49.4303442Z             .requires(dp -> dp.hasPermission(Commands.LEVEL_ADMINS))
Fabric 1.21.11 build	Build Fabric artifact	2026-08-18T15:23:49.4304070Z                               ^
Fabric 1.21.11 build	Build Fabric artifact	2026-08-18T15:23:49.4304634Z   symbol:   method hasPermission(PermissionCheck)
Fabric 1.21.11 build	Build Fabric artifact	2026-08-18T15:23:49.4305335Z   location: variable dp of type CommandSourceStack
Fabric 1.21.11 build	Build Fabric artifact	2026-08-18T15:23:49.4306572Z /home/runner/work/Redliner101/Redliner101/Common/src/main/java/at/petrak/hexcasting/common/command/PatternTexturesCommand.java:14: error: cannot find symbol
Fabric 1.21.11 build	Build Fabric artifact	2026-08-18T15:23:49.4307943Z                 .requires(dp -> dp.hasPermission(Commands.LEVEL_ADMINS))
Fabric 1.21.11 build	Build Fabric artifact	2026-08-18T15:23:49.4308601Z                                   ^
Fabric 1.21.11 build	Build Fabric artifact	2026-08-18T15:23:49.4309123Z   symbol:   method hasPermission(PermissionCheck)
Fabric 1.21.11 build	Build Fabric artifact	2026-08-18T15:23:49.4309963Z   location: variable dp of type CommandSourceStack
Fabric 1.21.11 build	Build Fabric artifact	2026-08-18T15:23:49.4311400Z /home/runner/work/Redliner101/Redliner101/Common/src/main/java/at/petrak/hexcasting/common/command/PatternTexturesCommand.java:22: error: cannot find symbol
Fabric 1.21.11 build	Build Fabric artifact	2026-08-18T15:23:49.4312726Z                 .requires(dp -> dp.hasPermission(Commands.LEVEL_ADMINS))
Fabric 1.21.11 build	Build Fabric artifact	2026-08-18T15:23:49.4313373Z                                   ^
Fabric 1.21.11 build	Build Fabric artifact	2026-08-18T15:23:49.4313894Z   symbol:   method hasPermission(PermissionCheck)
Fabric 1.21.11 build	Build Fabric artifact	2026-08-18T15:23:49.4314558Z   location: variable dp of type CommandSourceStack
Fabric 1.21.11 build	Build Fabric artifact	2026-08-18T15:23:49.4315754Z /home/runner/work/Redliner101/Redliner101/Common/src/main/java/at/petrak/hexcasting/common/command/PatternResKeyArgument.java:46: error: cannot find symbol
Fabric 1.21.11 build	Build Fabric artifact	2026-08-18T15:23:49.4316997Z                 suggestions.add(key.location().toString());
Fabric 1.21.11 build	Build Fabric artifact	2026-08-18T15:23:49.4317539Z                                    ^
Fabric 1.21.11 build	Build Fabric artifact	2026-08-18T15:23:49.4318056Z   symbol:   method location()
Fabric 1.21.11 build	Build Fabric artifact	2026-08-18T15:23:49.4318703Z   location: variable key of type ResourceKey<ActionRegistryEntry>
Fabric 1.21.11 build	Build Fabric artifact	2026-08-18T15:23:49.4320109Z /home/runner/work/Redliner101/Redliner101/Common/src/main/java/at/petrak/hexcasting/common/command/PatternResKeyArgument.java:61: error: cannot find symbol
Fabric 1.21.11 build	Build Fabric artifact	2026-08-18T15:23:49.4321787Z         return optional.orElseThrow(() -> exceptionType.create(key.location()));
Fabric 1.21.11 build	Build Fabric artifact	2026-08-18T15:23:49.4322601Z                                                                   ^
Fabric 1.21.11 build	Build Fabric artifact	2026-08-18T15:23:49.4323165Z   symbol:   method location()
Fabric 1.21.11 build	Build Fabric artifact	2026-08-18T15:23:49.4323728Z   location: variable key of type ResourceKey<?>
Fabric 1.21.11 build	Build Fabric artifact	2026-08-18T15:23:49.4324988Z /home/runner/work/Redliner101/Redliner101/Common/src/main/java/at/petrak/hexcasting/common/command/PatternResKeyArgument.java:74: error: cannot find symbol
Fabric 1.21.11 build	Build Fabric artifact	2026-08-18T15:23:49.4326268Z             throw ERROR_UNKNOWN_PATTERN.create(targetKey.location());
Fabric 1.21.11 build	Build Fabric artifact	2026-08-18T15:23:49.4327020Z                                                         ^
Fabric 1.21.11 build	Build Fabric artifact	2026-08-18T15:23:49.4327557Z   symbol:   method location()
Fabric 1.21.11 build	Build Fabric artifact	2026-08-18T15:23:49.4328203Z   location: variable targetKey of type ResourceKey<ActionRegistryEntry>
Fabric 1.21.11 build	Build Fabric artifact	2026-08-18T15:23:49.4329529Z /home/runner/work/Redliner101/Redliner101/Common/src/main/java/at/petrak/hexcasting/common/command/ListPerWorldPatternsCommand.java:30: error: cannot find symbol
Fabric 1.21.11 build	Build Fabric artifact	2026-08-18T15:23:49.4361627Z             .requires(dp -> dp.hasPermission(Commands.LEVEL_GAMEMASTERS))
Fabric 1.21.11 build	Build Fabric artifact	2026-08-18T15:23:49.4362496Z                               ^
Fabric 1.21.11 build	Build Fabric artifact	2026-08-18T15:23:49.4363384Z   symbol:   method hasPermission(PermissionCheck)
Fabric 1.21.11 build	Build Fabric artifact	2026-08-18T15:23:49.4364050Z   location: variable dp of type CommandSourceStack
Fabric 1.21.11 build	Build Fabric artifact	2026-08-18T15:23:49.4365353Z /home/runner/work/Redliner101/Redliner101/Common/src/main/java/at/petrak/hexcasting/common/command/ListPerWorldPatternsCommand.java:69: error: cannot find symbol
Fabric 1.21.11 build	Build Fabric artifact	2026-08-18T15:23:49.4366683Z             .sorted((a, b) -> compareResLoc(a.location(), b.location()))
Fabric 1.21.11 build	Build Fabric artifact	2026-08-18T15:23:49.4367387Z                                              ^
Fabric 1.21.11 build	Build Fabric artifact	2026-08-18T15:23:49.4367913Z   symbol:   method location()
Fabric 1.21.11 build	Build Fabric artifact	2026-08-18T15:23:49.4368503Z   location: variable a of type ResourceKey<ActionRegistryEntry>
Fabric 1.21.11 build	Build Fabric artifact	2026-08-18T15:23:49.4370046Z /home/runner/work/Redliner101/Redliner101/Common/src/main/java/at/petrak/hexcasting/common/command/ListPerWorldPatternsCommand.java:69: error: cannot find symbol
Fabric 1.21.11 build	Build Fabric artifact	2026-08-18T15:23:49.4371431Z             .sorted((a, b) -> compareResLoc(a.location(), b.location()))
Fabric 1.21.11 build	Build Fabric artifact	2026-08-18T15:23:49.4372133Z                                                            ^
Fabric 1.21.11 build	Build Fabric artifact	2026-08-18T15:23:49.4372754Z   symbol:   method location()
Fabric 1.21.11 build	Build Fabric artifact	2026-08-18T15:23:49.4373384Z   location: variable b of type ResourceKey<ActionRegistryEntry>
Fabric 1.21.11 build	Build Fabric artifact	2026-08-18T15:23:49.4374783Z /home/runner/work/Redliner101/Redliner101/Common/src/main/java/at/petrak/hexcasting/common/command/ListPerWorldPatternsCommand.java:77: error: cannot find symbol
Fabric 1.21.11 build	Build Fabric artifact	2026-08-18T15:23:49.4376177Z             source.sendSuccess(() -> Component.literal(key.location().toString())
Fabric 1.21.11 build	Build Fabric artifact	2026-08-18T15:23:49.4376883Z                                                           ^
Fabric 1.21.11 build	Build Fabric artifact	2026-08-18T15:23:49.4377587Z   symbol:   method location()
Fabric 1.21.11 build	Build Fabric artifact	2026-08-18T15:23:49.4378177Z   location: variable key of type ResourceKey<ActionRegistryEntry>
Fabric 1.21.11 build	Build Fabric artifact	2026-08-18T15:23:49.4379581Z /home/runner/work/Redliner101/Redliner101/Common/src/main/java/at/petrak/hexcasting/common/command/ListPerWorldPatternsCommand.java:139: error: cannot find symbol
Fabric 1.21.11 build	Build Fabric artifact	2026-08-18T15:23:49.4381177Z                         actionKey.location(),
Fabric 1.21.11 build	Build Fabric artifact	2026-08-18T15:23:49.4381724Z                                  ^
Fabric 1.21.11 build	Build Fabric artifact	2026-08-18T15:23:49.4382302Z   symbol:   method location()
Fabric 1.21.11 build	Build Fabric artifact	2026-08-18T15:23:49.4382925Z   location: variable actionKey of type ResourceKey<ActionRegistryEntry>
Fabric 1.21.11 build	Build Fabric artifact	2026-08-18T15:23:49.5094597Z /home/runner/work/Redliner101/Redliner101/Common/src/main/java/at/petrak/hexcasting/common/recipe/ingredient/brainsweep/EntityTagIngredient.java:94: error: no suitable method found for create(Level)
Fabric 1.21.11 build	Build Fabric artifact	2026-08-18T15:23:49.5108993Z             return someTy.value().create(level);
Fabric 1.21.11 build	Build Fabric artifact	2026-08-18T15:23:49.5110200Z                                  ^
Fabric 1.21.11 build	Build Fabric artifact	2026-08-18T15:23:49.5111516Z     method EntityType.create(ServerLevel,Consumer<CAP#1>,BlockPos,EntitySpawnReason,boolean,boolean) is not applicable
Fabric 1.21.11 build	Build Fabric artifact	2026-08-18T15:23:49.5112728Z       (actual and formal argument lists differ in length)
Fabric 1.21.11 build	Build Fabric artifact	2026-08-18T15:23:49.5114020Z     method EntityType.create(Level,EntitySpawnReason) is not applicable
Fabric 1.21.11 build	Build Fabric artifact	2026-08-18T15:23:49.5115017Z       (actual and formal argument lists differ in length)
Fabric 1.21.11 build	Build Fabric artifact	2026-08-18T15:23:49.5115843Z     method EntityType.create(ValueInput,Level,EntitySpawnReason) is not applicable
Fabric 1.21.11 build	Build Fabric artifact	2026-08-18T15:23:49.5116885Z       (actual and formal argument lists differ in length)
Fabric 1.21.11 build	Build Fabric artifact	2026-08-18T15:23:49.5117891Z     method EntityType.create(EntityType<?>,ValueInput,Level,EntitySpawnReason) is not applicable
Fabric 1.21.11 build	Build Fabric artifact	2026-08-18T15:23:49.5118879Z       (actual and formal argument lists differ in length)
Fabric 1.21.11 build	Build Fabric artifact	2026-08-18T15:23:49.5119836Z   where CAP#1 is a fresh type-variable:
Fabric 1.21.11 build	Build Fabric artifact	2026-08-18T15:23:49.5120537Z     CAP#1 extends Entity from capture of ?
Fabric 1.21.11 build	Build Fabric artifact	2026-08-18T15:23:49.5122099Z /home/runner/work/Redliner101/Redliner101/Common/src/main/java/at/petrak/hexcasting/common/recipe/ingredient/brainsweep/EntityTypeIngredient.java:65: error: no suitable method found for create(Level)
Fabric 1.21.11 build	Build Fabric artifact	2026-08-18T15:23:49.5123284Z         return this.entityType.create(level);
Fabric 1.21.11 build	Build Fabric artifact	2026-08-18T15:23:49.5123635Z                               ^
Fabric 1.21.11 build	Build Fabric artifact	2026-08-18T15:23:49.5124263Z     method EntityType.create(ServerLevel,Consumer<CAP#1>,BlockPos,EntitySpawnReason,boolean,boolean) is not applicable
Fabric 1.21.11 build	Build Fabric artifact	2026-08-18T15:23:49.5125251Z       (actual and formal argument lists differ in length)
Fabric 1.21.11 build	Build Fabric artifact	2026-08-18T15:23:49.5125753Z     method EntityType.create(Level,EntitySpawnReason) is not applicable
Fabric 1.21.11 build	Build Fabric artifact	2026-08-18T15:23:49.5126236Z       (actual and formal argument lists differ in length)
Fabric 1.21.11 build	Build Fabric artifact	2026-08-18T15:23:49.5126736Z     method EntityType.create(ValueInput,Level,EntitySpawnReason) is not applicable
Fabric 1.21.11 build	Build Fabric artifact	2026-08-18T15:23:49.5127288Z       (actual and formal argument lists differ in length)
Fabric 1.21.11 build	Build Fabric artifact	2026-08-18T15:23:49.5127834Z     method EntityType.create(EntityType<?>,ValueInput,Level,EntitySpawnReason) is not applicable
Fabric 1.21.11 build	Build Fabric artifact	2026-08-18T15:23:49.5128410Z       (actual and formal argument lists differ in length)
Fabric 1.21.11 build	Build Fabric artifact	2026-08-18T15:23:49.5128812Z   where CAP#1 is a fresh type-variable:
Fabric 1.21.11 build	Build Fabric artifact	2026-08-18T15:23:49.5129184Z     CAP#1 extends Entity from capture of ?
Fabric 1.21.11 build	Build Fabric artifact	2026-08-18T15:23:49.5130303Z /home/runner/work/Redliner101/Redliner101/Common/src/main/java/at/petrak/hexcasting/common/recipe/ingredient/brainsweep/VillagerIngredient.java:71: error: cannot find symbol
Fabric 1.21.11 build	Build Fabric artifact	2026-08-18T15:23:49.5131299Z         return (this.profession == null || this.profession.equals(data.getProfession()))
Fabric 1.21.11 build	Build Fabric artifact	2026-08-18T15:23:49.5131815Z                                                                       ^
Fabric 1.21.11 build	Build Fabric artifact	2026-08-18T15:23:49.5132237Z   symbol:   method getProfession()
Fabric 1.21.11 build	Build Fabric artifact	2026-08-18T15:23:49.5132609Z   location: variable data of type VillagerData
Fabric 1.21.11 build	Build Fabric artifact	2026-08-18T15:23:49.5133418Z /home/runner/work/Redliner101/Redliner101/Common/src/main/java/at/petrak/hexcasting/common/recipe/ingredient/brainsweep/VillagerIngredient.java:72: error: cannot find symbol
Fabric 1.21.11 build	Build Fabric artifact	2026-08-18T15:23:49.5134264Z             && (this.biome == null || this.biome.equals(data.getType()))
Fabric 1.21.11 build	Build Fabric artifact	2026-08-18T15:23:49.5134729Z                                                             ^
Fabric 1.21.11 build	Build Fabric artifact	2026-08-18T15:23:49.5135116Z   symbol:   method getType()
Fabric 1.21.11 build	Build Fabric artifact	2026-08-18T15:23:49.5135467Z   location: variable data of type VillagerData
Fabric 1.21.11 build	Build Fabric artifact	2026-08-18T15:23:49.5136228Z /home/runner/work/Redliner101/Redliner101/Common/src/main/java/at/petrak/hexcasting/common/recipe/ingredient/brainsweep/VillagerIngredient.java:73: error: cannot find symbol
Fabric 1.21.11 build	Build Fabric artifact	2026-08-18T15:23:49.5137084Z             && this.minLevel <= data.getLevel();
Fabric 1.21.11 build	Build Fabric artifact	2026-08-18T15:23:49.5137469Z                                     ^
Fabric 1.21.11 build	Build Fabric artifact	2026-08-18T15:23:49.5137819Z   symbol:   method getLevel()
Fabric 1.21.11 build	Build Fabric artifact	2026-08-18T15:23:49.5138163Z   location: variable data of type VillagerData
Fabric 1.21.11 build	Build Fabric artifact	2026-08-18T15:23:49.5138925Z /home/runner/work/Redliner101/Redliner101/Common/src/main/java/at/petrak/hexcasting/common/recipe/ingredient/brainsweep/VillagerIngredient.java:86: error: cannot find symbol
Fabric 1.21.11 build	Build Fabric artifact	2026-08-18T15:23:49.5139885Z             .setProfession(profession)
Fabric 1.21.11 build	Build Fabric artifact	2026-08-18T15:23:49.5140259Z             ^
Fabric 1.21.11 build	Build Fabric artifact	2026-08-18T15:23:49.5140565Z   symbol:   method setProfession(Object)
Fabric 1.21.11 build	Build Fabric artifact	2026-08-18T15:23:49.5141076Z   location: variable data of type VillagerData
Fabric 1.21.11 build	Build Fabric artifact	2026-08-18T15:23:49.5142010Z /home/runner/work/Redliner101/Redliner101/Common/src/main/java/at/petrak/hexcasting/common/recipe/ingredient/brainsweep/VillagerIngredient.java:93: error: incompatible types: CompoundTag cannot be converted to ValueOutput
Fabric 1.21.11 build	Build Fabric artifact	2026-08-18T15:23:49.5142939Z         out.save(tag);
Fabric 1.21.11 build	Build Fabric artifact	2026-08-18T15:23:49.5143254Z                  ^
Fabric 1.21.11 build	Build Fabric artifact	2026-08-18T15:23:49.6082444Z /home/runner/work/Redliner101/Redliner101/Common/src/main/java/at/petrak/hexcasting/api/casting/iota/DoubleIota.java:79: error: cannot find symbol
Fabric 1.21.11 build	Build Fabric artifact	2026-08-18T15:23:49.6101256Z         return new DoubleIota(dtag.getAsDouble());
Fabric 1.21.11 build	Build Fabric artifact	2026-08-18T15:23:49.6102414Z                                   ^
Fabric 1.21.11 build	Build Fabric artifact	2026-08-18T15:23:49.6110852Z   symbol:   method getAsDouble()
Fabric 1.21.11 build	Build Fabric artifact	2026-08-18T15:23:49.6135183Z   location: variable dtag of type DoubleTag
Fabric 1.21.11 build	Build Fabric artifact	2026-08-18T15:23:49.6136830Z /home/runner/work/Redliner101/Redliner101/Common/src/main/java/at/petrak/hexcasting/api/casting/iota/PatternIota.java:85: error: cannot find symbol
Fabric 1.21.11 build	Build Fabric artifact	2026-08-18T15:23:49.6138791Z                 action = Objects.requireNonNull(IXplatAbstractions.INSTANCE.getActionRegistry().get(key)).action();
Fabric 1.21.11 build	Build Fabric artifact	2026-08-18T15:23:49.6140197Z                                                                                                          ^
Fabric 1.21.11 build	Build Fabric artifact	2026-08-18T15:23:49.6143470Z   symbol:   method action()
Fabric 1.21.11 build	Build Fabric artifact	2026-08-18T15:23:49.6144234Z   location: class Optional<Reference<ActionRegistryEntry>>
Fabric 1.21.11 build	Build Fabric artifact	2026-08-18T15:23:49.7084118Z /home/runner/work/Redliner101/Redliner101/Common/src/main/java/at/petrak/hexcasting/common/casting/PatternRegistryManifest.java:51: error: cannot find symbol
Fabric 1.21.11 build	Build Fabric artifact	2026-08-18T15:23:49.7086277Z                 var old = NORMAL_ACTION_LOOKUP.put(entry.prototype().getAngles(), key);
Fabric 1.21.11 build	Build Fabric artifact	2026-08-18T15:23:49.7087269Z                                                         ^
Fabric 1.21.11 build	Build Fabric artifact	2026-08-18T15:23:49.7088083Z   symbol:   method prototype()
Fabric 1.21.11 build	Build Fabric artifact	2026-08-18T15:23:49.7089023Z   location: variable entry of type Optional<Reference<ActionRegistryEntry>>
Fabric 1.21.11 build	Build Fabric artifact	2026-08-18T15:23:49.7090870Z /home/runner/work/Redliner101/Redliner101/Common/src/main/java/at/petrak/hexcasting/common/casting/PatternRegistryManifest.java:77: error: cannot find symbol
Fabric 1.21.11 build	Build Fabric artifact	2026-08-18T15:23:49.7092763Z             var handler = factory.tryMatch(pat,environment);
Fabric 1.21.11 build	Build Fabric artifact	2026-08-18T15:23:49.7093528Z                                  ^
Fabric 1.21.11 build	Build Fabric artifact	2026-08-18T15:23:49.7094210Z   symbol:   method tryMatch(HexPattern,CastingEnvironment)
Fabric 1.21.11 build	Build Fabric artifact	2026-08-18T15:23:49.7095186Z   location: variable factory of type Optional<Reference<Factory<?>>>
Fabric 1.21.11 build	Build Fabric artifact	2026-08-18T15:23:49.7096774Z /home/runner/work/Redliner101/Redliner101/Common/src/main/java/at/petrak/hexcasting/common/blocks/BlockConjured.java:88: error: method does not override or implement a method from a supertype
Fabric 1.21.11 build	Build Fabric artifact	2026-08-18T15:23:49.7098263Z     @Override
Fabric 1.21.11 build	Build Fabric artifact	2026-08-18T15:23:49.7098766Z     ^
Fabric 1.21.11 build	Build Fabric artifact	2026-08-18T15:23:49.7100068Z /home/runner/work/Redliner101/Redliner101/Common/src/main/java/at/petrak/hexcasting/common/blocks/akashic/BlockAkashicBookshelf.java:70: error: cannot find symbol
Fabric 1.21.11 build	Build Fabric artifact	2026-08-18T15:23:49.7101706Z                 return InteractionResult.sidedSuccess(level.isClientSide());
Fabric 1.21.11 build	Build Fabric artifact	2026-08-18T15:23:49.7102502Z                                         ^
Fabric 1.21.11 build	Build Fabric artifact	2026-08-18T15:23:49.7103179Z   symbol:   method sidedSuccess(boolean)
Fabric 1.21.11 build	Build Fabric artifact	2026-08-18T15:23:49.7105940Z   location: interface InteractionResult
Fabric 1.21.11 build	Build Fabric artifact	2026-08-18T15:23:49.7107594Z /home/runner/work/Redliner101/Redliner101/Common/src/main/java/at/petrak/hexcasting/common/blocks/akashic/BlockAkashicBookshelf.java:102: error: method does not override or implement a method from a supertype
Fabric 1.21.11 build	Build Fabric artifact	2026-08-18T15:23:49.7109224Z     @Override
Fabric 1.21.11 build	Build Fabric artifact	2026-08-18T15:23:49.7109894Z     ^
Fabric 1.21.11 build	Build Fabric artifact	2026-08-18T15:23:49.8077325Z /home/runner/work/Redliner101/Redliner101/Common/src/main/java/at/petrak/hexcasting/common/blocks/circles/BlockSlate.java:62: error: method does not override or implement a method from a supertype
Fabric 1.21.11 build	Build Fabric artifact	2026-08-18T15:23:49.8084940Z     @Override
Fabric 1.21.11 build	Build Fabric artifact	2026-08-18T15:23:49.8085665Z     ^
Fabric 1.21.11 build	Build Fabric artifact	2026-08-18T15:23:49.9077276Z /home/runner/work/Redliner101/Redliner101/Common/src/main/java/at/petrak/hexcasting/common/misc/AkashicTreeGrower.java:42: error: cannot find symbol
Fabric 1.21.11 build	Build Fabric artifact	2026-08-18T15:23:49.9087819Z                 .registryOrThrow(Registries.CONFIGURED_FEATURE)
Fabric 1.21.11 build	Build Fabric artifact	2026-08-18T15:23:49.9090971Z                 ^
Fabric 1.21.11 build	Build Fabric artifact	2026-08-18T15:23:49.9092002Z   symbol:   method registryOrThrow(ResourceKey<Registry<ConfiguredFeature<?,?>>>)
Fabric 1.21.11 build	Build Fabric artifact	2026-08-18T15:23:49.9093027Z   location: interface RegistryAccess
Fabric 1.21.11 build	Build Fabric artifact	2026-08-18T15:23:49.9094268Z /home/runner/work/Redliner101/Redliner101/Common/src/main/java/at/petrak/hexcasting/common/lib/HexPotions.java:42: error: cannot find symbol
Fabric 1.21.11 build	Build Fabric artifact	2026-08-18T15:23:49.9095779Z         var potionRegistry = registryAccess.registryOrThrow(Registries.POTION);
Fabric 1.21.11 build	Build Fabric artifact	2026-08-18T15:23:49.9096671Z                                            ^
Fabric 1.21.11 build	Build Fabric artifact	2026-08-18T15:23:49.9097475Z   symbol:   method registryOrThrow(ResourceKey<Registry<Potion>>)
Fabric 1.21.11 build	Build Fabric artifact	2026-08-18T15:23:49.9098402Z   location: variable registryAccess of type RegistryAccess
Fabric 1.21.11 build	Build Fabric artifact	2026-08-18T15:23:50.0077190Z /home/runner/work/Redliner101/Redliner101/Common/src/main/java/at/petrak/hexcasting/common/lib/HexBlocks.java:138: error: cannot find symbol
Fabric 1.21.11 build	Build Fabric artifact	2026-08-18T15:23:50.0094050Z                 .noCollission()
Fabric 1.21.11 build	Build Fabric artifact	2026-08-18T15:23:50.0110733Z                 ^
Fabric 1.21.11 build	Build Fabric artifact	2026-08-18T15:23:50.0111777Z   symbol:   method noCollission()
Fabric 1.21.11 build	Build Fabric artifact	2026-08-18T15:23:50.0113048Z   location: class Properties
Fabric 1.21.11 build	Build Fabric artifact	2026-08-18T15:23:50.0114220Z /home/runner/work/Redliner101/Redliner101/Common/src/main/java/at/petrak/hexcasting/common/lib/HexBlocks.java:287: error: cannot find symbol
Fabric 1.21.11 build	Build Fabric artifact	2026-08-18T15:23:50.0115571Z         new BlockHexWoodButton(edifiedWoody().noOcclusion().noCollission()));
Fabric 1.21.11 build	Build Fabric artifact	2026-08-18T15:23:50.0116609Z                                                            ^
Fabric 1.21.11 build	Build Fabric artifact	2026-08-18T15:23:50.0117270Z   symbol:   method noCollission()
Fabric 1.21.11 build	Build Fabric artifact	2026-08-18T15:23:50.0117962Z   location: class Properties
Fabric 1.21.11 build	Build Fabric artifact	2026-08-18T15:23:50.0119172Z /home/runner/work/Redliner101/Redliner101/Common/src/main/java/at/petrak/hexcasting/common/lib/HexBlocks.java:289: error: cannot find symbol
Fabric 1.21.11 build	Build Fabric artifact	2026-08-18T15:23:50.0120752Z         new BlockHexPressurePlate(edifiedWoody().noOcclusion().noCollission()));
Fabric 1.21.11 build	Build Fabric artifact	2026-08-18T15:23:50.0121541Z                                                               ^
Fabric 1.21.11 build	Build Fabric artifact	2026-08-18T15:23:50.0122111Z   symbol:   method noCollission()
Fabric 1.21.11 build	Build Fabric artifact	2026-08-18T15:23:50.0122696Z   location: class Properties
Fabric 1.21.11 build	Build Fabric artifact	2026-08-18T15:23:50.0123857Z /home/runner/work/Redliner101/Redliner101/Common/src/main/java/at/petrak/hexcasting/common/lib/HexFeatureConfigs.java:35: error: cannot find symbol
Fabric 1.21.11 build	Build Fabric artifact	2026-08-18T15:23:50.0125083Z                         SimpleWeightedRandomList.<BlockState>builder()
Fabric 1.21.11 build	Build Fabric artifact	2026-08-18T15:23:50.0125809Z                         ^
Fabric 1.21.11 build	Build Fabric artifact	2026-08-18T15:23:50.0126343Z   symbol:   variable SimpleWeightedRandomList
Fabric 1.21.11 build	Build Fabric artifact	2026-08-18T15:23:50.0126968Z   location: class HexFeatureConfigs
Fabric 1.21.11 build	Build Fabric artifact	2026-08-18T15:23:50.0128255Z /home/runner/work/Redliner101/Redliner101/Common/src/main/java/at/petrak/hexcasting/common/lib/hex/HexArithmetics.java:23: error: cannot find symbol
Fabric 1.21.11 build	Build Fabric artifact	2026-08-18T15:23:50.0130240Z             ENGINE = new ArithmeticEngine(REGISTRY.holders().map(Holder.Reference::value).collect(Collectors.toList()));
Fabric 1.21.11 build	Build Fabric artifact	2026-08-18T15:23:50.0131403Z                                                   ^
Fabric 1.21.11 build	Build Fabric artifact	2026-08-18T15:23:50.0131996Z   symbol:   method holders()
Fabric 1.21.11 build	Build Fabric artifact	2026-08-18T15:23:50.0132567Z   location: variable REGISTRY of type Registry<Arithmetic>
Fabric 1.21.11 build	Build Fabric artifact	2026-08-18T15:23:50.0133836Z /home/runner/work/Redliner101/Redliner101/Common/src/main/java/at/petrak/hexcasting/common/lib/hex/HexActions.java:278: error: invalid method reference
Fabric 1.21.11 build	Build Fabric artifact	2026-08-18T15:23:50.0135529Z         new OpMakePackagedSpell(s -> (s.is(HexItems.CYPHER)||s.is(HexItems.ANCIENT_CYPHER)), HexItems.CYPHER::getDescription, MediaConstants.CRYSTAL_UNIT)
Fabric 1.21.11 build	Build Fabric artifact	2026-08-18T15:23:50.0136698Z                                                                                              ^
Fabric 1.21.11 build	Build Fabric artifact	2026-08-18T15:23:50.0137259Z   cannot find symbol
Fabric 1.21.11 build	Build Fabric artifact	2026-08-18T15:23:50.0137680Z     symbol:   method getDescription()
Fabric 1.21.11 build	Build Fabric artifact	2026-08-18T15:23:50.0138247Z     location: class ItemCypher
Fabric 1.21.11 build	Build Fabric artifact	2026-08-18T15:23:50.0139314Z /home/runner/work/Redliner101/Redliner101/Common/src/main/java/at/petrak/hexcasting/common/lib/hex/HexActions.java:308: error: cannot find symbol
Fabric 1.21.11 build	Build Fabric artifact	2026-08-18T15:23:50.0181907Z         HexPattern.fromAngles("qqqqqadwawaw", HexDir.SOUTH_EAST), new OpPotionEffect(MobEffects.MOVEMENT_SLOWDOWN,
Fabric 1.21.11 build	Build Fabric artifact	2026-08-18T15:23:50.0182854Z                                                                                                ^
Fabric 1.21.11 build	Build Fabric artifact	2026-08-18T15:23:50.0183440Z   symbol:   variable MOVEMENT_SLOWDOWN
Fabric 1.21.11 build	Build Fabric artifact	2026-08-18T15:23:50.0183962Z   location: class MobEffects
Fabric 1.21.11 build	Build Fabric artifact	2026-08-18T15:23:50.0184927Z /home/runner/work/Redliner101/Redliner101/Common/src/main/java/at/petrak/hexcasting/common/lib/hex/HexActions.java:325: error: cannot find symbol
Fabric 1.21.11 build	Build Fabric artifact	2026-08-18T15:23:50.0186525Z         HexPattern.fromAngles("qaawawaeqqqdd", HexDir.SOUTH_EAST), new OpPotionEffect(MobEffects.DIG_SPEED,
Fabric 1.21.11 build	Build Fabric artifact	2026-08-18T15:23:50.0187521Z                                                                                                 ^
Fabric 1.21.11 build	Build Fabric artifact	2026-08-18T15:23:50.0188119Z   symbol:   variable DIG_SPEED
Fabric 1.21.11 build	Build Fabric artifact	2026-08-18T15:23:50.0188615Z   location: class MobEffects
Fabric 1.21.11 build	Build Fabric artifact	2026-08-18T15:23:50.0190011Z /home/runner/work/Redliner101/Redliner101/Common/src/main/java/at/petrak/hexcasting/common/lib/hex/HexActions.java:329: error: cannot find symbol
Fabric 1.21.11 build	Build Fabric artifact	2026-08-18T15:23:50.0191370Z         HexPattern.fromAngles("aawawaeqqqqdd", HexDir.EAST), new OpPotionEffect(MobEffects.DAMAGE_BOOST,
Fabric 1.21.11 build	Build Fabric artifact	2026-08-18T15:23:50.0192511Z                                                                                           ^
Fabric 1.21.11 build	Build Fabric artifact	2026-08-18T15:23:50.0193106Z   symbol:   variable DAMAGE_BOOST
Fabric 1.21.11 build	Build Fabric artifact	2026-08-18T15:23:50.0193635Z   location: class MobEffects
Fabric 1.21.11 build	Build Fabric artifact	2026-08-18T15:23:50.1078743Z /home/runner/work/Redliner101/Redliner101/Common/src/main/java/at/petrak/hexcasting/common/lib/HexDataComponents.java:63: error: cannot find symbol
Fabric 1.21.11 build	Build Fabric artifact	2026-08-18T15:23:50.1080530Z                     .persistent(Codec.unit(Unit.INSTANCE))
Fabric 1.21.11 build	Build Fabric artifact	2026-08-18T15:23:50.1081567Z                                      ^
Fabric 1.21.11 build	Build Fabric artifact	2026-08-18T15:23:50.1082197Z   symbol:   method unit(Unit)
Fabric 1.21.11 build	Build Fabric artifact	2026-08-18T15:23:50.1082807Z   location: interface Codec
Fabric 1.21.11 build	Build Fabric artifact	2026-08-18T15:23:50.1084176Z /home/runner/work/Redliner101/Redliner101/Common/src/main/java/at/petrak/hexcasting/common/lib/HexItems.java:191: error: invalid method reference
Fabric 1.21.11 build	Build Fabric artifact	2026-08-18T15:23:50.1085599Z         keyList.sort(Comparator.comparing(ResourceKey::location));
Fabric 1.21.11 build	Build Fabric artifact	2026-08-18T15:23:50.1086461Z                                           ^
Fabric 1.21.11 build	Build Fabric artifact	2026-08-18T15:23:50.1087075Z   cannot find symbol
Fabric 1.21.11 build	Build Fabric artifact	2026-08-18T15:23:50.1087630Z     symbol:   method location()
Fabric 1.21.11 build	Build Fabric artifact	2026-08-18T15:23:50.1088345Z     location: class ResourceKey
Fabric 1.21.11 build	Build Fabric artifact	2026-08-18T15:23:50.2103493Z /home/runner/work/Redliner101/Redliner101/Common/src/main/java/at/petrak/hexcasting/interop/patchouli/AbstractPatternComponent.java:41: error: incompatible types: Matrix3x2fStack cannot be converted to PoseStack
Fabric 1.21.11 build	Build Fabric artifact	2026-08-18T15:23:50.2114391Z         PoseStack ps = graphics.pose();
Fabric 1.21.11 build	Build Fabric artifact	2026-08-18T15:23:50.2115480Z                                     ^
Fabric 1.21.11 build	Build Fabric artifact	2026-08-18T15:23:50.2117389Z /home/runner/work/Redliner101/Redliner101/Common/src/main/java/at/petrak/hexcasting/interop/patchouli/AbstractPatternComponent.java:74: error: incompatible types: Matrix3x2fStack cannot be converted to PoseStack
Fabric 1.21.11 build	Build Fabric artifact	2026-08-18T15:23:50.2119476Z             PatternRenderer.renderPattern(pattern, graphics.pose(), patSets, patCols, 0, 4);
Fabric 1.21.11 build	Build Fabric artifact	2026-08-18T15:23:50.2120623Z                                                                 ^
Fabric 1.21.11 build	Build Fabric artifact	2026-08-18T15:23:50.2122100Z /home/runner/work/Redliner101/Redliner101/Common/src/main/java/at/petrak/hexcasting/interop/patchouli/LookupPatternComponent.java:31: error: cannot find symbol
Fabric 1.21.11 build	Build Fabric artifact	2026-08-18T15:23:50.2123867Z             !IXplatAbstractions.INSTANCE.getActionRegistry().getHolderOrThrow(key).is(HexTags.Actions.PER_WORLD_PATTERN);
Fabric 1.21.11 build	Build Fabric artifact	2026-08-18T15:23:50.2124968Z                                                             ^
Fabric 1.21.11 build	Build Fabric artifact	2026-08-18T15:23:50.2126088Z   symbol:   method getHolderOrThrow(ResourceKey<ActionRegistryEntry>)
Fabric 1.21.11 build	Build Fabric artifact	2026-08-18T15:23:50.2126942Z   location: interface Registry<ActionRegistryEntry>
Fabric 1.21.11 build	Build Fabric artifact	2026-08-18T15:23:50.2128530Z /home/runner/work/Redliner101/Redliner101/Common/src/main/java/at/petrak/hexcasting/interop/patchouli/LookupPatternComponent.java:32: error: cannot find symbol
Fabric 1.21.11 build	Build Fabric artifact	2026-08-18T15:23:50.2130596Z         return List.of(entry.prototype());
Fabric 1.21.11 build	Build Fabric artifact	2026-08-18T15:23:50.2131454Z                             ^
Fabric 1.21.11 build	Build Fabric artifact	2026-08-18T15:23:50.2132120Z   symbol:   method prototype()
Fabric 1.21.11 build	Build Fabric artifact	2026-08-18T15:23:50.2132929Z   location: variable entry of type Optional<Reference<ActionRegistryEntry>>
Fabric 1.21.11 build	Build Fabric artifact	2026-08-18T15:23:50.2134455Z /home/runner/work/Redliner101/Redliner101/Common/src/main/java/at/petrak/hexcasting/interop/patchouli/BrainsweepProcessor.java:32: error: cannot find symbol
Fabric 1.21.11 build	Build Fabric artifact	2026-08-18T15:23:50.2135832Z 		var recman = level.getRecipeManager();
Fabric 1.21.11 build	Build Fabric artifact	2026-08-18T15:23:50.2136480Z 		                  ^
Fabric 1.21.11 build	Build Fabric artifact	2026-08-18T15:23:50.2137890Z   symbol:   method getRecipeManager()
Fabric 1.21.11 build	Build Fabric artifact	2026-08-18T15:23:50.2138695Z   location: variable level of type Level
Fabric 1.21.11 build	Build Fabric artifact	2026-08-18T15:23:50.2140379Z /home/runner/work/Redliner101/Redliner101/Common/src/main/java/at/petrak/hexcasting/interop/patchouli/BrainsweepProcessor.java:71: error: incompatible types: CompoundTag cannot be converted to ValueOutput
Fabric 1.21.11 build	Build Fabric artifact	2026-08-18T15:23:50.2142129Z 					entity.save(tag);
Fabric 1.21.11 build	Build Fabric artifact	2026-08-18T15:23:50.2142684Z 					            ^
Fabric 1.21.11 build	Build Fabric artifact	2026-08-18T15:23:50.2143995Z /home/runner/work/Redliner101/Redliner101/Common/src/main/java/at/petrak/hexcasting/interop/patchouli/PatchouliUtils.java:28: error: cannot find symbol
Fabric 1.21.11 build	Build Fabric artifact	2026-08-18T15:23:50.2145883Z             var manager = Minecraft.getInstance().level.getRecipeManager();
Fabric 1.21.11 build	Build Fabric artifact	2026-08-18T15:23:50.2146734Z                                                        ^
Fabric 1.21.11 build	Build Fabric artifact	2026-08-18T15:23:50.2147496Z   symbol:   method getRecipeManager()
Fabric 1.21.11 build	Build Fabric artifact	2026-08-18T15:23:50.2148185Z   location: variable level of type ClientLevel
Fabric 1.21.11 build	Build Fabric artifact	2026-08-18T15:23:50.2149534Z /home/runner/work/Redliner101/Redliner101/Common/src/main/java/at/petrak/hexcasting/interop/patchouli/PatchouliUtils.java:47: error: cannot find symbol
Fabric 1.21.11 build	Build Fabric artifact	2026-08-18T15:23:50.2151364Z             return IVariable.wrapList(Arrays.stream(ingredients.get(0).getItems())
Fabric 1.21.11 build	Build Fabric artifact	2026-08-18T15:23:50.2152272Z                                                                       ^
Fabric 1.21.11 build	Build Fabric artifact	2026-08-18T15:23:50.2153033Z   symbol:   method getItems()
Fabric 1.21.11 build	Build Fabric artifact	2026-08-18T15:23:50.2153681Z   location: class Ingredient
Fabric 1.21.11 build	Build Fabric artifact	2026-08-18T15:23:50.2154974Z /home/runner/work/Redliner101/Redliner101/Common/src/main/java/at/petrak/hexcasting/interop/patchouli/PatchouliUtils.java:56: error: cannot find symbol
Fabric 1.21.11 build	Build Fabric artifact	2026-08-18T15:23:50.2156389Z                 stacks.add(ingredient.getItems());
Fabric 1.21.11 build	Build Fabric artifact	2026-08-18T15:23:50.2157066Z                                      ^
Fabric 1.21.11 build	Build Fabric artifact	2026-08-18T15:23:50.2157735Z   symbol:   method getItems()
Fabric 1.21.11 build	Build Fabric artifact	2026-08-18T15:23:50.2168236Z   location: variable ingredient of type Ingredient
Fabric 1.21.11 build	Build Fabric artifact	2026-08-18T15:23:50.2169868Z /home/runner/work/Redliner101/Redliner101/Common/src/main/java/at/petrak/hexcasting/interop/patchouli/PatchouliUtils.java:75: error: cannot find symbol
Fabric 1.21.11 build	Build Fabric artifact	2026-08-18T15:23:50.2171704Z             ingredients.stream().mapToInt(ingr -> ingr.getItems().length).max().orElse(1), registries
Fabric 1.21.11 build	Build Fabric artifact	2026-08-18T15:23:50.2172640Z                                                       ^
Fabric 1.21.11 build	Build Fabric artifact	2026-08-18T15:23:50.2173354Z   symbol:   method getItems()
Fabric 1.21.11 build	Build Fabric artifact	2026-08-18T15:23:50.2174002Z   location: variable ingr of type Ingredient
Fabric 1.21.11 build	Build Fabric artifact	2026-08-18T15:23:50.2175422Z /home/runner/work/Redliner101/Redliner101/Common/src/main/java/at/petrak/hexcasting/interop/patchouli/MultiCraftingProcessor.java:45: error: cannot find symbol
Fabric 1.21.11 build	Build Fabric artifact	2026-08-18T15:23:50.2177073Z                 for (Ingredient ingredient : recipe.getIngredients()) {
Fabric 1.21.11 build	Build Fabric artifact	2026-08-18T15:23:50.2178248Z                                                    ^
Fabric 1.21.11 build	Build Fabric artifact	2026-08-18T15:23:50.2178942Z   symbol:   method getIngredients()
Fabric 1.21.11 build	Build Fabric artifact	2026-08-18T15:23:50.2179862Z   location: variable recipe of type CraftingRecipe
Fabric 1.21.11 build	Build Fabric artifact	2026-08-18T15:23:50.2182294Z /home/runner/work/Redliner101/Redliner101/Common/src/main/java/at/petrak/hexcasting/interop/patchouli/MultiCraftingProcessor.java:46: error: cannot find symbol
Fabric 1.21.11 build	Build Fabric artifact	2026-08-18T15:23:50.2183904Z                     int size = ingredient.getItems().length;
Fabric 1.21.11 build	Build Fabric artifact	2026-08-18T15:23:50.2184629Z                                          ^
Fabric 1.21.11 build	Build Fabric artifact	2026-08-18T15:23:50.2185256Z   symbol:   method getItems()
Fabric 1.21.11 build	Build Fabric artifact	2026-08-18T15:23:50.2186256Z   location: variable ingredient of type Ingredient
Fabric 1.21.11 build	Build Fabric artifact	2026-08-18T15:23:50.2187756Z /home/runner/work/Redliner101/Redliner101/Common/src/main/java/at/petrak/hexcasting/interop/patchouli/MultiCraftingProcessor.java:65: error: cannot find symbol
Fabric 1.21.11 build	Build Fabric artifact	2026-08-18T15:23:50.2189882Z                 return IVariable.from(recipes.getFirst().getResultItem(level.registryAccess()).getHoverName(), level.registryAccess());
Fabric 1.21.11 build	Build Fabric artifact	2026-08-18T15:23:50.2191080Z                                                         ^
Fabric 1.21.11 build	Build Fabric artifact	2026-08-18T15:23:50.2191807Z   symbol:   method getResultItem(RegistryAccess)
Fabric 1.21.11 build	Build Fabric artifact	2026-08-18T15:23:50.2192594Z   location: interface CraftingRecipe
Fabric 1.21.11 build	Build Fabric artifact	2026-08-18T15:23:50.2193982Z /home/runner/work/Redliner101/Redliner101/Common/src/main/java/at/petrak/hexcasting/interop/patchouli/MultiCraftingProcessor.java:77: error: cannot find symbol
Fabric 1.21.11 build	Build Fabric artifact	2026-08-18T15:23:50.2195452Z                         ingredients.add(Ingredient.EMPTY);
Fabric 1.21.11 build	Build Fabric artifact	2026-08-18T15:23:50.2196154Z                                                   ^
Fabric 1.21.11 build	Build Fabric artifact	2026-08-18T15:23:50.2196826Z   symbol:   variable EMPTY
Fabric 1.21.11 build	Build Fabric artifact	2026-08-18T15:23:50.2197526Z   location: class Ingredient
Fabric 1.21.11 build	Build Fabric artifact	2026-08-18T15:23:50.2198850Z /home/runner/work/Redliner101/Redliner101/Common/src/main/java/at/petrak/hexcasting/interop/patchouli/MultiCraftingProcessor.java:80: error: cannot find symbol
Fabric 1.21.11 build	Build Fabric artifact	2026-08-18T15:23:50.2201257Z                         NonNullList<Ingredient> list = recipe.getIngredients();
Fabric 1.21.11 build	Build Fabric artifact	2026-08-18T15:23:50.2202199Z                                                              ^
Fabric 1.21.11 build	Build Fabric artifact	2026-08-18T15:23:50.2202851Z   symbol:   method getIngredients()
Fabric 1.21.11 build	Build Fabric artifact	2026-08-18T15:23:50.2208671Z   location: variable recipe of type CraftingRecipe
Fabric 1.21.11 build	Build Fabric artifact	2026-08-18T15:23:50.2210388Z /home/runner/work/Redliner101/Redliner101/Common/src/main/java/at/petrak/hexcasting/interop/patchouli/MultiCraftingProcessor.java:81: error: cannot find symbol
Fabric 1.21.11 build	Build Fabric artifact	2026-08-18T15:23:50.2214472Z                         ingredients.add(list.size() > realIndex ? list.get(realIndex) : Ingredient.EMPTY);
Fabric 1.21.11 build	Build Fabric artifact	2026-08-18T15:23:50.2215599Z                                                                                                   ^
Fabric 1.21.11 build	Build Fabric artifact	2026-08-18T15:23:50.2216358Z   symbol:   variable EMPTY
Fabric 1.21.11 build	Build Fabric artifact	2026-08-18T15:23:50.2217058Z   location: class Ingredient
Fabric 1.21.11 build	Build Fabric artifact	2026-08-18T15:23:50.2218329Z /home/runner/work/Redliner101/Redliner101/Common/src/main/java/at/petrak/hexcasting/interop/patchouli/MultiCraftingProcessor.java:85: error: cannot find symbol
Fabric 1.21.11 build	Build Fabric artifact	2026-08-18T15:23:50.2220044Z                     NonNullList<Ingredient> list = recipe.getIngredients();
Fabric 1.21.11 build	Build Fabric artifact	2026-08-18T15:23:50.2221044Z                                                          ^
Fabric 1.21.11 build	Build Fabric artifact	2026-08-18T15:23:50.2224335Z   symbol:   method getIngredients()
Fabric 1.21.11 build	Build Fabric artifact	2026-08-18T15:23:50.2225155Z   location: variable recipe of type CraftingRecipe
Fabric 1.21.11 build	Build Fabric artifact	2026-08-18T15:23:50.2226608Z /home/runner/work/Redliner101/Redliner101/Common/src/main/java/at/petrak/hexcasting/interop/patchouli/MultiCraftingProcessor.java:86: error: cannot find symbol
Fabric 1.21.11 build	Build Fabric artifact	2026-08-18T15:23:50.2237650Z                     ingredients.add(list.size() > index ? list.get(index) : Ingredient.EMPTY);
Fabric 1.21.11 build	Build Fabric artifact	2026-08-18T15:23:50.2238818Z                                                                                       ^
Fabric 1.21.11 build	Build Fabric artifact	2026-08-18T15:23:50.2239540Z   symbol:   variable EMPTY
Fabric 1.21.11 build	Build Fabric artifact	2026-08-18T15:23:50.2240447Z   location: class Ingredient
Fabric 1.21.11 build	Build Fabric artifact	2026-08-18T15:23:50.2241961Z /home/runner/work/Redliner101/Redliner101/Common/src/main/java/at/petrak/hexcasting/interop/patchouli/MultiCraftingProcessor.java:94: error: cannot find symbol
Fabric 1.21.11 build	Build Fabric artifact	2026-08-18T15:23:50.2243593Z                         .map(recipe -> recipe.getResultItem(level.registryAccess()))
Fabric 1.21.11 build	Build Fabric artifact	2026-08-18T15:23:50.2244518Z                                              ^
Fabric 1.21.11 build	Build Fabric artifact	2026-08-18T15:23:50.2245673Z   symbol:   method getResultItem(RegistryAccess)
Fabric 1.21.11 build	Build Fabric artifact	2026-08-18T15:23:50.2246466Z   location: variable recipe of type CraftingRecipe
Fabric 1.21.11 build	Build Fabric artifact	2026-08-18T15:23:50.2250468Z /home/runner/work/Redliner101/Redliner101/Common/src/main/java/at/petrak/hexcasting/interop/utils/PatternDrawingUtil.java:24: error: cannot find symbol
Fabric 1.21.11 build	Build Fabric artifact	2026-08-18T15:23:50.2257961Z         poseStack.pushPose();
Fabric 1.21.11 build	Build Fabric artifact	2026-08-18T15:23:50.2258992Z                  ^
Fabric 1.21.11 build	Build Fabric artifact	2026-08-18T15:23:50.2259547Z   symbol:   method pushPose()
Fabric 1.21.11 build	Build Fabric artifact	2026-08-18T15:23:50.2260546Z   location: variable poseStack of type Matrix3x2fStack
Fabric 1.21.11 build	Build Fabric artifact	2026-08-18T15:23:50.2262132Z /home/runner/work/Redliner101/Redliner101/Common/src/main/java/at/petrak/hexcasting/interop/utils/PatternDrawingUtil.java:25: error: incompatible types: int cannot be converted to Matrix3x2f
Fabric 1.21.11 build	Build Fabric artifact	2026-08-18T15:23:50.2263634Z         poseStack.translate(x, y, 1);
Fabric 1.21.11 build	Build Fabric artifact	2026-08-18T15:23:50.2264293Z                                   ^
Fabric 1.21.11 build	Build Fabric artifact	2026-08-18T15:23:50.2265569Z /home/runner/work/Redliner101/Redliner101/Common/src/main/java/at/petrak/hexcasting/interop/utils/PatternDrawingUtil.java:26: error: cannot find symbol
Fabric 1.21.11 build	Build Fabric artifact	2026-08-18T15:23:50.2266901Z         var mat = poseStack.last().pose();
Fabric 1.21.11 build	Build Fabric artifact	2026-08-18T15:23:50.2267561Z                            ^
Fabric 1.21.11 build	Build Fabric artifact	2026-08-18T15:23:50.2268128Z   symbol:   method last()
Fabric 1.21.11 build	Build Fabric artifact	2026-08-18T15:23:50.2268866Z   location: variable poseStack of type Matrix3x2fStack
Fabric 1.21.11 build	Build Fabric artifact	2026-08-18T15:23:50.2270267Z /home/runner/work/Redliner101/Redliner101/Common/src/main/java/at/petrak/hexcasting/interop/utils/PatternDrawingUtil.java:27: error: cannot find symbol
Fabric 1.21.11 build	Build Fabric artifact	2026-08-18T15:23:50.2273170Z         var prevShader = RenderSystem.getShader();
Fabric 1.21.11 build	Build Fabric artifact	2026-08-18T15:23:50.2274211Z                                      ^
Fabric 1.21.11 build	Build Fabric artifact	2026-08-18T15:23:50.2274838Z   symbol:   method getShader()
Fabric 1.21.11 build	Build Fabric artifact	2026-08-18T15:23:50.2275464Z   location: class RenderSystem
Fabric 1.21.11 build	Build Fabric artifact	2026-08-18T15:23:50.2276720Z /home/runner/work/Redliner101/Redliner101/Common/src/main/java/at/petrak/hexcasting/interop/utils/PatternDrawingUtil.java:28: error: invalid method reference
Fabric 1.21.11 build	Build Fabric artifact	2026-08-18T15:23:50.2278200Z         RenderSystem.setShader(GameRenderer::getPositionColorShader);
Fabric 1.21.11 build	Build Fabric artifact	2026-08-18T15:23:50.2279005Z                                ^
Fabric 1.21.11 build	Build Fabric artifact	2026-08-18T15:23:50.2279787Z   cannot find symbol
Fabric 1.21.11 build	Build Fabric artifact	2026-08-18T15:23:50.2280533Z     symbol:   method getPositionColorShader()
Fabric 1.21.11 build	Build Fabric artifact	2026-08-18T15:23:50.2281271Z     location: class GameRenderer
Fabric 1.21.11 build	Build Fabric artifact	2026-08-18T15:23:50.2282484Z /home/runner/work/Redliner101/Redliner101/Common/src/main/java/at/petrak/hexcasting/interop/utils/PatternDrawingUtil.java:30: error: cannot find symbol
Fabric 1.21.11 build	Build Fabric artifact	2026-08-18T15:23:50.2283796Z         RenderSystem.defaultBlendFunc();
Fabric 1.21.11 build	Build Fabric artifact	2026-08-18T15:23:50.2284410Z                     ^
Fabric 1.21.11 build	Build Fabric artifact	2026-08-18T15:23:50.2284975Z   symbol:   method defaultBlendFunc()
Fabric 1.21.11 build	Build Fabric artifact	2026-08-18T15:23:50.2285685Z   location: class RenderSystem
Fabric 1.21.11 build	Build Fabric artifact	2026-08-18T15:23:50.2286880Z /home/runner/work/Redliner101/Redliner101/Common/src/main/java/at/petrak/hexcasting/interop/utils/PatternDrawingUtil.java:54: error: cannot find symbol
Fabric 1.21.11 build	Build Fabric artifact	2026-08-18T15:23:50.2288167Z         RenderSystem.defaultBlendFunc();
Fabric 1.21.11 build	Build Fabric artifact	2026-08-18T15:23:50.2288805Z                     ^
Fabric 1.21.11 build	Build Fabric artifact	2026-08-18T15:23:50.2289377Z   symbol:   method defaultBlendFunc()
Fabric 1.21.11 build	Build Fabric artifact	2026-08-18T15:23:50.2290271Z   location: class RenderSystem
Fabric 1.21.11 build	Build Fabric artifact	2026-08-18T15:23:50.2291502Z /home/runner/work/Redliner101/Redliner101/Common/src/main/java/at/petrak/hexcasting/interop/utils/PatternDrawingUtil.java:55: error: cannot find symbol
Fabric 1.21.11 build	Build Fabric artifact	2026-08-18T15:23:50.2292873Z         RenderSystem.setShader(() -> prevShader);
Fabric 1.21.11 build	Build Fabric artifact	2026-08-18T15:23:50.2293570Z                     ^
Fabric 1.21.11 build	Build Fabric artifact	2026-08-18T15:23:50.2294154Z   symbol:   method setShader(()->prevShader)
Fabric 1.21.11 build	Build Fabric artifact	2026-08-18T15:23:50.2294866Z   location: class RenderSystem
Fabric 1.21.11 build	Build Fabric artifact	2026-08-18T15:23:50.2296067Z /home/runner/work/Redliner101/Redliner101/Common/src/main/java/at/petrak/hexcasting/interop/utils/PatternDrawingUtil.java:58: error: cannot find symbol
Fabric 1.21.11 build	Build Fabric artifact	2026-08-18T15:23:50.2297583Z         poseStack.popPose();
Fabric 1.21.11 build	Build Fabric artifact	2026-08-18T15:23:50.2298199Z                  ^
Fabric 1.21.11 build	Build Fabric artifact	2026-08-18T15:23:50.2298721Z   symbol:   method popPose()
Fabric 1.21.11 build	Build Fabric artifact	2026-08-18T15:23:50.2299435Z   location: variable poseStack of type Matrix3x2fStack
Fabric 1.21.11 build	Build Fabric artifact	2026-08-18T15:23:50.2301010Z /home/runner/work/Redliner101/Redliner101/Common/src/main/java/at/petrak/hexcasting/interop/inline/InlinePatternData.java:47: error: cannot find symbol
Fabric 1.21.11 build	Build Fabric artifact	2026-08-18T15:23:50.2302605Z         HoverEvent he = new HoverEvent(HoverEvent.Action.SHOW_ITEM, new HoverEvent.ItemStackInfo(scrollStack));
Fabric 1.21.11 build	Build Fabric artifact	2026-08-18T15:23:50.2303690Z                                                                                   ^
Fabric 1.21.11 build	Build Fabric artifact	2026-08-18T15:23:50.2304602Z   symbol:   class ItemStackInfo
Fabric 1.21.11 build	Build Fabric artifact	2026-08-18T15:23:50.2305271Z   location: interface HoverEvent
Fabric 1.21.11 build	Build Fabric artifact	2026-08-18T15:23:50.2306705Z /home/runner/work/Redliner101/Redliner101/Common/src/main/java/at/petrak/hexcasting/interop/inline/InlinePatternData.java:47: error: HoverEvent is abstract; cannot be instantiated
Fabric 1.21.11 build	Build Fabric artifact	2026-08-18T15:23:50.2308425Z         HoverEvent he = new HoverEvent(HoverEvent.Action.SHOW_ITEM, new HoverEvent.ItemStackInfo(scrollStack));
Fabric 1.21.11 build	Build Fabric artifact	2026-08-18T15:23:50.2309441Z                         ^
Fabric 1.21.11 build	Build Fabric artifact	2026-08-18T15:23:50.2310885Z /home/runner/work/Redliner101/Redliner101/Common/src/main/java/at/petrak/hexcasting/interop/inline/InlinePatternData.java:48: error: ClickEvent is abstract; cannot be instantiated
Fabric 1.21.11 build	Build Fabric artifact	2026-08-18T15:23:50.2312564Z         ClickEvent ce = new ClickEvent(ClickEvent.Action.COPY_TO_CLIPBOARD, pattern.toString());
Fabric 1.21.11 build	Build Fabric artifact	2026-08-18T15:23:50.2313513Z                         ^
Fabric 1.21.11 build	Build Fabric artifact	2026-08-18T15:23:50.3162095Z /home/runner/work/Redliner101/Redliner101/Common/src/main/java/at/petrak/hexcasting/interop/inline/InlinePatternRenderer.java:64: error: incompatible types: Style cannot be converted to InlineStyle
Fabric 1.21.11 build	Build Fabric artifact	2026-08-18T15:23:50.3191108Z         int glowyParentColor = ((InlineStyle) style).getComponent(InlineStyle.GLOWY_PARENT_COMP);
Fabric 1.21.11 build	Build Fabric artifact	2026-08-18T15:23:50.3211444Z                                               ^
Fabric 1.21.11 build	Build Fabric artifact	2026-08-18T15:23:50.3223478Z /home/runner/work/Redliner101/Redliner101/Common/src/main/java/at/petrak/hexcasting/interop/inline/InlinePatternRenderer.java:66: error: cannot find symbol
Fabric 1.21.11 build	Build Fabric artifact	2026-08-18T15:23:50.3260884Z         drawContext.pose().pushPose();
Fabric 1.21.11 build	Build Fabric artifact	2026-08-18T15:23:50.3261788Z                           ^
Fabric 1.21.11 build	Build Fabric artifact	2026-08-18T15:23:50.3262425Z   symbol:   method pushPose()
Fabric 1.21.11 build	Build Fabric artifact	2026-08-18T15:23:50.3263101Z   location: class Matrix3x2fStack
Fabric 1.21.11 build	Build Fabric artifact	2026-08-18T15:23:50.3264671Z /home/runner/work/Redliner101/Redliner101/Common/src/main/java/at/petrak/hexcasting/interop/inline/InlinePatternRenderer.java:67: error: incompatible types: float cannot be converted to Matrix3x2f
Fabric 1.21.11 build	Build Fabric artifact	2026-08-18T15:23:50.3266578Z         drawContext.pose().translate(isGlowy ? -1f : 0, isGlowy ? -1.5f : -0.5f, 0f);
Fabric 1.21.11 build	Build Fabric artifact	2026-08-18T15:23:50.3267474Z                                                                                  ^
Fabric 1.21.11 build	Build Fabric artifact	2026-08-18T15:23:50.3269216Z /home/runner/work/Redliner101/Redliner101/Common/src/main/java/at/petrak/hexcasting/interop/inline/InlinePatternRenderer.java:70: error: incompatible types: Matrix3x2fStack cannot be converted to PoseStack
Fabric 1.21.11 build	Build Fabric artifact	2026-08-18T15:23:50.3271329Z         boolean isFlat = InlineRenderer.isFlat(drawContext.pose(), trContext.layerType());
Fabric 1.21.11 build	Build Fabric artifact	2026-08-18T15:23:50.3272393Z                                                                ^
Fabric 1.21.11 build	Build Fabric artifact	2026-08-18T15:23:50.3273798Z /home/runner/work/Redliner101/Redliner101/Common/src/main/java/at/petrak/hexcasting/interop/inline/InlinePatternRenderer.java:72: error: cannot find symbol
Fabric 1.21.11 build	Build Fabric artifact	2026-08-18T15:23:50.3275198Z         Matrix3f normalMatrix = drawContext.pose().last().normal();
Fabric 1.21.11 build	Build Fabric artifact	2026-08-18T15:23:50.3276008Z                                                   ^
Fabric 1.21.11 build	Build Fabric artifact	2026-08-18T15:23:50.3276670Z   symbol:   method last()
Fabric 1.21.11 build	Build Fabric artifact	2026-08-18T15:23:50.3277321Z   location: class Matrix3x2fStack
Fabric 1.21.11 build	Build Fabric artifact	2026-08-18T15:23:50.3279320Z /home/runner/work/Redliner101/Redliner101/Common/src/main/java/at/petrak/hexcasting/interop/inline/InlinePatternRenderer.java:73: error: no suitable method found for renderPattern(@org.jetbrains.annotations.NotNull HexPattern,Matrix3x2fStack,isFlat ? n[...], 1)),isGlowy ? [...]TINGS,isGlowy ? [...]olor),int,int)
Fabric 1.21.11 build	Build Fabric artifact	2026-08-18T15:23:50.3282223Z         PatternRenderer.renderPattern(data.pattern, drawContext.pose(), isFlat ? null : new PatternRenderer.WorldlyBits(drawContext.bufferSource(), trContext.light(), new Vec3(0, 0, 1)),
Fabric 1.21.11 build	Build Fabric artifact	2026-08-18T15:23:50.3283736Z                        ^
Fabric 1.21.11 build	Build Fabric artifact	2026-08-18T15:23:50.3284947Z     method PatternRenderer.renderPattern(HexPattern,PoseStack,WorldlyBits,PatternSettings,PatternColors,double,int) is not applicable
Fabric 1.21.11 build	Build Fabric artifact	2026-08-18T15:23:50.3286411Z       (argument mismatch; Matrix3x2fStack cannot be converted to PoseStack)
Fabric 1.21.11 build	Build Fabric artifact	2026-08-18T15:23:50.3288099Z     method PatternRenderer.renderPattern(HexPatternLike,PoseStack,WorldlyBits,PatternSettings,PatternColors,double,int) is not applicable
Fabric 1.21.11 build	Build Fabric artifact	2026-08-18T15:23:50.3289890Z       (argument mismatch; @org.jetbrains.annotations.NotNull HexPattern cannot be converted to HexPatternLike)
Fabric 1.21.11 build	Build Fabric artifact	2026-08-18T15:23:50.3291681Z /home/runner/work/Redliner101/Redliner101/Common/src/main/java/at/petrak/hexcasting/interop/inline/InlinePatternRenderer.java:73: error: cannot find symbol
Fabric 1.21.11 build	Build Fabric artifact	2026-08-18T15:23:50.3293710Z         PatternRenderer.renderPattern(data.pattern, drawContext.pose(), isFlat ? null : new PatternRenderer.WorldlyBits(drawContext.bufferSource(), trContext.light(), new Vec3(0, 0, 1)),
Fabric 1.21.11 build	Build Fabric artifact	2026-08-18T15:23:50.3295410Z                                                                                                                                    ^
Fabric 1.21.11 build	Build Fabric artifact	2026-08-18T15:23:50.3296245Z   symbol:   method bufferSource()
Fabric 1.21.11 build	Build Fabric artifact	2026-08-18T15:23:50.3296951Z   location: variable drawContext of type GuiGraphics
Fabric 1.21.11 build	Build Fabric artifact	2026-08-18T15:23:50.3298456Z /home/runner/work/Redliner101/Redliner101/Common/src/main/java/at/petrak/hexcasting/interop/inline/InlinePatternRenderer.java:78: error: cannot find symbol
Fabric 1.21.11 build	Build Fabric artifact	2026-08-18T15:23:50.3299923Z         drawContext.pose().popPose();
Fabric 1.21.11 build	Build Fabric artifact	2026-08-18T15:23:50.3300995Z                           ^
Fabric 1.21.11 build	Build Fabric artifact	2026-08-18T15:23:50.3301601Z   symbol:   method popPose()
Fabric 1.21.11 build	Build Fabric artifact	2026-08-18T15:23:50.3302221Z   location: class Matrix3x2fStack
Fabric 1.21.11 build	Build Fabric artifact	2026-08-18T15:23:50.3303464Z /home/runner/work/Redliner101/Redliner101/Common/src/main/java/at/petrak/hexcasting/datagen/HexLootTables.java:77: error: cannot find symbol
Fabric 1.21.11 build	Build Fabric artifact	2026-08-18T15:23:50.3305052Z                 .apply(CopyComponentsFunction.copyComponents(CopyComponentsFunction.Source.BLOCK_ENTITY)
Fabric 1.21.11 build	Build Fabric artifact	2026-08-18T15:23:50.3306060Z                                                                                    ^
Fabric 1.21.11 build	Build Fabric artifact	2026-08-18T15:23:50.3306817Z   symbol:   variable Source
Fabric 1.21.11 build	Build Fabric artifact	2026-08-18T15:23:50.3307434Z   location: class CopyComponentsFunction
Fabric 1.21.11 build	Build Fabric artifact	2026-08-18T15:23:50.3308676Z /home/runner/work/Redliner101/Redliner101/Common/src/main/java/at/petrak/hexcasting/datagen/HexLootTables.java:90: error: cannot find symbol
Fabric 1.21.11 build	Build Fabric artifact	2026-08-18T15:23:50.3310197Z                     ItemSubPredicates.ENCHANTMENTS,
Fabric 1.21.11 build	Build Fabric artifact	2026-08-18T15:23:50.3310894Z                     ^
Fabric 1.21.11 build	Build Fabric artifact	2026-08-18T15:23:50.3311577Z   symbol:   variable ItemSubPredicates
Fabric 1.21.11 build	Build Fabric artifact	2026-08-18T15:23:50.3312264Z   location: class HexLootTables
Fabric 1.21.11 build	Build Fabric artifact	2026-08-18T15:23:50.3313444Z /home/runner/work/Redliner101/Redliner101/Common/src/main/java/at/petrak/hexcasting/datagen/HexLootTables.java:91: error: cannot find symbol
Fabric 1.21.11 build	Build Fabric artifact	2026-08-18T15:23:50.3314734Z                     ItemEnchantmentsPredicate.enchantments(
Fabric 1.21.11 build	Build Fabric artifact	2026-08-18T15:23:50.3315461Z                     ^
Fabric 1.21.11 build	Build Fabric artifact	2026-08-18T15:23:50.3316111Z   symbol:   variable ItemEnchantmentsPredicate
Fabric 1.21.11 build	Build Fabric artifact	2026-08-18T15:23:50.3316804Z   location: class HexLootTables
Fabric 1.21.11 build	Build Fabric artifact	2026-08-18T15:23:50.3318299Z /home/runner/work/Redliner101/Redliner101/Common/src/main/java/at/petrak/hexcasting/datagen/HexLootTables.java:97: error: incompatible types: TagKey<Item> cannot be converted to HolderGetter<Item>
Fabric 1.21.11 build	Build Fabric artifact	2026-08-18T15:23:50.3320171Z             ItemPredicate.Builder.item().of(ItemTags.CLUSTER_MAX_HARVESTABLES)
Fabric 1.21.11 build	Build Fabric artifact	2026-08-18T15:23:50.3321038Z                                                     ^
Fabric 1.21.11 build	Build Fabric artifact	2026-08-18T15:23:50.3322281Z /home/runner/work/Redliner101/Redliner101/Common/src/main/java/at/petrak/hexcasting/datagen/HexLootTables.java:153: error: cannot find symbol
Fabric 1.21.11 build	Build Fabric artifact	2026-08-18T15:23:50.3323632Z                                 ItemSubPredicates.ENCHANTMENTS,
Fabric 1.21.11 build	Build Fabric artifact	2026-08-18T15:23:50.3324328Z                                 ^
Fabric 1.21.11 build	Build Fabric artifact	2026-08-18T15:23:50.3324956Z   symbol:   variable ItemSubPredicates
Fabric 1.21.11 build	Build Fabric artifact	2026-08-18T15:23:50.3325589Z   location: class HexLootTables
Fabric 1.21.11 build	Build Fabric artifact	2026-08-18T15:23:50.3326758Z /home/runner/work/Redliner101/Redliner101/Common/src/main/java/at/petrak/hexcasting/datagen/HexLootTables.java:154: error: cannot find symbol
Fabric 1.21.11 build	Build Fabric artifact	2026-08-18T15:23:50.3328036Z                                 ItemEnchantmentsPredicate.enchantments(
Fabric 1.21.11 build	Build Fabric artifact	2026-08-18T15:23:50.3328754Z                                 ^
Fabric 1.21.11 build	Build Fabric artifact	2026-08-18T15:23:50.3329733Z   symbol:   variable ItemEnchantmentsPredicate
Fabric 1.21.11 build	Build Fabric artifact	2026-08-18T15:23:50.3330444Z   location: class HexLootTables
Fabric 1.21.11 build	Build Fabric artifact	2026-08-18T15:23:50.3332054Z /home/runner/work/Redliner101/Redliner101/Common/src/main/java/at/petrak/hexcasting/datagen/recipe/HexplatRecipes.java:59: error: HexplatRecipes is not abstract and does not override abstract method buildRecipes() in RecipeProvider
Fabric 1.21.11 build	Build Fabric artifact	2026-08-18T15:23:50.3333861Z public class HexplatRecipes extends RecipeProvider {
Fabric 1.21.11 build	Build Fabric artifact	2026-08-18T15:23:50.3334746Z        ^
Fabric 1.21.11 build	Build Fabric artifact	2026-08-18T15:23:50.3336065Z /home/runner/work/Redliner101/Redliner101/Common/src/main/java/at/petrak/hexcasting/datagen/recipe/HexplatRecipes.java:80: error: incompatible types: PackOutput cannot be converted to Provider
Fabric 1.21.11 build	Build Fabric artifact	2026-08-18T15:23:50.3337730Z         super(output, registries);
Fabric 1.21.11 build	Build Fabric artifact	2026-08-18T15:23:50.3338340Z               ^
Fabric 1.21.11 build	Build Fabric artifact	2026-08-18T15:23:50.3339832Z /home/runner/work/Redliner101/Redliner101/Common/src/main/java/at/petrak/hexcasting/datagen/recipe/HexplatRecipes.java:85: error: method does not override or implement a method from a supertype
Fabric 1.21.11 build	Build Fabric artifact	2026-08-18T15:23:50.3341268Z     @Override
Fabric 1.21.11 build	Build Fabric artifact	2026-08-18T15:23:50.3341784Z     ^
Fabric 1.21.11 build	Build Fabric artifact	2026-08-18T15:23:50.3342908Z /home/runner/work/Redliner101/Redliner101/Common/src/main/java/at/petrak/hexcasting/datagen/recipe/HexplatRecipes.java:103: error: no suitable method found for of(TagKey<Item>)
Fabric 1.21.11 build	Build Fabric artifact	2026-08-18T15:23:50.3344708Z         staffRecipe(recipes, HexItems.STAFF_MINDSPLICE, Ingredient.of(HexTags.Items.MINDFLAYED_CIRCLE_COMPONENTS));
Fabric 1.21.11 build	Build Fabric artifact	2026-08-18T15:23:50.3345915Z                                                                   ^
Fabric 1.21.11 build	Build Fabric artifact	2026-08-18T15:23:50.3346671Z     method Ingredient.of(ItemLike) is not applicable
Fabric 1.21.11 build	Build Fabric artifact	2026-08-18T15:23:50.3347590Z       (argument mismatch; TagKey<Item> cannot be converted to ItemLike)
Fabric 1.21.11 build	Build Fabric artifact	2026-08-18T15:23:50.3348441Z     method Ingredient.of(ItemLike...) is not applicable
Fabric 1.21.11 build	Build Fabric artifact	2026-08-18T15:23:50.3349350Z       (varargs mismatch; TagKey<Item> cannot be converted to ItemLike)
Fabric 1.21.11 build	Build Fabric artifact	2026-08-18T15:23:50.3350600Z     method Ingredient.of(Stream<? extends ItemLike>) is not applicable
Fabric 1.21.11 build	Build Fabric artifact	2026-08-18T15:23:50.3351718Z       (argument mismatch; TagKey<Item> cannot be converted to Stream<? extends ItemLike>)
Fabric 1.21.11 build	Build Fabric artifact	2026-08-18T15:23:50.3352766Z     method Ingredient.of(HolderSet<Item>) is not applicable
Fabric 1.21.11 build	Build Fabric artifact	2026-08-18T15:23:50.3353687Z       (argument mismatch; TagKey<Item> cannot be converted to HolderSet<Item>)
Fabric 1.21.11 build	Build Fabric artifact	2026-08-18T15:23:50.3355403Z /home/runner/work/Redliner101/Redliner101/Common/src/main/java/at/petrak/hexcasting/datagen/recipe/HexplatRecipes.java:105: error: no suitable method found for shapeless(RecipeCategory,ItemThoughtKnot)
Fabric 1.21.11 build	Build Fabric artifact	2026-08-18T15:23:50.3357306Z         ShapelessRecipeBuilder.shapeless(RecipeCategory.TOOLS, HexItems.THOUGHT_KNOT)
Fabric 1.21.11 build	Build Fabric artifact	2026-08-18T15:23:50.3358221Z                               ^
Fabric 1.21.11 build	Build Fabric artifact	2026-08-18T15:23:50.3359220Z     method ShapelessRecipeBuilder.shapeless(HolderGetter<Item>,RecipeCategory,ItemStack) is not applicable
Fabric 1.21.11 build	Build Fabric artifact	2026-08-18T15:23:50.3360515Z       (actual and formal argument lists differ in length)
Fabric 1.21.11 build	Build Fabric artifact	2026-08-18T15:23:50.3361604Z     method ShapelessRecipeBuilder.shapeless(HolderGetter<Item>,RecipeCategory,ItemLike) is not applicable
Fabric 1.21.11 build	Build Fabric artifact	2026-08-18T15:23:50.3362832Z       (actual and formal argument lists differ in length)
Fabric 1.21.11 build	Build Fabric artifact	2026-08-18T15:23:50.3363875Z     method ShapelessRecipeBuilder.shapeless(HolderGetter<Item>,RecipeCategory,ItemLike,int) is not applicable
Fabric 1.21.11 build	Build Fabric artifact	2026-08-18T15:23:50.3365016Z       (actual and formal argument lists differ in length)
Fabric 1.21.11 build	Build Fabric artifact	2026-08-18T15:23:50.3366551Z /home/runner/work/Redliner101/Redliner101/Common/src/main/java/at/petrak/hexcasting/datagen/recipe/HexplatRecipes.java:110: error: no suitable method found for shaped(RecipeCategory,ItemFocus)
Fabric 1.21.11 build	Build Fabric artifact	2026-08-18T15:23:50.3368396Z         ShapedRecipeBuilder.shaped(RecipeCategory.TOOLS, HexItems.FOCUS)
Fabric 1.21.11 build	Build Fabric artifact	2026-08-18T15:23:50.3369289Z                            ^
Fabric 1.21.11 build	Build Fabric artifact	2026-08-18T15:23:50.3370388Z     method ShapedRecipeBuilder.shaped(HolderGetter<Item>,RecipeCategory,ItemLike) is not applicable
Fabric 1.21.11 build	Build Fabric artifact	2026-08-18T15:23:50.3371418Z       (actual and formal argument lists differ in length)
Fabric 1.21.11 build	Build Fabric artifact	2026-08-18T15:23:50.3372534Z     method ShapedRecipeBuilder.shaped(HolderGetter<Item>,RecipeCategory,ItemLike,int) is not applicable
Fabric 1.21.11 build	Build Fabric artifact	2026-08-18T15:23:50.3373860Z       (actual and formal argument lists differ in length)
Fabric 1.21.11 build	Build Fabric artifact	2026-08-18T15:23:50.3375449Z /home/runner/work/Redliner101/Redliner101/Common/src/main/java/at/petrak/hexcasting/datagen/recipe/HexplatRecipes.java:120: error: no suitable method found for shaped(RecipeCategory,ItemFocus)
Fabric 1.21.11 build	Build Fabric artifact	2026-08-18T15:23:50.3377333Z         ShapedRecipeBuilder.shaped(RecipeCategory.TOOLS, HexItems.FOCUS)
Fabric 1.21.11 build	Build Fabric artifact	2026-08-18T15:23:50.3378145Z                            ^
Fabric 1.21.11 build	Build Fabric artifact	2026-08-18T15:23:50.3379081Z     method ShapedRecipeBuilder.shaped(HolderGetter<Item>,RecipeCategory,ItemLike) is not applicable
Fabric 1.21.11 build	Build Fabric artifact	2026-08-18T15:23:50.3380290Z       (actual and formal argument lists differ in length)
Fabric 1.21.11 build	Build Fabric artifact	2026-08-18T15:23:50.3381412Z     method ShapedRecipeBuilder.shaped(HolderGetter<Item>,RecipeCategory,ItemLike,int) is not applicable
Fabric 1.21.11 build	Build Fabric artifact	2026-08-18T15:23:50.3382519Z       (actual and formal argument lists differ in length)
Fabric 1.21.11 build	Build Fabric artifact	2026-08-18T15:23:50.3384077Z /home/runner/work/Redliner101/Redliner101/Common/src/main/java/at/petrak/hexcasting/datagen/recipe/HexplatRecipes.java:131: error: no suitable method found for shaped(RecipeCategory,ItemSpellbook)
Fabric 1.21.11 build	Build Fabric artifact	2026-08-18T15:23:50.3385765Z         ShapedRecipeBuilder.shaped(RecipeCategory.TOOLS, HexItems.SPELLBOOK)
Fabric 1.21.11 build	Build Fabric artifact	2026-08-18T15:23:50.3386884Z                            ^
Fabric 1.21.11 build	Build Fabric artifact	2026-08-18T15:23:50.3387977Z     method ShapedRecipeBuilder.shaped(HolderGetter<Item>,RecipeCategory,ItemLike) is not applicable
Fabric 1.21.11 build	Build Fabric artifact	2026-08-18T15:23:50.3389055Z       (actual and formal argument lists differ in length)
Fabric 1.21.11 build	Build Fabric artifact	2026-08-18T15:23:50.3390415Z     method ShapedRecipeBuilder.shaped(HolderGetter<Item>,RecipeCategory,ItemLike,int) is not applicable
Fabric 1.21.11 build	Build Fabric artifact	2026-08-18T15:23:50.3391560Z       (actual and formal argument lists differ in length)
Fabric 1.21.11 build	Build Fabric artifact	2026-08-18T15:23:50.3393174Z /home/runner/work/Redliner101/Redliner101/Common/src/main/java/at/petrak/hexcasting/datagen/recipe/HexplatRecipes.java:155: error: no suitable method found for shaped(RecipeCategory,ItemArtifact)
Fabric 1.21.11 build	Build Fabric artifact	2026-08-18T15:23:50.3394903Z         ShapedRecipeBuilder.shaped(RecipeCategory.TOOLS, HexItems.ARTIFACT)
Fabric 1.21.11 build	Build Fabric artifact	2026-08-18T15:23:50.3395735Z                            ^
Fabric 1.21.11 build	Build Fabric artifact	2026-08-18T15:23:50.3396659Z     method ShapedRecipeBuilder.shaped(HolderGetter<Item>,RecipeCategory,ItemLike) is not applicable
Fabric 1.21.11 build	Build Fabric artifact	2026-08-18T15:23:50.3397745Z       (actual and formal argument lists differ in length)
Fabric 1.21.11 build	Build Fabric artifact	2026-08-18T15:23:50.3398856Z     method ShapedRecipeBuilder.shaped(HolderGetter<Item>,RecipeCategory,ItemLike,int) is not applicable
Fabric 1.21.11 build	Build Fabric artifact	2026-08-18T15:23:50.3400185Z       (actual and formal argument lists differ in length)
Fabric 1.21.11 build	Build Fabric artifact	2026-08-18T15:23:50.3401803Z /home/runner/work/Redliner101/Redliner101/Common/src/main/java/at/petrak/hexcasting/datagen/recipe/HexplatRecipes.java:169: error: no suitable method found for shaped(RecipeCategory,ItemAbacus)
Fabric 1.21.11 build	Build Fabric artifact	2026-08-18T15:23:50.3403538Z         ShapedRecipeBuilder.shaped(RecipeCategory.TOOLS, HexItems.ABACUS)
Fabric 1.21.11 build	Build Fabric artifact	2026-08-18T15:23:50.3404387Z                            ^
Fabric 1.21.11 build	Build Fabric artifact	2026-08-18T15:23:50.3405305Z     method ShapedRecipeBuilder.shaped(HolderGetter<Item>,RecipeCategory,ItemLike) is not applicable
Fabric 1.21.11 build	Build Fabric artifact	2026-08-18T15:23:50.3406340Z       (actual and formal argument lists differ in length)
Fabric 1.21.11 build	Build Fabric artifact	2026-08-18T15:23:50.3407410Z     method ShapedRecipeBuilder.shaped(HolderGetter<Item>,RecipeCategory,ItemLike,int) is not applicable
Fabric 1.21.11 build	Build Fabric artifact	2026-08-18T15:23:50.3408497Z       (actual and formal argument lists differ in length)
Fabric 1.21.11 build	Build Fabric artifact	2026-08-18T15:23:50.3410195Z /home/runner/work/Redliner101/Redliner101/Common/src/main/java/at/petrak/hexcasting/datagen/recipe/HexplatRecipes.java:179: error: no suitable method found for shaped(RecipeCategory,Item)
Fabric 1.21.11 build	Build Fabric artifact	2026-08-18T15:23:50.3411880Z         ShapedRecipeBuilder.shaped(RecipeCategory.FOOD, HexItems.SUBMARINE_SANDWICH)
Fabric 1.21.11 build	Build Fabric artifact	2026-08-18T15:23:50.3412726Z                            ^
Fabric 1.21.11 build	Build Fabric artifact	2026-08-18T15:23:50.3413635Z     method ShapedRecipeBuilder.shaped(HolderGetter<Item>,RecipeCategory,ItemLike) is not applicable
Fabric 1.21.11 build	Build Fabric artifact	2026-08-18T15:23:50.3414629Z       (actual and formal argument lists differ in length)
Fabric 1.21.11 build	Build Fabric artifact	2026-08-18T15:23:50.3415830Z     method ShapedRecipeBuilder.shaped(HolderGetter<Item>,RecipeCategory,ItemLike,int) is not applicable
Fabric 1.21.11 build	Build Fabric artifact	2026-08-18T15:23:50.3416992Z       (actual and formal argument lists differ in length)
Fabric 1.21.11 build	Build Fabric artifact	2026-08-18T15:23:50.3418541Z /home/runner/work/Redliner101/Redliner101/Common/src/main/java/at/petrak/hexcasting/datagen/recipe/HexplatRecipes.java:191: error: no suitable method found for shaped(RecipeCategory,ItemDyePigment)
Fabric 1.21.11 build	Build Fabric artifact	2026-08-18T15:23:50.3420425Z             ShapedRecipeBuilder.shaped(RecipeCategory.MISC, item)
Fabric 1.21.11 build	Build Fabric artifact	2026-08-18T15:23:50.3421247Z                                ^
Fabric 1.21.11 build	Build Fabric artifact	2026-08-18T15:23:50.3422161Z     method ShapedRecipeBuilder.shaped(HolderGetter<Item>,RecipeCategory,ItemLike) is not applicable
Fabric 1.21.11 build	Build Fabric artifact	2026-08-18T15:23:50.3423146Z       (actual and formal argument lists differ in length)
Fabric 1.21.11 build	Build Fabric artifact	2026-08-18T15:23:50.3424176Z     method ShapedRecipeBuilder.shaped(HolderGetter<Item>,RecipeCategory,ItemLike,int) is not applicable
Fabric 1.21.11 build	Build Fabric artifact	2026-08-18T15:23:50.3425319Z       (actual and formal argument lists differ in length)
Fabric 1.21.11 build	Build Fabric artifact	2026-08-18T15:23:50.3426817Z /home/runner/work/Redliner101/Redliner101/Common/src/main/java/at/petrak/hexcasting/datagen/recipe/HexplatRecipes.java:229: error: no suitable method found for shaped(RecipeCategory,ItemScroll)
Fabric 1.21.11 build	Build Fabric artifact	2026-08-18T15:23:50.3428511Z         ShapedRecipeBuilder.shaped(RecipeCategory.DECORATIONS, HexItems.SCROLL_SMOL)
Fabric 1.21.11 build	Build Fabric artifact	2026-08-18T15:23:50.3429822Z                            ^
Fabric 1.21.11 build	Build Fabric artifact	2026-08-18T15:23:50.3430780Z     method ShapedRecipeBuilder.shaped(HolderGetter<Item>,RecipeCategory,ItemLike) is not applicable
Fabric 1.21.11 build	Build Fabric artifact	2026-08-18T15:23:50.3431864Z       (actual and formal argument lists differ in length)
Fabric 1.21.11 build	Build Fabric artifact	2026-08-18T15:23:50.3432889Z     method ShapedRecipeBuilder.shaped(HolderGetter<Item>,RecipeCategory,ItemLike,int) is not applicable
Fabric 1.21.11 build	Build Fabric artifact	2026-08-18T15:23:50.3433945Z       (actual and formal argument lists differ in length)
Fabric 1.21.11 build	Build Fabric artifact	2026-08-18T15:23:50.3435514Z /home/runner/work/Redliner101/Redliner101/Common/src/main/java/at/petrak/hexcasting/datagen/recipe/HexplatRecipes.java:236: error: no suitable method found for shaped(RecipeCategory,ItemScroll)
Fabric 1.21.11 build	Build Fabric artifact	2026-08-18T15:23:50.3437204Z         ShapedRecipeBuilder.shaped(RecipeCategory.DECORATIONS, HexItems.SCROLL_MEDIUM)
Fabric 1.21.11 build	Build Fabric artifact	2026-08-18T15:23:50.3438071Z                            ^
Fabric 1.21.11 build	Build Fabric artifact	2026-08-18T15:23:50.3438974Z     method ShapedRecipeBuilder.shaped(HolderGetter<Item>,RecipeCategory,ItemLike) is not applicable
Fabric 1.21.11 build	Build Fabric artifact	2026-08-18T15:23:50.3440158Z       (actual and formal argument lists differ in length)
Fabric 1.21.11 build	Build Fabric artifact	2026-08-18T15:23:50.3441239Z     method ShapedRecipeBuilder.shaped(HolderGetter<Item>,RecipeCategory,ItemLike,int) is not applicable
Fabric 1.21.11 build	Build Fabric artifact	2026-08-18T15:23:50.3442309Z       (actual and formal argument lists differ in length)
Fabric 1.21.11 build	Build Fabric artifact	2026-08-18T15:23:50.3443841Z /home/runner/work/Redliner101/Redliner101/Common/src/main/java/at/petrak/hexcasting/datagen/recipe/HexplatRecipes.java:244: error: no suitable method found for shaped(RecipeCategory,ItemScroll)
Fabric 1.21.11 build	Build Fabric artifact	2026-08-18T15:23:50.3445558Z         ShapedRecipeBuilder.shaped(RecipeCategory.DECORATIONS, HexItems.SCROLL_LARGE)
Fabric 1.21.11 build	Build Fabric artifact	2026-08-18T15:23:50.3446449Z                            ^
Fabric 1.21.11 build	Build Fabric artifact	2026-08-18T15:23:50.3447384Z     method ShapedRecipeBuilder.shaped(HolderGetter<Item>,RecipeCategory,ItemLike) is not applicable
Fabric 1.21.11 build	Build Fabric artifact	2026-08-18T15:23:50.3448432Z       (actual and formal argument lists differ in length)
Fabric 1.21.11 build	Build Fabric artifact	2026-08-18T15:23:50.3449475Z     method ShapedRecipeBuilder.shaped(HolderGetter<Item>,RecipeCategory,ItemLike,int) is not applicable
Fabric 1.21.11 build	Build Fabric artifact	2026-08-18T15:23:50.3450732Z       (actual and formal argument lists differ in length)
Fabric 1.21.11 build	Build Fabric artifact	2026-08-18T15:23:50.3452495Z /home/runner/work/Redliner101/Redliner101/Common/src/main/java/at/petrak/hexcasting/datagen/recipe/HexplatRecipes.java:252: error: incompatible types: RecipeCategory cannot be converted to HolderGetter<Item>
Fabric 1.21.11 build	Build Fabric artifact	2026-08-18T15:23:50.3454279Z         ShapedRecipeBuilder.shaped(RecipeCategory.DECORATIONS, HexItems.SLATE, 6)
Fabric 1.21.11 build	Build Fabric artifact	2026-08-18T15:23:50.3455204Z                                                  ^
Fabric 1.21.11 build	Build Fabric artifact	2026-08-18T15:23:50.3456876Z /home/runner/work/Redliner101/Redliner101/Common/src/main/java/at/petrak/hexcasting/datagen/recipe/HexplatRecipes.java:259: error: no suitable method found for shaped(RecipeCategory,ItemJewelerHammer)
Fabric 1.21.11 build	Build Fabric artifact	2026-08-18T15:23:50.3458827Z         ShapedRecipeBuilder.shaped(RecipeCategory.TOOLS, HexItems.JEWELER_HAMMER)
Fabric 1.21.11 build	Build Fabric artifact	2026-08-18T15:23:50.3459808Z                            ^
Fabric 1.21.11 build	Build Fabric artifact	2026-08-18T15:23:50.3460871Z     method ShapedRecipeBuilder.shaped(HolderGetter<Item>,RecipeCategory,ItemLike) is not applicable
Fabric 1.21.11 build	Build Fabric artifact	2026-08-18T15:23:50.3461908Z       (actual and formal argument lists differ in length)
Fabric 1.21.11 build	Build Fabric artifact	2026-08-18T15:23:50.3462949Z     method ShapedRecipeBuilder.shaped(HolderGetter<Item>,RecipeCategory,ItemLike,int) is not applicable
Fabric 1.21.11 build	Build Fabric artifact	2026-08-18T15:23:50.3464096Z       (actual and formal argument lists differ in length)
Fabric 1.21.11 build	Build Fabric artifact	2026-08-18T15:23:50.3465633Z /home/runner/work/Redliner101/Redliner101/Common/src/main/java/at/petrak/hexcasting/datagen/recipe/HexplatRecipes.java:269: error: no suitable method found for shapeless(RecipeCategory,Item,int)
Fabric 1.21.11 build	Build Fabric artifact	2026-08-18T15:23:50.3467325Z         ShapelessRecipeBuilder.shapeless(RecipeCategory.MISC, HexItems.AMETHYST_DUST,
Fabric 1.21.11 build	Build Fabric artifact	2026-08-18T15:23:50.3468237Z                               ^
Fabric 1.21.11 build	Build Fabric artifact	2026-08-18T15:23:50.3469134Z     method ShapelessRecipeBuilder.shapeless(HolderGetter<Item>,RecipeCategory,ItemStack) is not applicable
Fabric 1.21.11 build	Build Fabric artifact	2026-08-18T15:23:50.3470527Z       (argument mismatch; RecipeCategory cannot be converted to HolderGetter<Item>)
Fabric 1.21.11 build	Build Fabric artifact	2026-08-18T15:23:50.3471910Z     method ShapelessRecipeBuilder.shapeless(HolderGetter<Item>,RecipeCategory,ItemLike) is not applicable
Fabric 1.21.11 build	Build Fabric artifact	2026-08-18T15:23:50.3473090Z       (argument mismatch; RecipeCategory cannot be converted to HolderGetter<Item>)
Fabric 1.21.11 build	Build Fabric artifact	2026-08-18T15:23:50.3474747Z /home/runner/work/Redliner101/Redliner101/Common/src/main/java/at/petrak/hexcasting/datagen/recipe/HexplatRecipes.java:275: error: no suitable method found for shapeless(RecipeCategory,Item,int)
Fabric 1.21.11 build	Build Fabric artifact	2026-08-18T15:23:50.3476396Z         ShapelessRecipeBuilder.shapeless(RecipeCategory.MISC, Items.AMETHYST_SHARD,
Fabric 1.21.11 build	Build Fabric artifact	2026-08-18T15:23:50.3477291Z                               ^
Fabric 1.21.11 build	Build Fabric artifact	2026-08-18T15:23:50.3478211Z     method ShapelessRecipeBuilder.shapeless(HolderGetter<Item>,RecipeCategory,ItemStack) is not applicable
Fabric 1.21.11 build	Build Fabric artifact	2026-08-18T15:23:50.3479358Z       (argument mismatch; RecipeCategory cannot be converted to HolderGetter<Item>)
Fabric 1.21.11 build	Build Fabric artifact	2026-08-18T15:23:50.3480739Z     method ShapelessRecipeBuilder.shapeless(HolderGetter<Item>,RecipeCategory,ItemLike) is not applicable
Fabric 1.21.11 build	Build Fabric artifact	2026-08-18T15:23:50.3481937Z       (argument mismatch; RecipeCategory cannot be converted to HolderGetter<Item>)
Fabric 1.21.11 build	Build Fabric artifact	2026-08-18T15:23:50.3483620Z /home/runner/work/Redliner101/Redliner101/Common/src/main/java/at/petrak/hexcasting/datagen/recipe/HexplatRecipes.java:281: error: no suitable method found for shapeless(RecipeCategory,Item,int)
Fabric 1.21.11 build	Build Fabric artifact	2026-08-18T15:23:50.3485346Z         ShapelessRecipeBuilder.shapeless(RecipeCategory.MISC, HexItems.CHARGED_AMETHYST,
Fabric 1.21.11 build	Build Fabric artifact	2026-08-18T15:23:50.3486142Z                               ^
Fabric 1.21.11 build	Build Fabric artifact	2026-08-18T15:23:50.3487128Z     method ShapelessRecipeBuilder.shapeless(HolderGetter<Item>,RecipeCategory,ItemStack) is not applicable
Fabric 1.21.11 build	Build Fabric artifact	2026-08-18T15:23:50.3488328Z       (argument mismatch; RecipeCategory cannot be converted to HolderGetter<Item>)
Fabric 1.21.11 build	Build Fabric artifact	2026-08-18T15:23:50.3489568Z     method ShapelessRecipeBuilder.shapeless(HolderGetter<Item>,RecipeCategory,ItemLike) is not applicable
Fabric 1.21.11 build	Build Fabric artifact	2026-08-18T15:23:50.3491131Z       (argument mismatch; RecipeCategory cannot be converted to HolderGetter<Item>)
Fabric 1.21.11 build	Build Fabric artifact	2026-08-18T15:23:50.3492760Z /home/runner/work/Redliner101/Redliner101/Common/src/main/java/at/petrak/hexcasting/datagen/recipe/HexplatRecipes.java:288: error: no suitable method found for shaped(RecipeCategory,Block)
Fabric 1.21.11 build	Build Fabric artifact	2026-08-18T15:23:50.3494275Z         ShapedRecipeBuilder.shaped(RecipeCategory.BUILDING_BLOCKS, HexBlocks.SLATE_BLOCK)
Fabric 1.21.11 build	Build Fabric artifact	2026-08-18T15:23:50.3495062Z                            ^
Fabric 1.21.11 build	Build Fabric artifact	2026-08-18T15:23:50.3496061Z     method ShapedRecipeBuilder.shaped(HolderGetter<Item>,RecipeCategory,ItemLike) is not applicable
Fabric 1.21.11 build	Build Fabric artifact	2026-08-18T15:23:50.3496941Z       (actual and formal argument lists differ in length)
Fabric 1.21.11 build	Build Fabric artifact	2026-08-18T15:23:50.3497926Z     method ShapedRecipeBuilder.shaped(HolderGetter<Item>,RecipeCategory,ItemLike,int) is not applicable
Fabric 1.21.11 build	Build Fabric artifact	2026-08-18T15:23:50.3499232Z       (actual and formal argument lists differ in length)
Fabric 1.21.11 build	Build Fabric artifact	2026-08-18T15:23:50.3500956Z /home/runner/work/Redliner101/Redliner101/Common/src/main/java/at/petrak/hexcasting/datagen/recipe/HexplatRecipes.java:304: error: no suitable method found for shapeless(RecipeCategory,Block,int)
Fabric 1.21.11 build	Build Fabric artifact	2026-08-18T15:23:50.3502742Z         ShapelessRecipeBuilder.shapeless(RecipeCategory.BUILDING_BLOCKS, HexBlocks.ANCIENT_SCROLL_PAPER, 8)
Fabric 1.21.11 build	Build Fabric artifact	2026-08-18T15:23:50.3503667Z                               ^
Fabric 1.21.11 build	Build Fabric artifact	2026-08-18T15:23:50.3504606Z     method ShapelessRecipeBuilder.shapeless(HolderGetter<Item>,RecipeCategory,ItemStack) is not applicable
Fabric 1.21.11 build	Build Fabric artifact	2026-08-18T15:23:50.3505829Z       (argument mismatch; RecipeCategory cannot be converted to HolderGetter<Item>)
Fabric 1.21.11 build	Build Fabric artifact	2026-08-18T15:23:50.3507161Z     method ShapelessRecipeBuilder.shapeless(HolderGetter<Item>,RecipeCategory,ItemLike) is not applicable
Fabric 1.21.11 build	Build Fabric artifact	2026-08-18T15:23:50.3508329Z       (argument mismatch; RecipeCategory cannot be converted to HolderGetter<Item>)
Fabric 1.21.11 build	Build Fabric artifact	2026-08-18T15:23:50.3510047Z /home/runner/work/Redliner101/Redliner101/Common/src/main/java/at/petrak/hexcasting/datagen/recipe/HexplatRecipes.java:315: error: no suitable method found for shapeless(RecipeCategory,Block,int)
Fabric 1.21.11 build	Build Fabric artifact	2026-08-18T15:23:50.3511853Z         ShapelessRecipeBuilder.shapeless(RecipeCategory.DECORATIONS, HexBlocks.ANCIENT_SCROLL_PAPER_LANTERN, 8)
Fabric 1.21.11 build	Build Fabric artifact	2026-08-18T15:23:50.3513054Z                               ^
Fabric 1.21.11 build	Build Fabric artifact	2026-08-18T15:23:50.3513993Z     method ShapelessRecipeBuilder.shapeless(HolderGetter<Item>,RecipeCategory,ItemStack) is not applicable
Fabric 1.21.11 build	Build Fabric artifact	2026-08-18T15:23:50.3515123Z       (argument mismatch; RecipeCategory cannot be converted to HolderGetter<Item>)
Fabric 1.21.11 build	Build Fabric artifact	2026-08-18T15:23:50.3516342Z     method ShapelessRecipeBuilder.shapeless(HolderGetter<Item>,RecipeCategory,ItemLike) is not applicable
Fabric 1.21.11 build	Build Fabric artifact	2026-08-18T15:23:50.3517532Z       (argument mismatch; RecipeCategory cannot be converted to HolderGetter<Item>)
Fabric 1.21.11 build	Build Fabric artifact	2026-08-18T15:23:50.3519198Z /home/runner/work/Redliner101/Redliner101/Common/src/main/java/at/petrak/hexcasting/datagen/recipe/HexplatRecipes.java:326: error: no suitable method found for shapeless(RecipeCategory,Block,int)
Fabric 1.21.11 build	Build Fabric artifact	2026-08-18T15:23:50.3521303Z         ShapelessRecipeBuilder.shapeless(RecipeCategory.BUILDING_BLOCKS, HexBlocks.EDIFIED_PLANKS, 4)
Fabric 1.21.11 build	Build Fabric artifact	2026-08-18T15:23:50.3522273Z                               ^
Fabric 1.21.11 build	Build Fabric artifact	2026-08-18T15:23:50.3523282Z     method ShapelessRecipeBuilder.shapeless(HolderGetter<Item>,RecipeCategory,ItemStack) is not applicable
Fabric 1.21.11 build	Build Fabric artifact	2026-08-18T15:23:50.3524471Z       (argument mismatch; RecipeCategory cannot be converted to HolderGetter<Item>)
Fabric 1.21.11 build	Build Fabric artifact	2026-08-18T15:23:50.3525680Z     method ShapelessRecipeBuilder.shapeless(HolderGetter<Item>,RecipeCategory,ItemLike) is not applicable
Fabric 1.21.11 build	Build Fabric artifact	2026-08-18T15:23:50.3526953Z       (argument mismatch; RecipeCategory cannot be converted to HolderGetter<Item>)
Fabric 1.21.11 build	Build Fabric artifact	2026-08-18T15:23:50.3528595Z /home/runner/work/Redliner101/Redliner101/Common/src/main/java/at/petrak/hexcasting/datagen/recipe/HexplatRecipes.java:333: error: incompatible types: RecipeCategory cannot be converted to HolderGetter<Item>
Fabric 1.21.11 build	Build Fabric artifact	2026-08-18T15:23:50.3530520Z             ShapedRecipeBuilder.shaped(RecipeCategory.BUILDING_BLOCKS, wood, 3)
Fabric 1.21.11 build	Build Fabric artifact	2026-08-18T15:23:50.3531382Z                                                      ^
Fabric 1.21.11 build	Build Fabric artifact	2026-08-18T15:23:50.3533154Z /home/runner/work/Redliner101/Redliner101/Common/src/main/java/at/petrak/hexcasting/datagen/recipe/HexplatRecipes.java:344: error: incompatible types: RecipeCategory cannot be converted to HolderGetter<Item>
Fabric 1.21.11 build	Build Fabric artifact	2026-08-18T15:23:50.3534955Z         ShapedRecipeBuilder.shaped(RecipeCategory.BUILDING_BLOCKS, HexBlocks.EDIFIED_TILE, 6)
Fabric 1.21.11 build	Build Fabric artifact	2026-08-18T15:23:50.3535859Z                                                  ^
Fabric 1.21.11 build	Build Fabric artifact	2026-08-18T15:23:50.3537467Z /home/runner/work/Redliner101/Redliner101/Common/src/main/java/at/petrak/hexcasting/datagen/recipe/HexplatRecipes.java:351: error: incompatible types: RecipeCategory cannot be converted to HolderGetter<Item>
Fabric 1.21.11 build	Build Fabric artifact	2026-08-18T15:23:50.3539303Z         ShapedRecipeBuilder.shaped(RecipeCategory.REDSTONE, HexBlocks.EDIFIED_DOOR, 3)
Fabric 1.21.11 build	Build Fabric artifact	2026-08-18T15:23:50.3540783Z                                                  ^
Fabric 1.21.11 build	Build Fabric artifact	2026-08-18T15:23:50.3542363Z /home/runner/work/Redliner101/Redliner101/Common/src/main/java/at/petrak/hexcasting/datagen/recipe/HexplatRecipes.java:358: error: incompatible types: RecipeCategory cannot be converted to HolderGetter<Item>
Fabric 1.21.11 build	Build Fabric artifact	2026-08-18T15:23:50.3544133Z         ShapedRecipeBuilder.shaped(RecipeCategory.REDSTONE, HexBlocks.EDIFIED_TRAPDOOR, 2)
Fabric 1.21.11 build	Build Fabric artifact	2026-08-18T15:23:50.3545168Z                                                  ^
Fabric 1.21.11 build	Build Fabric artifact	2026-08-18T15:23:50.3546659Z /home/runner/work/Redliner101/Redliner101/Common/src/main/java/at/petrak/hexcasting/datagen/recipe/HexplatRecipes.java:364: error: incompatible types: RecipeCategory cannot be converted to HolderGetter<Item>
Fabric 1.21.11 build	Build Fabric artifact	2026-08-18T15:23:50.3548527Z         ShapedRecipeBuilder.shaped(RecipeCategory.BUILDING_BLOCKS, HexBlocks.EDIFIED_STAIRS, 4)
Fabric 1.21.11 build	Build Fabric artifact	2026-08-18T15:23:50.3549452Z                                                  ^
Fabric 1.21.11 build	Build Fabric artifact	2026-08-18T15:23:50.3551264Z /home/runner/work/Redliner101/Redliner101/Common/src/main/java/at/petrak/hexcasting/datagen/recipe/HexplatRecipes.java:371: error: incompatible types: RecipeCategory cannot be converted to HolderGetter<Item>
Fabric 1.21.11 build	Build Fabric artifact	2026-08-18T15:23:50.3553186Z         ShapedRecipeBuilder.shaped(RecipeCategory.BUILDING_BLOCKS, HexBlocks.EDIFIED_FENCE, 3)
Fabric 1.21.11 build	Build Fabric artifact	2026-08-18T15:23:50.3554313Z                                                  ^
Fabric 1.21.11 build	Build Fabric artifact	2026-08-18T15:23:50.3555829Z /home/runner/work/Redliner101/Redliner101/Common/src/main/java/at/petrak/hexcasting/datagen/recipe/HexplatRecipes.java:378: error: incompatible types: RecipeCategory cannot be converted to HolderGetter<Item>
Fabric 1.21.11 build	Build Fabric artifact	2026-08-18T15:23:50.3557653Z         ShapedRecipeBuilder.shaped(RecipeCategory.BUILDING_BLOCKS, HexBlocks.EDIFIED_FENCE_GATE, 1)
Fabric 1.21.11 build	Build Fabric artifact	2026-08-18T15:23:50.3558586Z                                                  ^
Fabric 1.21.11 build	Build Fabric artifact	2026-08-18T15:23:50.3560285Z /home/runner/work/Redliner101/Redliner101/Common/src/main/java/at/petrak/hexcasting/datagen/recipe/HexplatRecipes.java:386: error: incompatible types: RecipeCategory cannot be converted to HolderGetter<Item>
Fabric 1.21.11 build	Build Fabric artifact	2026-08-18T15:23:50.3562125Z         ShapedRecipeBuilder.shaped(RecipeCategory.BUILDING_BLOCKS, HexBlocks.EDIFIED_SLAB, 6)
Fabric 1.21.11 build	Build Fabric artifact	2026-08-18T15:23:50.3563154Z                                                  ^
Fabric 1.21.11 build	Build Fabric artifact	2026-08-18T15:23:50.3564794Z /home/runner/work/Redliner101/Redliner101/Common/src/main/java/at/petrak/hexcasting/datagen/recipe/HexplatRecipes.java:391: error: incompatible types: RecipeCategory cannot be converted to HolderGetter<Item>
Fabric 1.21.11 build	Build Fabric artifact	2026-08-18T15:23:50.3566593Z         ShapedRecipeBuilder.shaped(RecipeCategory.REDSTONE, HexBlocks.EDIFIED_PRESSURE_PLATE, 1)
Fabric 1.21.11 build	Build Fabric artifact	2026-08-18T15:23:50.3567576Z                                                  ^
Fabric 1.21.11 build	Build Fabric artifact	2026-08-18T15:23:50.3569098Z /home/runner/work/Redliner101/Redliner101/Common/src/main/java/at/petrak/hexcasting/datagen/recipe/HexplatRecipes.java:396: error: no suitable method found for shapeless(RecipeCategory,ButtonBlock)
Fabric 1.21.11 build	Build Fabric artifact	2026-08-18T15:23:50.3571098Z         ShapelessRecipeBuilder.shapeless(RecipeCategory.REDSTONE, HexBlocks.EDIFIED_BUTTON)
Fabric 1.21.11 build	Build Fabric artifact	2026-08-18T15:23:50.3572136Z                               ^
Fabric 1.21.11 build	Build Fabric artifact	2026-08-18T15:23:50.3573090Z     method ShapelessRecipeBuilder.shapeless(HolderGetter<Item>,RecipeCategory,ItemStack) is not applicable
Fabric 1.21.11 build	Build Fabric artifact	2026-08-18T15:23:50.3574636Z       (actual and formal argument lists differ in length)
Fabric 1.21.11 build	Build Fabric artifact	2026-08-18T15:23:50.3575749Z     method ShapelessRecipeBuilder.shapeless(HolderGetter<Item>,RecipeCategory,ItemLike) is not applicable
Fabric 1.21.11 build	Build Fabric artifact	2026-08-18T15:23:50.3576774Z       (actual and formal argument lists differ in length)
Fabric 1.21.11 build	Build Fabric artifact	2026-08-18T15:23:50.3577908Z     method ShapelessRecipeBuilder.shapeless(HolderGetter<Item>,RecipeCategory,ItemLike,int) is not applicable
Fabric 1.21.11 build	Build Fabric artifact	2026-08-18T15:23:50.3579130Z       (actual and formal argument lists differ in length)
Fabric 1.21.11 build	Build Fabric artifact	2026-08-18T15:23:50.3580985Z /home/runner/work/Redliner101/Redliner101/Common/src/main/java/at/petrak/hexcasting/datagen/recipe/HexplatRecipes.java:401: error: no suitable method found for shaped(RecipeCategory,BlockEmptyImpetus)
Fabric 1.21.11 build	Build Fabric artifact	2026-08-18T15:23:50.3582797Z         ShapedRecipeBuilder.shaped(RecipeCategory.REDSTONE, HexBlocks.IMPETUS_EMPTY)
Fabric 1.21.11 build	Build Fabric artifact	2026-08-18T15:23:50.3583881Z                            ^
Fabric 1.21.11 build	Build Fabric artifact	2026-08-18T15:23:50.3584835Z     method ShapedRecipeBuilder.shaped(HolderGetter<Item>,RecipeCategory,ItemLike) is not applicable
Fabric 1.21.11 build	Build Fabric artifact	2026-08-18T15:23:50.3585885Z       (actual and formal argument lists differ in length)
Fabric 1.21.11 build	Build Fabric artifact	2026-08-18T15:23:50.3587057Z     method ShapedRecipeBuilder.shaped(HolderGetter<Item>,RecipeCategory,ItemLike,int) is not applicable
Fabric 1.21.11 build	Build Fabric artifact	2026-08-18T15:23:50.3588139Z       (actual and formal argument lists differ in length)
Fabric 1.21.11 build	Build Fabric artifact	2026-08-18T15:23:50.3589816Z /home/runner/work/Redliner101/Redliner101/Common/src/main/java/at/petrak/hexcasting/datagen/recipe/HexplatRecipes.java:411: error: no suitable method found for shaped(RecipeCategory,BlockEmptyDirectrix)
Fabric 1.21.11 build	Build Fabric artifact	2026-08-18T15:23:50.3591705Z         ShapedRecipeBuilder.shaped(RecipeCategory.REDSTONE, HexBlocks.EMPTY_DIRECTRIX)
Fabric 1.21.11 build	Build Fabric artifact	2026-08-18T15:23:50.3592563Z                            ^
Fabric 1.21.11 build	Build Fabric artifact	2026-08-18T15:23:50.3593462Z     method ShapedRecipeBuilder.shaped(HolderGetter<Item>,RecipeCategory,ItemLike) is not applicable
Fabric 1.21.11 build	Build Fabric artifact	2026-08-18T15:23:50.3594553Z       (actual and formal argument lists differ in length)
Fabric 1.21.11 build	Build Fabric artifact	2026-08-18T15:23:50.3595562Z     method ShapedRecipeBuilder.shaped(HolderGetter<Item>,RecipeCategory,ItemLike,int) is not applicable
Fabric 1.21.11 build	Build Fabric artifact	2026-08-18T15:23:50.3596831Z       (actual and formal argument lists differ in length)
Fabric 1.21.11 build	Build Fabric artifact	2026-08-18T15:23:50.3598393Z /home/runner/work/Redliner101/Redliner101/Common/src/main/java/at/petrak/hexcasting/datagen/recipe/HexplatRecipes.java:421: error: no suitable method found for shaped(RecipeCategory,BlockAkashicBookshelf)
Fabric 1.21.11 build	Build Fabric artifact	2026-08-18T15:23:50.3600566Z         ShapedRecipeBuilder.shaped(RecipeCategory.REDSTONE, HexBlocks.AKASHIC_BOOKSHELF)
Fabric 1.21.11 build	Build Fabric artifact	2026-08-18T15:23:50.3601543Z                            ^
Fabric 1.21.11 build	Build Fabric artifact	2026-08-18T15:23:50.3602406Z     method ShapedRecipeBuilder.shaped(HolderGetter<Item>,RecipeCategory,ItemLike) is not applicable
Fabric 1.21.11 build	Build Fabric artifact	2026-08-18T15:23:50.3603501Z       (actual and formal argument lists differ in length)
Fabric 1.21.11 build	Build Fabric artifact	2026-08-18T15:23:50.3604537Z     method ShapedRecipeBuilder.shaped(HolderGetter<Item>,RecipeCategory,ItemLike,int) is not applicable
Fabric 1.21.11 build	Build Fabric artifact	2026-08-18T15:23:50.3605650Z       (actual and formal argument lists differ in length)
Fabric 1.21.11 build	Build Fabric artifact	2026-08-18T15:23:50.3607240Z /home/runner/work/Redliner101/Redliner101/Common/src/main/java/at/petrak/hexcasting/datagen/recipe/HexplatRecipes.java:430: error: incompatible types: RecipeCategory cannot be converted to HolderGetter<Item>
Fabric 1.21.11 build	Build Fabric artifact	2026-08-18T15:23:50.3608989Z         ShapedRecipeBuilder.shaped(RecipeCategory.REDSTONE, HexBlocks.AKASHIC_LIGATURE, 4)
Fabric 1.21.11 build	Build Fabric artifact	2026-08-18T15:23:50.3610218Z                                                  ^
Fabric 1.21.11 build	Build Fabric artifact	2026-08-18T15:23:50.3611701Z /home/runner/work/Redliner101/Redliner101/Common/src/main/java/at/petrak/hexcasting/datagen/recipe/HexplatRecipes.java:452: error: no suitable method found for shapeless(RecipeCategory,Item,int)
Fabric 1.21.11 build	Build Fabric artifact	2026-08-18T15:23:50.3613635Z         ShapelessRecipeBuilder.shapeless(RecipeCategory.BUILDING_BLOCKS, HexBlocks.SLATE_AMETHYST_BRICKS.asItem(), 2)
Fabric 1.21.11 build	Build Fabric artifact	2026-08-18T15:23:50.3614750Z                               ^
Fabric 1.21.11 build	Build Fabric artifact	2026-08-18T15:23:50.3615704Z     method ShapelessRecipeBuilder.shapeless(HolderGetter<Item>,RecipeCategory,ItemStack) is not applicable
Fabric 1.21.11 build	Build Fabric artifact	2026-08-18T15:23:50.3616928Z       (argument mismatch; RecipeCategory cannot be converted to HolderGetter<Item>)
Fabric 1.21.11 build	Build Fabric artifact	2026-08-18T15:23:50.3618091Z     method ShapelessRecipeBuilder.shapeless(HolderGetter<Item>,RecipeCategory,ItemLike) is not applicable
Fabric 1.21.11 build	Build Fabric artifact	2026-08-18T15:23:50.3619234Z       (argument mismatch; RecipeCategory cannot be converted to HolderGetter<Item>)
Fabric 1.21.11 build	Build Fabric artifact	2026-08-18T15:23:50.3621076Z /home/runner/work/Redliner101/Redliner101/Common/src/main/java/at/petrak/hexcasting/datagen/recipe/HexplatRecipes.java:457: error: no suitable method found for shapeless(RecipeCategory,Item,int)
Fabric 1.21.11 build	Build Fabric artifact	2026-08-18T15:23:50.3622946Z         ShapelessRecipeBuilder.shapeless(RecipeCategory.BUILDING_BLOCKS, HexBlocks.SLATE_AMETHYST_BRICKS_SMALL.asItem(), 2)
Fabric 1.21.11 build	Build Fabric artifact	2026-08-18T15:23:50.3624102Z                               ^
Fabric 1.21.11 build	Build Fabric artifact	2026-08-18T15:23:50.3625049Z     method ShapelessRecipeBuilder.shapeless(HolderGetter<Item>,RecipeCategory,ItemStack) is not applicable
Fabric 1.21.11 build	Build Fabric artifact	2026-08-18T15:23:50.3626495Z       (argument mismatch; RecipeCategory cannot be converted to HolderGetter<Item>)
Fabric 1.21.11 build	Build Fabric artifact	2026-08-18T15:23:50.3627724Z     method ShapelessRecipeBuilder.shapeless(HolderGetter<Item>,RecipeCategory,ItemLike) is not applicable
Fabric 1.21.11 build	Build Fabric artifact	2026-08-18T15:23:50.3628902Z       (argument mismatch; RecipeCategory cannot be converted to HolderGetter<Item>)
Fabric 1.21.11 build	Build Fabric artifact	2026-08-18T15:23:50.3630770Z /home/runner/work/Redliner101/Redliner101/Common/src/main/java/at/petrak/hexcasting/datagen/recipe/HexplatRecipes.java:462: error: no suitable method found for shapeless(RecipeCategory,Item,int)
Fabric 1.21.11 build	Build Fabric artifact	2026-08-18T15:23:50.3632794Z         ShapelessRecipeBuilder.shapeless(RecipeCategory.BUILDING_BLOCKS, HexBlocks.SLATE_AMETHYST_TILES.asItem(), 2)
Fabric 1.21.11 build	Build Fabric artifact	2026-08-18T15:23:50.3633909Z                               ^
Fabric 1.21.11 build	Build Fabric artifact	2026-08-18T15:23:50.3634908Z     method ShapelessRecipeBuilder.shapeless(HolderGetter<Item>,RecipeCategory,ItemStack) is not applicable
Fabric 1.21.11 build	Build Fabric artifact	2026-08-18T15:23:50.3636116Z       (argument mismatch; RecipeCategory cannot be converted to HolderGetter<Item>)
Fabric 1.21.11 build	Build Fabric artifact	2026-08-18T15:23:50.3637372Z     method ShapelessRecipeBuilder.shapeless(HolderGetter<Item>,RecipeCategory,ItemLike) is not applicable
Fabric 1.21.11 build	Build Fabric artifact	2026-08-18T15:23:50.3638639Z       (argument mismatch; RecipeCategory cannot be converted to HolderGetter<Item>)
Fabric 1.21.11 build	Build Fabric artifact	2026-08-18T15:23:50.3640965Z /home/runner/work/Redliner101/Redliner101/Common/src/main/java/at/petrak/hexcasting/datagen/recipe/HexplatRecipes.java:467: error: no suitable method found for shapeless(RecipeCategory,Item,int)
Fabric 1.21.11 build	Build Fabric artifact	2026-08-18T15:23:50.3643071Z         ShapelessRecipeBuilder.shapeless(RecipeCategory.BUILDING_BLOCKS, HexBlocks.SLATE_AMETHYST_PILLAR.asItem(), 2)
Fabric 1.21.11 build	Build Fabric artifact	2026-08-18T15:23:50.3644072Z                               ^
Fabric 1.21.11 build	Build Fabric artifact	2026-08-18T15:23:50.3645032Z     method ShapelessRecipeBuilder.shapeless(HolderGetter<Item>,RecipeCategory,ItemStack) is not applicable
Fabric 1.21.11 build	Build Fabric artifact	2026-08-18T15:23:50.3646299Z       (argument mismatch; RecipeCategory cannot be converted to HolderGetter<Item>)
Fabric 1.21.11 build	Build Fabric artifact	2026-08-18T15:23:50.3647465Z     method ShapelessRecipeBuilder.shapeless(HolderGetter<Item>,RecipeCategory,ItemLike) is not applicable
Fabric 1.21.11 build	Build Fabric artifact	2026-08-18T15:23:50.3648669Z       (argument mismatch; RecipeCategory cannot be converted to HolderGetter<Item>)
Fabric 1.21.11 build	Build Fabric artifact	2026-08-18T15:23:50.3650412Z /home/runner/work/Redliner101/Redliner101/Common/src/main/java/at/petrak/hexcasting/datagen/recipe/HexplatRecipes.java:476: error: no suitable method found for save(RecipeOutput,Identifier)
Fabric 1.21.11 build	Build Fabric artifact	2026-08-18T15:23:50.3652137Z             .save(recipes, modLoc("budding_amethyst"));
Fabric 1.21.11 build	Build Fabric artifact	2026-08-18T15:23:50.3652841Z             ^
Fabric 1.21.11 build	Build Fabric artifact	2026-08-18T15:23:50.3653588Z     method RecipeBuilder.save(RecipeOutput,ResourceKey<Recipe<?>>) is not applicable
Fabric 1.21.11 build	Build Fabric artifact	2026-08-18T15:23:50.3654680Z       (argument mismatch; Identifier cannot be converted to ResourceKey<Recipe<?>>)
Fabric 1.21.11 build	Build Fabric artifact	2026-08-18T15:23:50.3655630Z     method RecipeBuilder.save(RecipeOutput,String) is not applicable
Fabric 1.21.11 build	Build Fabric artifact	2026-08-18T15:23:50.3656481Z       (argument mismatch; Identifier cannot be converted to String)
Fabric 1.21.11 build	Build Fabric artifact	2026-08-18T15:23:50.3658531Z /home/runner/work/Redliner101/Redliner101/Common/src/main/java/at/petrak/hexcasting/datagen/recipe/HexplatRecipes.java:479: error: incompatible types: ResourceKey<VillagerProfession> cannot be converted to @org.jetbrains.annotations.Nullable VillagerProfession
Fabric 1.21.11 build	Build Fabric artifact	2026-08-18T15:23:50.3660738Z             new VillagerIngredient(VillagerProfession.TOOLSMITH, null, 2),
Fabric 1.21.11 build	Build Fabric artifact	2026-08-18T15:23:50.3661579Z                                                      ^
Fabric 1.21.11 build	Build Fabric artifact	2026-08-18T15:23:50.3663023Z /home/runner/work/Redliner101/Redliner101/Common/src/main/java/at/petrak/hexcasting/datagen/recipe/HexplatRecipes.java:482: error: no suitable method found for save(RecipeOutput,Identifier)
Fabric 1.21.11 build	Build Fabric artifact	2026-08-18T15:23:50.3664593Z             .save(recipes, modLoc("impetus_rightclick"));
Fabric 1.21.11 build	Build Fabric artifact	2026-08-18T15:23:50.3665328Z             ^
Fabric 1.21.11 build	Build Fabric artifact	2026-08-18T15:23:50.3666039Z     method RecipeBuilder.save(RecipeOutput,ResourceKey<Recipe<?>>) is not applicable
Fabric 1.21.11 build	Build Fabric artifact	2026-08-18T15:23:50.3667084Z       (argument mismatch; Identifier cannot be converted to ResourceKey<Recipe<?>>)
Fabric 1.21.11 build	Build Fabric artifact	2026-08-18T15:23:50.3668320Z     method RecipeBuilder.save(RecipeOutput,String) is not applicable
Fabric 1.21.11 build	Build Fabric artifact	2026-08-18T15:23:50.3669210Z       (argument mismatch; Identifier cannot be converted to String)
Fabric 1.21.11 build	Build Fabric artifact	2026-08-18T15:23:50.3671472Z /home/runner/work/Redliner101/Redliner101/Common/src/main/java/at/petrak/hexcasting/datagen/recipe/HexplatRecipes.java:485: error: incompatible types: ResourceKey<VillagerProfession> cannot be converted to @org.jetbrains.annotations.Nullable VillagerProfession
Fabric 1.21.11 build	Build Fabric artifact	2026-08-18T15:23:50.3673431Z             new VillagerIngredient(VillagerProfession.FLETCHER, null, 2),
Fabric 1.21.11 build	Build Fabric artifact	2026-08-18T15:23:50.3674220Z                                                      ^
Fabric 1.21.11 build	Build Fabric artifact	2026-08-18T15:23:50.3675714Z /home/runner/work/Redliner101/Redliner101/Common/src/main/java/at/petrak/hexcasting/datagen/recipe/HexplatRecipes.java:488: error: no suitable method found for save(RecipeOutput,Identifier)
Fabric 1.21.11 build	Build Fabric artifact	2026-08-18T15:23:50.3677310Z             .save(recipes, modLoc("impetus_look"));
Fabric 1.21.11 build	Build Fabric artifact	2026-08-18T15:23:50.3678007Z             ^
Fabric 1.21.11 build	Build Fabric artifact	2026-08-18T15:23:50.3678784Z     method RecipeBuilder.save(RecipeOutput,ResourceKey<Recipe<?>>) is not applicable
Fabric 1.21.11 build	Build Fabric artifact	2026-08-18T15:23:50.3680000Z       (argument mismatch; Identifier cannot be converted to ResourceKey<Recipe<?>>)
Fabric 1.21.11 build	Build Fabric artifact	2026-08-18T15:23:50.3681060Z     method RecipeBuilder.save(RecipeOutput,String) is not applicable
Fabric 1.21.11 build	Build Fabric artifact	2026-08-18T15:23:50.3682231Z       (argument mismatch; Identifier cannot be converted to String)
Fabric 1.21.11 build	Build Fabric artifact	2026-08-18T15:23:50.3684232Z /home/runner/work/Redliner101/Redliner101/Common/src/main/java/at/petrak/hexcasting/datagen/recipe/HexplatRecipes.java:491: error: incompatible types: ResourceKey<VillagerProfession> cannot be converted to @org.jetbrains.annotations.Nullable VillagerProfession
Fabric 1.21.11 build	Build Fabric artifact	2026-08-18T15:23:50.3686293Z             new VillagerIngredient(VillagerProfession.CLERIC, null, 2),
Fabric 1.21.11 build	Build Fabric artifact	2026-08-18T15:23:50.3687073Z                                                      ^
Fabric 1.21.11 build	Build Fabric artifact	2026-08-18T15:23:50.3688630Z /home/runner/work/Redliner101/Redliner101/Common/src/main/java/at/petrak/hexcasting/datagen/recipe/HexplatRecipes.java:494: error: no suitable method found for save(RecipeOutput,Identifier)
Fabric 1.21.11 build	Build Fabric artifact	2026-08-18T15:23:50.3690405Z             .save(recipes, modLoc("impetus_storedplayer"));
Fabric 1.21.11 build	Build Fabric artifact	2026-08-18T15:23:50.3691181Z             ^
Fabric 1.21.11 build	Build Fabric artifact	2026-08-18T15:23:50.3692133Z     method RecipeBuilder.save(RecipeOutput,ResourceKey<Recipe<?>>) is not applicable
Fabric 1.21.11 build	Build Fabric artifact	2026-08-18T15:23:50.3693339Z       (argument mismatch; Identifier cannot be converted to ResourceKey<Recipe<?>>)
Fabric 1.21.11 build	Build Fabric artifact	2026-08-18T15:23:50.3694478Z     method RecipeBuilder.save(RecipeOutput,String) is not applicable
Fabric 1.21.11 build	Build Fabric artifact	2026-08-18T15:23:50.3695496Z       (argument mismatch; Identifier cannot be converted to String)
Fabric 1.21.11 build	Build Fabric artifact	2026-08-18T15:23:50.3697858Z /home/runner/work/Redliner101/Redliner101/Common/src/main/java/at/petrak/hexcasting/datagen/recipe/HexplatRecipes.java:497: error: incompatible types: ResourceKey<VillagerProfession> cannot be converted to @org.jetbrains.annotations.Nullable VillagerProfession
Fabric 1.21.11 build	Build Fabric artifact	2026-08-18T15:23:50.3700438Z             new VillagerIngredient(VillagerProfession.MASON, null, 1),
Fabric 1.21.11 build	Build Fabric artifact	2026-08-18T15:23:50.3701288Z                                                      ^
Fabric 1.21.11 build	Build Fabric artifact	2026-08-18T15:23:50.3702898Z /home/runner/work/Redliner101/Redliner101/Common/src/main/java/at/petrak/hexcasting/datagen/recipe/HexplatRecipes.java:500: error: no suitable method found for save(RecipeOutput,Identifier)
Fabric 1.21.11 build	Build Fabric artifact	2026-08-18T15:23:50.3704594Z             .save(recipes, modLoc("directrix_redstone"));
Fabric 1.21.11 build	Build Fabric artifact	2026-08-18T15:23:50.3705389Z             ^
Fabric 1.21.11 build	Build Fabric artifact	2026-08-18T15:23:50.3706242Z     method RecipeBuilder.save(RecipeOutput,ResourceKey<Recipe<?>>) is not applicable
Fabric 1.21.11 build	Build Fabric artifact	2026-08-18T15:23:50.3707481Z       (argument mismatch; Identifier cannot be converted to ResourceKey<Recipe<?>>)
Fabric 1.21.11 build	Build Fabric artifact	2026-08-18T15:23:50.3708648Z     method RecipeBuilder.save(RecipeOutput,String) is not applicable
Fabric 1.21.11 build	Build Fabric artifact	2026-08-18T15:23:50.3709910Z       (argument mismatch; Identifier cannot be converted to String)
Fabric 1.21.11 build	Build Fabric artifact	2026-08-18T15:23:50.3712266Z /home/runner/work/Redliner101/Redliner101/Common/src/main/java/at/petrak/hexcasting/datagen/recipe/HexplatRecipes.java:503: error: incompatible types: ResourceKey<VillagerProfession> cannot be converted to @org.jetbrains.annotations.Nullable VillagerProfession
Fabric 1.21.11 build	Build Fabric artifact	2026-08-18T15:23:50.3714739Z                 new VillagerIngredient(VillagerProfession.SHEPHERD, null, 1),
Fabric 1.21.11 build	Build Fabric artifact	2026-08-18T15:23:50.3715602Z                                                          ^
Fabric 1.21.11 build	Build Fabric artifact	2026-08-18T15:23:50.3717282Z /home/runner/work/Redliner101/Redliner101/Common/src/main/java/at/petrak/hexcasting/datagen/recipe/HexplatRecipes.java:506: error: no suitable method found for save(RecipeOutput,Identifier)
Fabric 1.21.11 build	Build Fabric artifact	2026-08-18T15:23:50.3718800Z                 .save(recipes, modLoc("directrix_boolean"));
Fabric 1.21.11 build	Build Fabric artifact	2026-08-18T15:23:50.3719572Z                 ^
Fabric 1.21.11 build	Build Fabric artifact	2026-08-18T15:23:50.3720554Z     method RecipeBuilder.save(RecipeOutput,ResourceKey<Recipe<?>>) is not applicable
Fabric 1.21.11 build	Build Fabric artifact	2026-08-18T15:23:50.3721589Z       (argument mismatch; Identifier cannot be converted to ResourceKey<Recipe<?>>)
Fabric 1.21.11 build	Build Fabric artifact	2026-08-18T15:23:50.3722739Z     method RecipeBuilder.save(RecipeOutput,String) is not applicable
Fabric 1.21.11 build	Build Fabric artifact	2026-08-18T15:23:50.3723808Z       (argument mismatch; Identifier cannot be converted to String)
Fabric 1.21.11 build	Build Fabric artifact	2026-08-18T15:23:50.3725685Z /home/runner/work/Redliner101/Redliner101/Common/src/main/java/at/petrak/hexcasting/datagen/recipe/HexplatRecipes.java:509: error: incompatible types: ResourceKey<VillagerProfession> cannot be converted to @org.jetbrains.annotations.Nullable VillagerProfession
Fabric 1.21.11 build	Build Fabric artifact	2026-08-18T15:23:50.3727838Z             new VillagerIngredient(VillagerProfession.LIBRARIAN, null, 5),
Fabric 1.21.11 build	Build Fabric artifact	2026-08-18T15:23:50.3728619Z                                                      ^
Fabric 1.21.11 build	Build Fabric artifact	2026-08-18T15:23:50.3730167Z /home/runner/work/Redliner101/Redliner101/Common/src/main/java/at/petrak/hexcasting/datagen/recipe/HexplatRecipes.java:512: error: no suitable method found for save(RecipeOutput,Identifier)
Fabric 1.21.11 build	Build Fabric artifact	2026-08-18T15:23:50.3731656Z             .save(recipes, modLoc("akashic_record"));
Fabric 1.21.11 build	Build Fabric artifact	2026-08-18T15:23:50.3732299Z             ^
Fabric 1.21.11 build	Build Fabric artifact	2026-08-18T15:23:50.3733081Z     method RecipeBuilder.save(RecipeOutput,ResourceKey<Recipe<?>>) is not applicable
Fabric 1.21.11 build	Build Fabric artifact	2026-08-18T15:23:50.3734116Z       (argument mismatch; Identifier cannot be converted to ResourceKey<Recipe<?>>)
Fabric 1.21.11 build	Build Fabric artifact	2026-08-18T15:23:50.3735155Z     method RecipeBuilder.save(RecipeOutput,String) is not applicable
Fabric 1.21.11 build	Build Fabric artifact	2026-08-18T15:23:50.3736029Z       (argument mismatch; Identifier cannot be converted to String)
Fabric 1.21.11 build	Build Fabric artifact	2026-08-18T15:23:50.3737518Z /home/runner/work/Redliner101/Redliner101/Common/src/main/java/at/petrak/hexcasting/datagen/recipe/HexplatRecipes.java:519: error: no suitable method found for save(RecipeOutput,Identifier)
Fabric 1.21.11 build	Build Fabric artifact	2026-08-18T15:23:50.3739025Z             .save(recipes, modLoc("quench_allay"));
Fabric 1.21.11 build	Build Fabric artifact	2026-08-18T15:23:50.3739775Z             ^
Fabric 1.21.11 build	Build Fabric artifact	2026-08-18T15:23:50.3740590Z     method RecipeBuilder.save(RecipeOutput,ResourceKey<Recipe<?>>) is not applicable
Fabric 1.21.11 build	Build Fabric artifact	2026-08-18T15:23:50.3741682Z       (argument mismatch; Identifier cannot be converted to ResourceKey<Recipe<?>>)
Fabric 1.21.11 build	Build Fabric artifact	2026-08-18T15:23:50.3742673Z     method RecipeBuilder.save(RecipeOutput,String) is not applicable
Fabric 1.21.11 build	Build Fabric artifact	2026-08-18T15:23:50.3743653Z       (argument mismatch; Identifier cannot be converted to String)
Fabric 1.21.11 build	Build Fabric artifact	2026-08-18T15:23:50.3745287Z /home/runner/work/Redliner101/Redliner101/Common/src/main/java/at/petrak/hexcasting/datagen/recipe/HexplatRecipes.java:558: error: no suitable method found for save(RecipeOutput,Identifier)
Fabric 1.21.11 build	Build Fabric artifact	2026-08-18T15:23:50.3747218Z                 .save(recipes, modLoc("compat/farmersdelight/cutting/" + BuiltInRegistries.BLOCK.getKey(log).getPath()));
Fabric 1.21.11 build	Build Fabric artifact	2026-08-18T15:23:50.3748195Z                 ^
Fabric 1.21.11 build	Build Fabric artifact	2026-08-18T15:23:50.3748931Z     method RecipeBuilder.save(RecipeOutput,ResourceKey<Recipe<?>>) is not applicable
Fabric 1.21.11 build	Build Fabric artifact	2026-08-18T15:23:50.3750153Z       (argument mismatch; Identifier cannot be converted to ResourceKey<Recipe<?>>)
Fabric 1.21.11 build	Build Fabric artifact	2026-08-18T15:23:50.3751211Z     method RecipeBuilder.save(RecipeOutput,String) is not applicable
Fabric 1.21.11 build	Build Fabric artifact	2026-08-18T15:23:50.3752123Z       (argument mismatch; Identifier cannot be converted to String)
Fabric 1.21.11 build	Build Fabric artifact	2026-08-18T15:23:50.3753773Z /home/runner/work/Redliner101/Redliner101/Common/src/main/java/at/petrak/hexcasting/datagen/recipe/HexplatRecipes.java:568: error: no suitable method found for save(RecipeOutput,Identifier)
Fabric 1.21.11 build	Build Fabric artifact	2026-08-18T15:23:50.3755552Z             .save(recipes, modLoc("compat/farmersdelight/cutting/akashic_wood"));
Fabric 1.21.11 build	Build Fabric artifact	2026-08-18T15:23:50.3756329Z             ^
Fabric 1.21.11 build	Build Fabric artifact	2026-08-18T15:23:50.3757101Z     method RecipeBuilder.save(RecipeOutput,ResourceKey<Recipe<?>>) is not applicable
Fabric 1.21.11 build	Build Fabric artifact	2026-08-18T15:23:50.3758224Z       (argument mismatch; Identifier cannot be converted to ResourceKey<Recipe<?>>)
Fabric 1.21.11 build	Build Fabric artifact	2026-08-18T15:23:50.3759224Z     method RecipeBuilder.save(RecipeOutput,String) is not applicable
Fabric 1.21.11 build	Build Fabric artifact	2026-08-18T15:23:50.3760295Z       (argument mismatch; Identifier cannot be converted to String)
Fabric 1.21.11 build	Build Fabric artifact	2026-08-18T15:23:50.4091282Z /home/runner/work/Redliner101/Redliner101/Common/src/main/java/at/petrak/hexcasting/datagen/recipe/HexplatRecipes.java:575: error: no suitable method found for save(RecipeOutput,Identifier)
Fabric 1.21.11 build	Build Fabric artifact	2026-08-18T15:23:50.4133001Z             .save(recipes, modLoc("compat/farmersdelight/cutting/akashic_trapdoor"));
Fabric 1.21.11 build	Build Fabric artifact	2026-08-18T15:23:50.4139310Z             ^
Fabric 1.21.11 build	Build Fabric artifact	2026-08-18T15:23:50.4140601Z     method RecipeBuilder.save(RecipeOutput,ResourceKey<Recipe<?>>) is not applicable
Fabric 1.21.11 build	Build Fabric artifact	2026-08-18T15:23:50.4141714Z       (argument mismatch; Identifier cannot be converted to ResourceKey<Recipe<?>>)
Fabric 1.21.11 build	Build Fabric artifact	2026-08-18T15:23:50.4142973Z     method RecipeBuilder.save(RecipeOutput,String) is not applicable
Fabric 1.21.11 build	Build Fabric artifact	2026-08-18T15:23:50.4143939Z       (argument mismatch; Identifier cannot be converted to String)
Fabric 1.21.11 build	Build Fabric artifact	2026-08-18T15:23:50.4145849Z /home/runner/work/Redliner101/Redliner101/Common/src/main/java/at/petrak/hexcasting/datagen/recipe/HexplatRecipes.java:582: error: no suitable method found for save(RecipeOutput,Identifier)
Fabric 1.21.11 build	Build Fabric artifact	2026-08-18T15:23:50.4147585Z             .save(recipes, modLoc("compat/farmersdelight/cutting/akashic_door"));
Fabric 1.21.11 build	Build Fabric artifact	2026-08-18T15:23:50.4148419Z             ^
Fabric 1.21.11 build	Build Fabric artifact	2026-08-18T15:23:50.4151320Z     method RecipeBuilder.save(RecipeOutput,ResourceKey<Recipe<?>>) is not applicable
Fabric 1.21.11 build	Build Fabric artifact	2026-08-18T15:23:50.4152580Z       (argument mismatch; Identifier cannot be converted to ResourceKey<Recipe<?>>)
Fabric 1.21.11 build	Build Fabric artifact	2026-08-18T15:23:50.4153606Z     method RecipeBuilder.save(RecipeOutput,String) is not applicable
Fabric 1.21.11 build	Build Fabric artifact	2026-08-18T15:23:50.4154575Z       (argument mismatch; Identifier cannot be converted to String)
Fabric 1.21.11 build	Build Fabric artifact	2026-08-18T15:23:50.4156180Z /home/runner/work/Redliner101/Redliner101/Common/src/main/java/at/petrak/hexcasting/datagen/recipe/HexplatRecipes.java:590: error: no suitable method found for shaped(RecipeCategory,ItemStaff)
Fabric 1.21.11 build	Build Fabric artifact	2026-08-18T15:23:50.4157828Z         ShapedRecipeBuilder.shaped(RecipeCategory.TOOLS, staff)
Fabric 1.21.11 build	Build Fabric artifact	2026-08-18T15:23:50.4158620Z                            ^
Fabric 1.21.11 build	Build Fabric artifact	2026-08-18T15:23:50.4159515Z     method ShapedRecipeBuilder.shaped(HolderGetter<Item>,RecipeCategory,ItemLike) is not applicable
Fabric 1.21.11 build	Build Fabric artifact	2026-08-18T15:23:50.4160905Z       (actual and formal argument lists differ in length)
Fabric 1.21.11 build	Build Fabric artifact	2026-08-18T15:23:50.4161951Z     method ShapedRecipeBuilder.shaped(HolderGetter<Item>,RecipeCategory,ItemLike,int) is not applicable
Fabric 1.21.11 build	Build Fabric artifact	2026-08-18T15:23:50.4162978Z       (actual and formal argument lists differ in length)
Fabric 1.21.11 build	Build Fabric artifact	2026-08-18T15:23:50.4164633Z /home/runner/work/Redliner101/Redliner101/Common/src/main/java/at/petrak/hexcasting/datagen/recipe/HexplatRecipes.java:603: error: no suitable method found for shaped(RecipeCategory,ItemPridePigment)
Fabric 1.21.11 build	Build Fabric artifact	2026-08-18T15:23:50.4166327Z         ShapedRecipeBuilder.shaped(RecipeCategory.MISC, colorizer)
Fabric 1.21.11 build	Build Fabric artifact	2026-08-18T15:23:50.4167120Z                            ^
Fabric 1.21.11 build	Build Fabric artifact	2026-08-18T15:23:50.4168030Z     method ShapedRecipeBuilder.shaped(HolderGetter<Item>,RecipeCategory,ItemLike) is not applicable
Fabric 1.21.11 build	Build Fabric artifact	2026-08-18T15:23:50.4169067Z       (actual and formal argument lists differ in length)
Fabric 1.21.11 build	Build Fabric artifact	2026-08-18T15:23:50.4170369Z     method ShapedRecipeBuilder.shaped(HolderGetter<Item>,RecipeCategory,ItemLike,int) is not applicable
Fabric 1.21.11 build	Build Fabric artifact	2026-08-18T15:23:50.4171437Z       (actual and formal argument lists differ in length)
Fabric 1.21.11 build	Build Fabric artifact	2026-08-18T15:23:50.4172942Z /home/runner/work/Redliner101/Redliner101/Common/src/main/java/at/petrak/hexcasting/datagen/recipe/HexplatRecipes.java:619: error: incompatible types: ItemLike cannot be converted to HolderGetter<Item>
Fabric 1.21.11 build	Build Fabric artifact	2026-08-18T15:23:50.4346323Z         return paucalInventoryTrigger(ItemPredicate.Builder.item().of(itemLike).build());
Fabric 1.21.11 build	Build Fabric artifact	2026-08-18T15:23:50.4350325Z                                                                       ^
Fabric 1.21.11 build	Build Fabric artifact	2026-08-18T15:23:50.4381418Z /home/runner/work/Redliner101/Redliner101/Common/src/main/java/at/petrak/hexcasting/datagen/recipe/HexplatRecipes.java:623: error: incompatible types: TagKey<Item> cannot be converted to HolderGetter<Item>
Fabric 1.21.11 build	Build Fabric artifact	2026-08-18T15:23:50.4410764Z         return paucalInventoryTrigger(ItemPredicate.Builder.item().of(itemLike).build());
Fabric 1.21.11 build	Build Fabric artifact	2026-08-18T15:23:50.4434314Z                                                                       ^
Fabric 1.21.11 build	Build Fabric artifact	2026-08-18T15:23:50.4450320Z /home/runner/work/Redliner101/Redliner101/Common/src/main/java/at/petrak/hexcasting/datagen/recipe/HexplatRecipes.java:648: error: no suitable method found for of(TagKey<Item>)
Fabric 1.21.11 build	Build Fabric artifact	2026-08-18T15:23:50.4451955Z         return ring(category, out, count, Ingredient.of(outer), ingredientOf(inner));
Fabric 1.21.11 build	Build Fabric artifact	2026-08-18T15:23:50.4452789Z                                                     ^
Fabric 1.21.11 build	Build Fabric artifact	2026-08-18T15:23:50.4453407Z     method Ingredient.of(ItemLike) is not applicable
Fabric 1.21.11 build	Build Fabric artifact	2026-08-18T15:23:50.4454123Z       (argument mismatch; TagKey<Item> cannot be converted to ItemLike)
Fabric 1.21.11 build	Build Fabric artifact	2026-08-18T15:23:50.4455192Z     method Ingredient.of(ItemLike...) is not applicable
Fabric 1.21.11 build	Build Fabric artifact	2026-08-18T15:23:50.4455912Z       (varargs mismatch; TagKey<Item> cannot be converted to ItemLike)
Fabric 1.21.11 build	Build Fabric artifact	2026-08-18T15:23:50.4456714Z     method Ingredient.of(Stream<? extends ItemLike>) is not applicable
Fabric 1.21.11 build	Build Fabric artifact	2026-08-18T15:23:50.4460714Z       (argument mismatch; TagKey<Item> cannot be converted to Stream<? extends ItemLike>)
Fabric 1.21.11 build	Build Fabric artifact	2026-08-18T15:23:50.4461561Z     method Ingredient.of(HolderSet<Item>) is not applicable
Fabric 1.21.11 build	Build Fabric artifact	2026-08-18T15:23:50.4462329Z       (argument mismatch; TagKey<Item> cannot be converted to HolderSet<Item>)
Fabric 1.21.11 build	Build Fabric artifact	2026-08-18T15:23:50.4463888Z /home/runner/work/Redliner101/Redliner101/Common/src/main/java/at/petrak/hexcasting/datagen/recipe/HexplatRecipes.java:677: error: incompatible types: RecipeCategory cannot be converted to HolderGetter<Item>
Fabric 1.21.11 build	Build Fabric artifact	2026-08-18T15:23:50.4465571Z         var builder = ShapedRecipeBuilder.shaped(category, out, count);
Fabric 1.21.11 build	Build Fabric artifact	2026-08-18T15:23:50.4466237Z                                                  ^
Fabric 1.21.11 build	Build Fabric artifact	2026-08-18T15:23:50.4467634Z /home/runner/work/Redliner101/Redliner101/Common/src/main/java/at/petrak/hexcasting/datagen/recipe/HexplatRecipes.java:703: error: incompatible types: RecipeCategory cannot be converted to HolderGetter<Item>
Fabric 1.21.11 build	Build Fabric artifact	2026-08-18T15:23:50.4471518Z         return ShapedRecipeBuilder.shaped(category, out, count)
Fabric 1.21.11 build	Build Fabric artifact	2026-08-18T15:23:50.4472158Z                                           ^
Fabric 1.21.11 build	Build Fabric artifact	2026-08-18T15:23:50.4473367Z /home/runner/work/Redliner101/Redliner101/Common/src/main/java/at/petrak/hexcasting/datagen/recipe/HexplatRecipes.java:715: error: no suitable method found for of(TagKey<Item>)
Fabric 1.21.11 build	Build Fabric artifact	2026-08-18T15:23:50.4474846Z         return stack(category, out, count, Ingredient.of(top), Ingredient.of(bottom));
Fabric 1.21.11 build	Build Fabric artifact	2026-08-18T15:23:50.4475588Z                                                      ^
Fabric 1.21.11 build	Build Fabric artifact	2026-08-18T15:23:50.4476213Z     method Ingredient.of(ItemLike) is not applicable
Fabric 1.21.11 build	Build Fabric artifact	2026-08-18T15:23:50.4476924Z       (argument mismatch; TagKey<Item> cannot be converted to ItemLike)
Fabric 1.21.11 build	Build Fabric artifact	2026-08-18T15:23:50.4477665Z     method Ingredient.of(ItemLike...) is not applicable
Fabric 1.21.11 build	Build Fabric artifact	2026-08-18T15:23:50.4478383Z       (varargs mismatch; TagKey<Item> cannot be converted to ItemLike)
Fabric 1.21.11 build	Build Fabric artifact	2026-08-18T15:23:50.4479169Z     method Ingredient.of(Stream<? extends ItemLike>) is not applicable
Fabric 1.21.11 build	Build Fabric artifact	2026-08-18T15:23:50.4480222Z       (argument mismatch; TagKey<Item> cannot be converted to Stream<? extends ItemLike>)
Fabric 1.21.11 build	Build Fabric artifact	2026-08-18T15:23:50.4481069Z     method Ingredient.of(HolderSet<Item>) is not applicable
Fabric 1.21.11 build	Build Fabric artifact	2026-08-18T15:23:50.4481834Z       (argument mismatch; TagKey<Item> cannot be converted to HolderSet<Item>)
Fabric 1.21.11 build	Build Fabric artifact	2026-08-18T15:23:50.4483270Z /home/runner/work/Redliner101/Redliner101/Common/src/main/java/at/petrak/hexcasting/datagen/recipe/HexplatRecipes.java:715: error: no suitable method found for of(TagKey<Item>)
Fabric 1.21.11 build	Build Fabric artifact	2026-08-18T15:23:50.4485051Z         return stack(category, out, count, Ingredient.of(top), Ingredient.of(bottom));
Fabric 1.21.11 build	Build Fabric artifact	2026-08-18T15:23:50.4485825Z                                                                          ^
Fabric 1.21.11 build	Build Fabric artifact	2026-08-18T15:23:50.4486471Z     method Ingredient.of(ItemLike) is not applicable
Fabric 1.21.11 build	Build Fabric artifact	2026-08-18T15:23:50.4487200Z       (argument mismatch; TagKey<Item> cannot be converted to ItemLike)
Fabric 1.21.11 build	Build Fabric artifact	2026-08-18T15:23:50.4488090Z     method Ingredient.of(ItemLike...) is not applicable
Fabric 1.21.11 build	Build Fabric artifact	2026-08-18T15:23:50.4488648Z       (varargs mismatch; TagKey<Item> cannot be converted to ItemLike)
Fabric 1.21.11 build	Build Fabric artifact	2026-08-18T15:23:50.4489341Z     method Ingredient.of(Stream<? extends ItemLike>) is not applicable
Fabric 1.21.11 build	Build Fabric artifact	2026-08-18T15:23:50.4490479Z       (argument mismatch; TagKey<Item> cannot be converted to Stream<? extends ItemLike>)
Fabric 1.21.11 build	Build Fabric artifact	2026-08-18T15:23:50.4491308Z     method Ingredient.of(HolderSet<Item>) is not applicable
Fabric 1.21.11 build	Build Fabric artifact	2026-08-18T15:23:50.4491993Z       (argument mismatch; TagKey<Item> cannot be converted to HolderSet<Item>)
Fabric 1.21.11 build	Build Fabric artifact	2026-08-18T15:23:50.4493451Z /home/runner/work/Redliner101/Redliner101/Common/src/main/java/at/petrak/hexcasting/datagen/recipe/HexplatRecipes.java:728: error: no suitable method found for of(TagKey<Item>)
Fabric 1.21.11 build	Build Fabric artifact	2026-08-18T15:23:50.4494832Z         return stick(category, out, count, Ingredient.of(input));
Fabric 1.21.11 build	Build Fabric artifact	2026-08-18T15:23:50.4495710Z                                                      ^
Fabric 1.21.11 build	Build Fabric artifact	2026-08-18T15:23:50.4496310Z     method Ingredient.of(ItemLike) is not applicable
Fabric 1.21.11 build	Build Fabric artifact	2026-08-18T15:23:50.4497017Z       (argument mismatch; TagKey<Item> cannot be converted to ItemLike)
Fabric 1.21.11 build	Build Fabric artifact	2026-08-18T15:23:50.4497738Z     method Ingredient.of(ItemLike...) is not applicable
Fabric 1.21.11 build	Build Fabric artifact	2026-08-18T15:23:50.4498430Z       (varargs mismatch; TagKey<Item> cannot be converted to ItemLike)
Fabric 1.21.11 build	Build Fabric artifact	2026-08-18T15:23:50.4499194Z     method Ingredient.of(Stream<? extends ItemLike>) is not applicable
Fabric 1.21.11 build	Build Fabric artifact	2026-08-18T15:23:50.4510514Z       (argument mismatch; TagKey<Item> cannot be converted to Stream<? extends ItemLike>)
Fabric 1.21.11 build	Build Fabric artifact	2026-08-18T15:23:50.4529175Z     method Ingredient.of(HolderSet<Item>) is not applicable
Fabric 1.21.11 build	Build Fabric artifact	2026-08-18T15:23:50.4533682Z       (argument mismatch; TagKey<Item> cannot be converted to HolderSet<Item>)
Fabric 1.21.11 build	Build Fabric artifact	2026-08-18T15:23:50.4535430Z /home/runner/work/Redliner101/Redliner101/Common/src/main/java/at/petrak/hexcasting/datagen/recipe/HexplatRecipes.java:735: error: no suitable method found for shaped(RecipeCategory,ItemLike)
Fabric 1.21.11 build	Build Fabric artifact	2026-08-18T15:23:50.4538663Z         var pack = ShapedRecipeBuilder.shaped(category, compressed)
Fabric 1.21.11 build	Build Fabric artifact	2026-08-18T15:23:50.4539336Z                                       ^
Fabric 1.21.11 build	Build Fabric artifact	2026-08-18T15:23:50.4540306Z     method ShapedRecipeBuilder.shaped(HolderGetter<Item>,RecipeCategory,ItemLike) is not applicable
Fabric 1.21.11 build	Build Fabric artifact	2026-08-18T15:23:50.4541243Z       (actual and formal argument lists differ in length)
Fabric 1.21.11 build	Build Fabric artifact	2026-08-18T15:23:50.4542180Z     method ShapedRecipeBuilder.shaped(HolderGetter<Item>,RecipeCategory,ItemLike,int) is not applicable
Fabric 1.21.11 build	Build Fabric artifact	2026-08-18T15:23:50.4543108Z       (actual and formal argument lists differ in length)
Fabric 1.21.11 build	Build Fabric artifact	2026-08-18T15:23:50.4544559Z /home/runner/work/Redliner101/Redliner101/Common/src/main/java/at/petrak/hexcasting/datagen/recipe/HexplatRecipes.java:744: error: no suitable method found for shapeless(RecipeCategory,ItemLike,int)
Fabric 1.21.11 build	Build Fabric artifact	2026-08-18T15:23:50.4546225Z         ShapelessRecipeBuilder.shapeless(category, free, largeSize ? 9 : 4)
Fabric 1.21.11 build	Build Fabric artifact	2026-08-18T15:23:50.4547099Z                               ^
Fabric 1.21.11 build	Build Fabric artifact	2026-08-18T15:23:50.4548010Z     method ShapelessRecipeBuilder.shapeless(HolderGetter<Item>,RecipeCategory,ItemStack) is not applicable
Fabric 1.21.11 build	Build Fabric artifact	2026-08-18T15:23:50.4549295Z       (argument mismatch; RecipeCategory cannot be converted to HolderGetter<Item>)
Fabric 1.21.11 build	Build Fabric artifact	2026-08-18T15:23:50.4550629Z     method ShapelessRecipeBuilder.shapeless(HolderGetter<Item>,RecipeCategory,ItemLike) is not applicable
Fabric 1.21.11 build	Build Fabric artifact	2026-08-18T15:23:50.4551823Z       (argument mismatch; RecipeCategory cannot be converted to HolderGetter<Item>)
Fabric 1.21.11 build	Build Fabric artifact	2026-08-18T15:23:50.4553564Z /home/runner/work/Redliner101/Redliner101/Common/src/main/java/at/petrak/hexcasting/datagen/recipe/HexplatRecipes.java:756: error: no suitable method found for of(@org.jetbrains.annotations.Nullable TagKey<Item>)
Fabric 1.21.11 build	Build Fabric artifact	2026-08-18T15:23:50.4555422Z         return item == null ? null : Ingredient.of(item);
Fabric 1.21.11 build	Build Fabric artifact	2026-08-18T15:23:50.4556009Z                                                ^
Fabric 1.21.11 build	Build Fabric artifact	2026-08-18T15:23:50.4556602Z     method Ingredient.of(ItemLike) is not applicable
Fabric 1.21.11 build	Build Fabric artifact	2026-08-18T15:23:50.4557543Z       (argument mismatch; @org.jetbrains.annotations.Nullable TagKey<Item> cannot be converted to ItemLike)
Fabric 1.21.11 build	Build Fabric artifact	2026-08-18T15:23:50.4558468Z     method Ingredient.of(ItemLike...) is not applicable
Fabric 1.21.11 build	Build Fabric artifact	2026-08-18T15:23:50.4559389Z       (varargs mismatch; @org.jetbrains.annotations.Nullable TagKey<Item> cannot be converted to ItemLike)
Fabric 1.21.11 build	Build Fabric artifact	2026-08-18T15:23:50.4560540Z     method Ingredient.of(Stream<? extends ItemLike>) is not applicable
Fabric 1.21.11 build	Build Fabric artifact	2026-08-18T15:23:50.4561657Z       (argument mismatch; @org.jetbrains.annotations.Nullable TagKey<Item> cannot be converted to Stream<? extends ItemLike>)
Fabric 1.21.11 build	Build Fabric artifact	2026-08-18T15:23:50.4562721Z     method Ingredient.of(HolderSet<Item>) is not applicable
Fabric 1.21.11 build	Build Fabric artifact	2026-08-18T15:23:50.4563698Z       (argument mismatch; @org.jetbrains.annotations.Nullable TagKey<Item> cannot be converted to HolderSet<Item>)
Fabric 1.21.11 build	Build Fabric artifact	2026-08-18T15:23:50.4565534Z /home/runner/work/Redliner101/Redliner101/Common/src/main/java/at/petrak/hexcasting/datagen/recipe/HexplatRecipes.java:763: error: incompatible types: RecipeCategory cannot be converted to HolderGetter<Item>
Fabric 1.21.11 build	Build Fabric artifact	2026-08-18T15:23:50.4567400Z         ShapedRecipeBuilder.shaped(RecipeCategory.BUILDING_BLOCKS, bricks, 4)
Fabric 1.21.11 build	Build Fabric artifact	2026-08-18T15:23:50.4568136Z                                                  ^
Fabric 1.21.11 build	Build Fabric artifact	2026-08-18T15:23:50.4569504Z /home/runner/work/Redliner101/Redliner101/Common/src/main/java/at/petrak/hexcasting/datagen/recipe/HexplatRecipes.java:771: error: no suitable method found for shapeless(RecipeCategory,Item)
Fabric 1.21.11 build	Build Fabric artifact	2026-08-18T15:23:50.4571256Z         ShapelessRecipeBuilder.shapeless(RecipeCategory.BUILDING_BLOCKS, bricks)
Fabric 1.21.11 build	Build Fabric artifact	2026-08-18T15:23:50.4572011Z                               ^
Fabric 1.21.11 build	Build Fabric artifact	2026-08-18T15:23:50.4572865Z     method ShapelessRecipeBuilder.shapeless(HolderGetter<Item>,RecipeCategory,ItemStack) is not applicable
Fabric 1.21.11 build	Build Fabric artifact	2026-08-18T15:23:50.4573837Z       (actual and formal argument lists differ in length)
Fabric 1.21.11 build	Build Fabric artifact	2026-08-18T15:23:50.4574820Z     method ShapelessRecipeBuilder.shapeless(HolderGetter<Item>,RecipeCategory,ItemLike) is not applicable
Fabric 1.21.11 build	Build Fabric artifact	2026-08-18T15:23:50.4575813Z       (actual and formal argument lists differ in length)
Fabric 1.21.11 build	Build Fabric artifact	2026-08-18T15:23:50.4576818Z     method ShapelessRecipeBuilder.shapeless(HolderGetter<Item>,RecipeCategory,ItemLike,int) is not applicable
Fabric 1.21.11 build	Build Fabric artifact	2026-08-18T15:23:50.4577828Z       (actual and formal argument lists differ in length)
Fabric 1.21.11 build	Build Fabric artifact	2026-08-18T15:23:50.4579305Z /home/runner/work/Redliner101/Redliner101/Common/src/main/java/at/petrak/hexcasting/datagen/recipe/HexplatRecipes.java:777: error: no suitable method found for shapeless(RecipeCategory,Item)
Fabric 1.21.11 build	Build Fabric artifact	2026-08-18T15:23:50.4581090Z         ShapelessRecipeBuilder.shapeless(RecipeCategory.BUILDING_BLOCKS, smallBricks)
Fabric 1.21.11 build	Build Fabric artifact	2026-08-18T15:23:50.4581867Z                               ^
Fabric 1.21.11 build	Build Fabric artifact	2026-08-18T15:23:50.4582727Z     method ShapelessRecipeBuilder.shapeless(HolderGetter<Item>,RecipeCategory,ItemStack) is not applicable
Fabric 1.21.11 build	Build Fabric artifact	2026-08-18T15:23:50.4583731Z       (actual and formal argument lists differ in length)
Fabric 1.21.11 build	Build Fabric artifact	2026-08-18T15:23:50.4584701Z     method ShapelessRecipeBuilder.shapeless(HolderGetter<Item>,RecipeCategory,ItemLike) is not applicable
Fabric 1.21.11 build	Build Fabric artifact	2026-08-18T15:23:50.4585678Z       (actual and formal argument lists differ in length)
Fabric 1.21.11 build	Build Fabric artifact	2026-08-18T15:23:50.4586649Z     method ShapelessRecipeBuilder.shapeless(HolderGetter<Item>,RecipeCategory,ItemLike,int) is not applicable
Fabric 1.21.11 build	Build Fabric artifact	2026-08-18T15:23:50.4587649Z       (actual and formal argument lists differ in length)
Fabric 1.21.11 build	Build Fabric artifact	2026-08-18T15:23:50.4589175Z /home/runner/work/Redliner101/Redliner101/Common/src/main/java/at/petrak/hexcasting/datagen/recipe/HexplatRecipes.java:783: error: incompatible types: RecipeCategory cannot be converted to HolderGetter<Item>
Fabric 1.21.11 build	Build Fabric artifact	2026-08-18T15:23:50.4590955Z         ShapedRecipeBuilder.shaped(RecipeCategory.BUILDING_BLOCKS, tiles, 4)
Fabric 1.21.11 build	Build Fabric artifact	2026-08-18T15:23:50.4591705Z                                                  ^
Fabric 1.21.11 build	Build Fabric artifact	2026-08-18T15:23:50.4593357Z /home/runner/work/Redliner101/Redliner101/Common/src/main/java/at/petrak/hexcasting/datagen/recipe/HexplatRecipes.java:792: error: incompatible types: RecipeCategory cannot be converted to HolderGetter<Item>
Fabric 1.21.11 build	Build Fabric artifact	2026-08-18T15:23:50.4594976Z             ShapedRecipeBuilder.shaped(RecipeCategory.BUILDING_BLOCKS, pillar, 2)
Fabric 1.21.11 build	Build Fabric artifact	2026-08-18T15:23:50.4595716Z                                                      ^
Fabric 1.21.11 build	Build Fabric artifact	2026-08-18T15:23:50.4596969Z /home/runner/work/Redliner101/Redliner101/Common/src/main/java/at/petrak/hexcasting/datagen/recipe/HexplatRecipes.java:804: error: no suitable method found for of(TagKey<Item>)
Fabric 1.21.11 build	Build Fabric artifact	2026-08-18T15:23:50.4598565Z             SingleItemRecipeBuilder.stonecutting(Ingredient.of(tagKey), RecipeCategory.BUILDING_BLOCKS, result)
Fabric 1.21.11 build	Build Fabric artifact	2026-08-18T15:23:50.4599514Z                                                            ^
Fabric 1.21.11 build	Build Fabric artifact	2026-08-18T15:23:50.4600300Z     method Ingredient.of(ItemLike) is not applicable
Fabric 1.21.11 build	Build Fabric artifact	2026-08-18T15:23:50.4601014Z       (argument mismatch; TagKey<Item> cannot be converted to ItemLike)
Fabric 1.21.11 build	Build Fabric artifact	2026-08-18T15:23:50.4601770Z     method Ingredient.of(ItemLike...) is not applicable
Fabric 1.21.11 build	Build Fabric artifact	2026-08-18T15:23:50.4602475Z       (varargs mismatch; TagKey<Item> cannot be converted to ItemLike)
Fabric 1.21.11 build	Build Fabric artifact	2026-08-18T15:23:50.4603242Z     method Ingredient.of(Stream<? extends ItemLike>) is not applicable
Fabric 1.21.11 build	Build Fabric artifact	2026-08-18T15:23:50.4604311Z       (argument mismatch; TagKey<Item> cannot be converted to Stream<? extends ItemLike>)
Fabric 1.21.11 build	Build Fabric artifact	2026-08-18T15:23:50.4605144Z     method Ingredient.of(HolderSet<Item>) is not applicable
Fabric 1.21.11 build	Build Fabric artifact	2026-08-18T15:23:50.4605916Z       (argument mismatch; TagKey<Item> cannot be converted to HolderSet<Item>)
Fabric 1.21.11 build	Build Fabric artifact	2026-08-18T15:23:50.4608025Z /home/runner/work/Redliner101/Redliner101/Common/src/main/java/at/petrak/hexcasting/datagen/recipe/builders/CreateCrushingRecipeBuilder.java:23: error: CreateCrushingRecipeBuilder is not abstract and does not override abstract method save(RecipeOutput,ResourceKey<Recipe<?>>) in RecipeBuilder
Fabric 1.21.11 build	Build Fabric artifact	2026-08-18T15:23:50.4610302Z public class CreateCrushingRecipeBuilder implements RecipeBuilder {
Fabric 1.21.11 build	Build Fabric artifact	2026-08-18T15:23:50.4610986Z        ^
Fabric 1.21.11 build	Build Fabric artifact	2026-08-18T15:23:50.4612247Z /home/runner/work/Redliner101/Redliner101/Common/src/main/java/at/petrak/hexcasting/datagen/recipe/builders/CreateCrushingRecipeBuilder.java:50: error: no suitable method found for of(ItemStack)
Fabric 1.21.11 build	Build Fabric artifact	2026-08-18T15:23:50.4613670Z         return withInput(Ingredient.of(stack));
Fabric 1.21.11 build	Build Fabric artifact	2026-08-18T15:23:50.4614205Z                                    ^
Fabric 1.21.11 build	Build Fabric artifact	2026-08-18T15:23:50.4614769Z     method Ingredient.of(ItemLike) is not applicable
Fabric 1.21.11 build	Build Fabric artifact	2026-08-18T15:23:50.4615467Z       (argument mismatch; ItemStack cannot be converted to ItemLike)
Fabric 1.21.11 build	Build Fabric artifact	2026-08-18T15:23:50.4616196Z     method Ingredient.of(ItemLike...) is not applicable
Fabric 1.21.11 build	Build Fabric artifact	2026-08-18T15:23:50.4616920Z       (varargs mismatch; ItemStack cannot be converted to ItemLike)
Fabric 1.21.11 build	Build Fabric artifact	2026-08-18T15:23:50.4617713Z     method Ingredient.of(Stream<? extends ItemLike>) is not applicable
Fabric 1.21.11 build	Build Fabric artifact	2026-08-18T15:23:50.4618616Z       (argument mismatch; ItemStack cannot be converted to Stream<? extends ItemLike>)
Fabric 1.21.11 build	Build Fabric artifact	2026-08-18T15:23:50.4619492Z     method Ingredient.of(HolderSet<Item>) is not applicable
Fabric 1.21.11 build	Build Fabric artifact	2026-08-18T15:23:50.4620401Z       (argument mismatch; ItemStack cannot be converted to HolderSet<Item>)
Fabric 1.21.11 build	Build Fabric artifact	2026-08-18T15:23:50.4622092Z /home/runner/work/Redliner101/Redliner101/Common/src/main/java/at/petrak/hexcasting/datagen/recipe/builders/CreateCrushingRecipeBuilder.java:101: error: method does not override or implement a method from a supertype
Fabric 1.21.11 build	Build Fabric artifact	2026-08-18T15:23:50.4623608Z     @Override
Fabric 1.21.11 build	Build Fabric artifact	2026-08-18T15:23:50.4623996Z     ^
Fabric 1.21.11 build	Build Fabric artifact	2026-08-18T15:23:50.4625940Z /home/runner/work/Redliner101/Redliner101/Common/src/main/java/at/petrak/hexcasting/datagen/recipe/builders/FarmersDelightCuttingRecipeBuilder.java:19: error: FarmersDelightCuttingRecipeBuilder is not abstract and does not override abstract method save(RecipeOutput,ResourceKey<Recipe<?>>) in RecipeBuilder
Fabric 1.21.11 build	Build Fabric artifact	2026-08-18T15:23:50.4628291Z public class FarmersDelightCuttingRecipeBuilder implements RecipeBuilder {
Fabric 1.21.11 build	Build Fabric artifact	2026-08-18T15:23:50.4629021Z        ^
Fabric 1.21.11 build	Build Fabric artifact	2026-08-18T15:23:50.4630586Z /home/runner/work/Redliner101/Redliner101/Common/src/main/java/at/petrak/hexcasting/datagen/recipe/builders/FarmersDelightCuttingRecipeBuilder.java:47: error: no suitable method found for of(ItemStack)
Fabric 1.21.11 build	Build Fabric artifact	2026-08-18T15:23:50.4632199Z         return withInput(Ingredient.of(stack));
Fabric 1.21.11 build	Build Fabric artifact	2026-08-18T15:23:50.4632733Z                                    ^
Fabric 1.21.11 build	Build Fabric artifact	2026-08-18T15:23:50.4633274Z     method Ingredient.of(ItemLike) is not applicable
Fabric 1.21.11 build	Build Fabric artifact	2026-08-18T15:23:50.4633951Z       (argument mismatch; ItemStack cannot be converted to ItemLike)
Fabric 1.21.11 build	Build Fabric artifact	2026-08-18T15:23:50.4634638Z     method Ingredient.of(ItemLike...) is not applicable
Fabric 1.21.11 build	Build Fabric artifact	2026-08-18T15:23:50.4635313Z       (varargs mismatch; ItemStack cannot be converted to ItemLike)
Fabric 1.21.11 build	Build Fabric artifact	2026-08-18T15:23:50.4636066Z     method Ingredient.of(Stream<? extends ItemLike>) is not applicable
Fabric 1.21.11 build	Build Fabric artifact	2026-08-18T15:23:50.4636892Z       (argument mismatch; ItemStack cannot be converted to Stream<? extends ItemLike>)
Fabric 1.21.11 build	Build Fabric artifact	2026-08-18T15:23:50.4637667Z     method Ingredient.of(HolderSet<Item>) is not applicable
Fabric 1.21.11 build	Build Fabric artifact	2026-08-18T15:23:50.4640150Z       (argument mismatch; ItemStack cannot be converted to HolderSet<Item>)
Fabric 1.21.11 build	Build Fabric artifact	2026-08-18T15:23:50.4641807Z /home/runner/work/Redliner101/Redliner101/Common/src/main/java/at/petrak/hexcasting/datagen/recipe/builders/FarmersDelightCuttingRecipeBuilder.java:103: error: method does not override or implement a method from a supertype
Fabric 1.21.11 build	Build Fabric artifact	2026-08-18T15:23:50.4643438Z     @Override
Fabric 1.21.11 build	Build Fabric artifact	2026-08-18T15:23:50.4643809Z     ^
Fabric 1.21.11 build	Build Fabric artifact	2026-08-18T15:23:50.4645266Z /home/runner/work/Redliner101/Redliner101/Common/src/main/java/at/petrak/hexcasting/datagen/recipe/builders/CompatIngredientValue.java:30: error: incompatible types: no instance(s) of type variable(s) T exist so that Stream<T> conforms to HolderSet<Item>
Fabric 1.21.11 build	Build Fabric artifact	2026-08-18T15:23:50.4647102Z         return new Ingredient(Stream.of(new CompatIngredientValue(itemName)));
Fabric 1.21.11 build	Build Fabric artifact	2026-08-18T15:23:50.4647853Z                ^
Fabric 1.21.11 build	Build Fabric artifact	2026-08-18T15:23:50.4648271Z   where T is a type-variable:
Fabric 1.21.11 build	Build Fabric artifact	2026-08-18T15:23:50.4648779Z     T extends Object declared in method <T>of(T)
Fabric 1.21.11 build	Build Fabric artifact	2026-08-18T15:23:50.4650843Z /home/runner/work/Redliner101/Redliner101/Common/src/main/java/at/petrak/hexcasting/datagen/recipe/builders/BrainsweepRecipeBuilder.java:21: error: BrainsweepRecipeBuilder is not abstract and does not override abstract method save(RecipeOutput,ResourceKey<Recipe<?>>) in RecipeBuilder
Fabric 1.21.11 build	Build Fabric artifact	2026-08-18T15:23:50.4652811Z public class BrainsweepRecipeBuilder implements RecipeBuilder {
Fabric 1.21.11 build	Build Fabric artifact	2026-08-18T15:23:50.4653431Z        ^
Fabric 1.21.11 build	Build Fabric artifact	2026-08-18T15:23:50.4654721Z /home/runner/work/Redliner101/Redliner101/Common/src/main/java/at/petrak/hexcasting/datagen/recipe/builders/BrainsweepRecipeBuilder.java:53: error: method does not override or implement a method from a supertype
Fabric 1.21.11 build	Build Fabric artifact	2026-08-18T15:23:50.4656127Z 	@Override
Fabric 1.21.11 build	Build Fabric artifact	2026-08-18T15:23:50.4656508Z 	^
Fabric 1.21.11 build	Build Fabric artifact	2026-08-18T15:23:50.4657795Z /home/runner/work/Redliner101/Redliner101/Common/src/main/java/at/petrak/hexcasting/datagen/recipe/builders/BrainsweepRecipeBuilder.java:56: error: incompatible types: Identifier cannot be converted to ResourceKey<Recipe<?>>
Fabric 1.21.11 build	Build Fabric artifact	2026-08-18T15:23:50.4660079Z 				.addCriterion("has_the_recipe", RecipeUnlockedTrigger.unlocked(id))
Fabric 1.21.11 build	Build Fabric artifact	2026-08-18T15:23:50.4660825Z 				                                                               ^
Fabric 1.21.11 build	Build Fabric artifact	2026-08-18T15:23:50.4662336Z /home/runner/work/Redliner101/Redliner101/Common/src/main/java/at/petrak/hexcasting/datagen/recipe/builders/BrainsweepRecipeBuilder.java:57: error: incompatible types: Identifier cannot be converted to ResourceKey<Recipe<?>>
Fabric 1.21.11 build	Build Fabric artifact	2026-08-18T15:23:50.4663824Z 				.rewards(AdvancementRewards.Builder.recipe(id))
Fabric 1.21.11 build	Build Fabric artifact	2026-08-18T15:23:50.4664342Z 				                                           ^
Fabric 1.21.11 build	Build Fabric artifact	2026-08-18T15:23:50.4665786Z /home/runner/work/Redliner101/Redliner101/Common/src/main/java/at/petrak/hexcasting/datagen/recipe/builders/BrainsweepRecipeBuilder.java:62: error: incompatible types: Identifier cannot be converted to ResourceKey<Recipe<?>>
Fabric 1.21.11 build	Build Fabric artifact	2026-08-18T15:23:50.4667688Z 		recipeOutput.accept(id.withPrefix("brainsweep/"), recipe, advancement.build(id.withPrefix("recipes/brainsweep/")));
Fabric 1.21.11 build	Build Fabric artifact	2026-08-18T15:23:50.4668849Z 		                                 ^
Fabric 1.21.11 build	Build Fabric artifact	2026-08-18T15:23:50.4670752Z /home/runner/work/Redliner101/Redliner101/Common/src/main/java/at/petrak/hexcasting/datagen/tag/HexItemTagProvider.java:26: error: method does not override or implement a method from a supertype
Fabric 1.21.11 build	Build Fabric artifact	2026-08-18T15:23:50.4672006Z     @Override
Fabric 1.21.11 build	Build Fabric artifact	2026-08-18T15:23:50.4672300Z     ^
Fabric 1.21.11 build	Build Fabric artifact	2026-08-18T15:23:50.4673206Z /home/runner/work/Redliner101/Redliner101/Common/src/main/java/at/petrak/hexcasting/datagen/tag/HexItemTagProvider.java:28: error: cannot find symbol
Fabric 1.21.11 build	Build Fabric artifact	2026-08-18T15:23:50.4674134Z         add(tag(xtags.gems()),
Fabric 1.21.11 build	Build Fabric artifact	2026-08-18T15:23:50.4674509Z             ^
Fabric 1.21.11 build	Build Fabric artifact	2026-08-18T15:23:50.4674827Z   symbol:   method tag(TagKey<Item>)
Fabric 1.21.11 build	Build Fabric artifact	2026-08-18T15:23:50.4675264Z   location: class HexItemTagProvider
Fabric 1.21.11 build	Build Fabric artifact	2026-08-18T15:23:50.4676329Z /home/runner/work/Redliner101/Redliner101/Common/src/main/java/at/petrak/hexcasting/datagen/tag/HexItemTagProvider.java:30: error: cannot find symbol
Fabric 1.21.11 build	Build Fabric artifact	2026-08-18T15:23:50.4677442Z         add(tag(xtags.amethystDust()),
Fabric 1.21.11 build	Build Fabric artifact	2026-08-18T15:23:50.4677840Z             ^
Fabric 1.21.11 build	Build Fabric artifact	2026-08-18T15:23:50.4678179Z   symbol:   method tag(TagKey<Item>)
Fabric 1.21.11 build	Build Fabric artifact	2026-08-18T15:23:50.4678618Z   location: class HexItemTagProvider
Fabric 1.21.11 build	Build Fabric artifact	2026-08-18T15:23:50.4679844Z /home/runner/work/Redliner101/Redliner101/Common/src/main/java/at/petrak/hexcasting/datagen/tag/HexItemTagProvider.java:33: error: cannot find symbol
Fabric 1.21.11 build	Build Fabric artifact	2026-08-18T15:23:50.4681162Z         add(tag(HexTags.Items.STAVES),
Fabric 1.21.11 build	Build Fabric artifact	2026-08-18T15:23:50.4681554Z             ^
Fabric 1.21.11 build	Build Fabric artifact	2026-08-18T15:23:50.4681864Z   symbol:   method tag(TagKey<Item>)
Fabric 1.21.11 build	Build Fabric artifact	2026-08-18T15:23:50.4682282Z   location: class HexItemTagProvider
Fabric 1.21.11 build	Build Fabric artifact	2026-08-18T15:23:50.4683291Z /home/runner/work/Redliner101/Redliner101/Common/src/main/java/at/petrak/hexcasting/datagen/tag/HexItemTagProvider.java:41: error: cannot find symbol
Fabric 1.21.11 build	Build Fabric artifact	2026-08-18T15:23:50.4684510Z         add(tag(HexTags.Items.PHIAL_BASE),
Fabric 1.21.11 build	Build Fabric artifact	2026-08-18T15:23:50.4684964Z             ^
Fabric 1.21.11 build	Build Fabric artifact	2026-08-18T15:23:50.4685299Z   symbol:   method tag(TagKey<Item>)
Fabric 1.21.11 build	Build Fabric artifact	2026-08-18T15:23:50.4685754Z   location: class HexItemTagProvider
Fabric 1.21.11 build	Build Fabric artifact	2026-08-18T15:23:50.4686813Z /home/runner/work/Redliner101/Redliner101/Common/src/main/java/at/petrak/hexcasting/datagen/tag/HexItemTagProvider.java:43: error: cannot find symbol
Fabric 1.21.11 build	Build Fabric artifact	2026-08-18T15:23:50.4687975Z         add(tag(HexTags.Items.GRANTS_ROOT_ADVANCEMENT),
Fabric 1.21.11 build	Build Fabric artifact	2026-08-18T15:23:50.4688526Z             ^
Fabric 1.21.11 build	Build Fabric artifact	2026-08-18T15:23:50.4688902Z   symbol:   method tag(TagKey<Item>)
Fabric 1.21.11 build	Build Fabric artifact	2026-08-18T15:23:50.4689398Z   location: class HexItemTagProvider
Fabric 1.21.11 build	Build Fabric artifact	2026-08-18T15:23:50.4701292Z /home/runner/work/Redliner101/Redliner101/Common/src/main/java/at/petrak/hexcasting/datagen/tag/HexItemTagProvider.java:46: error: cannot find symbol
Fabric 1.21.11 build	Build Fabric artifact	2026-08-18T15:23:50.4702374Z         add(tag(HexTags.Items.SEAL_MATERIALS),
Fabric 1.21.11 build	Build Fabric artifact	2026-08-18T15:23:50.4702783Z             ^
Fabric 1.21.11 build	Build Fabric artifact	2026-08-18T15:23:50.4703102Z   symbol:   method tag(TagKey<Item>)
Fabric 1.21.11 build	Build Fabric artifact	2026-08-18T15:23:50.4703523Z   location: class HexItemTagProvider
Fabric 1.21.11 build	Build Fabric artifact	2026-08-18T15:23:50.4704571Z /home/runner/work/Redliner101/Redliner101/Common/src/main/java/at/petrak/hexcasting/datagen/tag/HexItemTagProvider.java:49: error: cannot find symbol
Fabric 1.21.11 build	Build Fabric artifact	2026-08-18T15:23:50.4705812Z         this.copy(HexTags.Blocks.EDIFIED_LOGS, HexTags.Items.EDIFIED_LOGS);
Fabric 1.21.11 build	Build Fabric artifact	2026-08-18T15:23:50.4706405Z             ^
Fabric 1.21.11 build	Build Fabric artifact	2026-08-18T15:23:50.4706887Z   symbol: method copy(TagKey<Block>,TagKey<Item>)
Fabric 1.21.11 build	Build Fabric artifact	2026-08-18T15:23:50.4707913Z /home/runner/work/Redliner101/Redliner101/Common/src/main/java/at/petrak/hexcasting/datagen/tag/HexItemTagProvider.java:50: error: cannot find symbol
Fabric 1.21.11 build	Build Fabric artifact	2026-08-18T15:23:50.4709140Z         this.copy(HexTags.Blocks.EDIFIED_PLANKS, HexTags.Items.EDIFIED_PLANKS);
Fabric 1.21.11 build	Build Fabric artifact	2026-08-18T15:23:50.4709871Z             ^
Fabric 1.21.11 build	Build Fabric artifact	2026-08-18T15:23:50.4710221Z   symbol: method copy(TagKey<Block>,TagKey<Item>)
Fabric 1.21.11 build	Build Fabric artifact	2026-08-18T15:23:50.4711271Z /home/runner/work/Redliner101/Redliner101/Common/src/main/java/at/petrak/hexcasting/datagen/tag/HexItemTagProvider.java:51: error: cannot find symbol
Fabric 1.21.11 build	Build Fabric artifact	2026-08-18T15:23:50.4712453Z         this.copy(HexTags.Blocks.IMPETI, HexTags.Items.IMPETI);
Fabric 1.21.11 build	Build Fabric artifact	2026-08-18T15:23:50.4712963Z             ^
Fabric 1.21.11 build	Build Fabric artifact	2026-08-18T15:23:50.4713318Z   symbol: method copy(TagKey<Block>,TagKey<Item>)
Fabric 1.21.11 build	Build Fabric artifact	2026-08-18T15:23:50.4714644Z /home/runner/work/Redliner101/Redliner101/Common/src/main/java/at/petrak/hexcasting/datagen/tag/HexItemTagProvider.java:52: error: cannot find symbol
Fabric 1.21.11 build	Build Fabric artifact	2026-08-18T15:23:50.4715852Z         this.copy(HexTags.Blocks.DIRECTRICES, HexTags.Items.DIRECTRICES);
Fabric 1.21.11 build	Build Fabric artifact	2026-08-18T15:23:50.4716418Z             ^
Fabric 1.21.11 build	Build Fabric artifact	2026-08-18T15:23:50.4716766Z   symbol: method copy(TagKey<Block>,TagKey<Item>)
Fabric 1.21.11 build	Build Fabric artifact	2026-08-18T15:23:50.4717880Z /home/runner/work/Redliner101/Redliner101/Common/src/main/java/at/petrak/hexcasting/datagen/tag/HexItemTagProvider.java:53: error: cannot find symbol
Fabric 1.21.11 build	Build Fabric artifact	2026-08-18T15:23:50.4719299Z         this.copy(HexTags.Blocks.MINDFLAYED_CIRCLE_COMPONENTS, HexTags.Items.MINDFLAYED_CIRCLE_COMPONENTS);
Fabric 1.21.11 build	Build Fabric artifact	2026-08-18T15:23:50.4720171Z             ^
Fabric 1.21.11 build	Build Fabric artifact	2026-08-18T15:23:50.4720536Z   symbol: method copy(TagKey<Block>,TagKey<Item>)
Fabric 1.21.11 build	Build Fabric artifact	2026-08-18T15:23:50.4721597Z /home/runner/work/Redliner101/Redliner101/Common/src/main/java/at/petrak/hexcasting/datagen/tag/HexItemTagProvider.java:54: error: cannot find symbol
Fabric 1.21.11 build	Build Fabric artifact	2026-08-18T15:23:50.4722781Z         this.copy(HexTags.Blocks.SLATE_BLOCKS, HexTags.Items.SLATE_BLOCKS);
Fabric 1.21.11 build	Build Fabric artifact	2026-08-18T15:23:50.4723346Z             ^
Fabric 1.21.11 build	Build Fabric artifact	2026-08-18T15:23:50.4723698Z   symbol: method copy(TagKey<Block>,TagKey<Item>)
Fabric 1.21.11 build	Build Fabric artifact	2026-08-18T15:23:50.4724769Z /home/runner/work/Redliner101/Redliner101/Common/src/main/java/at/petrak/hexcasting/datagen/tag/HexItemTagProvider.java:55: error: cannot find symbol
Fabric 1.21.11 build	Build Fabric artifact	2026-08-18T15:23:50.4726168Z         this.copy(HexTags.Blocks.AMETHYST_BLOCKS, HexTags.Items.AMETHYST_BLOCKS);
Fabric 1.21.11 build	Build Fabric artifact	2026-08-18T15:23:50.4726761Z             ^
Fabric 1.21.11 build	Build Fabric artifact	2026-08-18T15:23:50.4727108Z   symbol: method copy(TagKey<Block>,TagKey<Item>)
Fabric 1.21.11 build	Build Fabric artifact	2026-08-18T15:23:50.4728084Z /home/runner/work/Redliner101/Redliner101/Common/src/main/java/at/petrak/hexcasting/datagen/tag/HexItemTagProvider.java:56: error: cannot find symbol
Fabric 1.21.11 build	Build Fabric artifact	2026-08-18T15:23:50.4729358Z         this.copy(HexTags.Blocks.QUENCHED_ALLAY_BLOCKS, HexTags.Items.QUENCHED_ALLAY_BLOCKS);
Fabric 1.21.11 build	Build Fabric artifact	2026-08-18T15:23:50.4730074Z             ^
Fabric 1.21.11 build	Build Fabric artifact	2026-08-18T15:23:50.4730489Z   symbol: method copy(TagKey<Block>,TagKey<Item>)
Fabric 1.21.11 build	Build Fabric artifact	2026-08-18T15:23:50.4731522Z /home/runner/work/Redliner101/Redliner101/Common/src/main/java/at/petrak/hexcasting/datagen/tag/HexItemTagProvider.java:57: error: cannot find symbol
Fabric 1.21.11 build	Build Fabric artifact	2026-08-18T15:23:50.4732550Z         this.copy(BlockTags.LOGS_THAT_BURN, ItemTags.LOGS_THAT_BURN);
Fabric 1.21.11 build	Build Fabric artifact	2026-08-18T15:23:50.4733031Z             ^
Fabric 1.21.11 build	Build Fabric artifact	2026-08-18T15:23:50.4733379Z   symbol: method copy(TagKey<Block>,TagKey<Item>)
Fabric 1.21.11 build	Build Fabric artifact	2026-08-18T15:23:50.4734409Z /home/runner/work/Redliner101/Redliner101/Common/src/main/java/at/petrak/hexcasting/datagen/tag/HexItemTagProvider.java:58: error: cannot find symbol
Fabric 1.21.11 build	Build Fabric artifact	2026-08-18T15:23:50.4735457Z         this.copy(BlockTags.LOGS, ItemTags.LOGS);
Fabric 1.21.11 build	Build Fabric artifact	2026-08-18T15:23:50.4735845Z             ^
Fabric 1.21.11 build	Build Fabric artifact	2026-08-18T15:23:50.4736192Z   symbol: method copy(TagKey<Block>,TagKey<Item>)
Fabric 1.21.11 build	Build Fabric artifact	2026-08-18T15:23:50.4737224Z /home/runner/work/Redliner101/Redliner101/Common/src/main/java/at/petrak/hexcasting/datagen/tag/HexItemTagProvider.java:59: error: cannot find symbol
Fabric 1.21.11 build	Build Fabric artifact	2026-08-18T15:23:50.4738303Z         this.copy(BlockTags.PLANKS, ItemTags.PLANKS);
Fabric 1.21.11 build	Build Fabric artifact	2026-08-18T15:23:50.4738770Z             ^
Fabric 1.21.11 build	Build Fabric artifact	2026-08-18T15:23:50.4739129Z   symbol: method copy(TagKey<Block>,TagKey<Item>)
Fabric 1.21.11 build	Build Fabric artifact	2026-08-18T15:23:50.4740605Z /home/runner/work/Redliner101/Redliner101/Common/src/main/java/at/petrak/hexcasting/datagen/tag/HexItemTagProvider.java:60: error: cannot find symbol
Fabric 1.21.11 build	Build Fabric artifact	2026-08-18T15:23:50.4741704Z         this.copy(BlockTags.SLABS, ItemTags.SLABS);
Fabric 1.21.11 build	Build Fabric artifact	2026-08-18T15:23:50.4742140Z             ^
Fabric 1.21.11 build	Build Fabric artifact	2026-08-18T15:23:50.4742493Z   symbol: method copy(TagKey<Block>,TagKey<Item>)
Fabric 1.21.11 build	Build Fabric artifact	2026-08-18T15:23:50.4743513Z /home/runner/work/Redliner101/Redliner101/Common/src/main/java/at/petrak/hexcasting/datagen/tag/HexItemTagProvider.java:61: error: cannot find symbol
Fabric 1.21.11 build	Build Fabric artifact	2026-08-18T15:23:50.4744662Z         this.copy(BlockTags.WOODEN_SLABS, ItemTags.WOODEN_SLABS);
Fabric 1.21.11 build	Build Fabric artifact	2026-08-18T15:23:50.4745165Z             ^
Fabric 1.21.11 build	Build Fabric artifact	2026-08-18T15:23:50.4745515Z   symbol: method copy(TagKey<Block>,TagKey<Item>)
Fabric 1.21.11 build	Build Fabric artifact	2026-08-18T15:23:50.4746580Z /home/runner/work/Redliner101/Redliner101/Common/src/main/java/at/petrak/hexcasting/datagen/tag/HexItemTagProvider.java:62: error: cannot find symbol
Fabric 1.21.11 build	Build Fabric artifact	2026-08-18T15:23:50.4747889Z         this.copy(BlockTags.DOORS, ItemTags.DOORS);
Fabric 1.21.11 build	Build Fabric artifact	2026-08-18T15:23:50.4748332Z             ^
Fabric 1.21.11 build	Build Fabric artifact	2026-08-18T15:23:50.4748711Z   symbol: method copy(TagKey<Block>,TagKey<Item>)
Fabric 1.21.11 build	Build Fabric artifact	2026-08-18T15:23:50.4749856Z /home/runner/work/Redliner101/Redliner101/Common/src/main/java/at/petrak/hexcasting/datagen/tag/HexItemTagProvider.java:63: error: cannot find symbol
Fabric 1.21.11 build	Build Fabric artifact	2026-08-18T15:23:50.4750960Z         this.copy(BlockTags.WOODEN_DOORS, ItemTags.WOODEN_DOORS);
Fabric 1.21.11 build	Build Fabric artifact	2026-08-18T15:23:50.4751451Z             ^
Fabric 1.21.11 build	Build Fabric artifact	2026-08-18T15:23:50.4751797Z   symbol: method copy(TagKey<Block>,TagKey<Item>)
Fabric 1.21.11 build	Build Fabric artifact	2026-08-18T15:23:50.4752850Z /home/runner/work/Redliner101/Redliner101/Common/src/main/java/at/petrak/hexcasting/datagen/tag/HexItemTagProvider.java:64: error: cannot find symbol
Fabric 1.21.11 build	Build Fabric artifact	2026-08-18T15:23:50.4753836Z         this.copy(BlockTags.TRAPDOORS, ItemTags.TRAPDOORS);
Fabric 1.21.11 build	Build Fabric artifact	2026-08-18T15:23:50.4754321Z             ^
Fabric 1.21.11 build	Build Fabric artifact	2026-08-18T15:23:50.4754665Z   symbol: method copy(TagKey<Block>,TagKey<Item>)
Fabric 1.21.11 build	Build Fabric artifact	2026-08-18T15:23:50.4755646Z /home/runner/work/Redliner101/Redliner101/Common/src/main/java/at/petrak/hexcasting/datagen/tag/HexItemTagProvider.java:65: error: cannot find symbol
Fabric 1.21.11 build	Build Fabric artifact	2026-08-18T15:23:50.4756637Z         this.copy(BlockTags.WOODEN_TRAPDOORS, ItemTags.WOODEN_TRAPDOORS);
Fabric 1.21.11 build	Build Fabric artifact	2026-08-18T15:23:50.4757274Z             ^
Fabric 1.21.11 build	Build Fabric artifact	2026-08-18T15:23:50.4757581Z   symbol: method copy(TagKey<Block>,TagKey<Item>)
Fabric 1.21.11 build	Build Fabric artifact	2026-08-18T15:23:50.4758518Z /home/runner/work/Redliner101/Redliner101/Common/src/main/java/at/petrak/hexcasting/datagen/tag/HexItemTagProvider.java:66: error: cannot find symbol
Fabric 1.21.11 build	Build Fabric artifact	2026-08-18T15:23:50.4759514Z         this.copy(BlockTags.LEAVES, ItemTags.LEAVES);
Fabric 1.21.11 build	Build Fabric artifact	2026-08-18T15:23:50.4760074Z             ^
Fabric 1.21.11 build	Build Fabric artifact	2026-08-18T15:23:50.4760420Z   symbol: method copy(TagKey<Block>,TagKey<Item>)
Fabric 1.21.11 build	Build Fabric artifact	2026-08-18T15:23:50.4761421Z /home/runner/work/Redliner101/Redliner101/Common/src/main/java/at/petrak/hexcasting/datagen/tag/HexItemTagProvider.java:68: error: cannot find symbol
Fabric 1.21.11 build	Build Fabric artifact	2026-08-18T15:23:50.4762617Z         this.copy(BlockTags.WOODEN_PRESSURE_PLATES, ItemTags.WOODEN_PRESSURE_PLATES);
Fabric 1.21.11 build	Build Fabric artifact	2026-08-18T15:23:50.4763201Z             ^
Fabric 1.21.11 build	Build Fabric artifact	2026-08-18T15:23:50.4763536Z   symbol: method copy(TagKey<Block>,TagKey<Item>)
Fabric 1.21.11 build	Build Fabric artifact	2026-08-18T15:23:50.4764514Z /home/runner/work/Redliner101/Redliner101/Common/src/main/java/at/petrak/hexcasting/datagen/tag/HexItemTagProvider.java:69: error: cannot find symbol
Fabric 1.21.11 build	Build Fabric artifact	2026-08-18T15:23:50.4765594Z         this.copy(BlockTags.BUTTONS, ItemTags.BUTTONS);
Fabric 1.21.11 build	Build Fabric artifact	2026-08-18T15:23:50.4766051Z             ^
Fabric 1.21.11 build	Build Fabric artifact	2026-08-18T15:23:50.4766393Z   symbol: method copy(TagKey<Block>,TagKey<Item>)
Fabric 1.21.11 build	Build Fabric artifact	2026-08-18T15:23:50.4767455Z /home/runner/work/Redliner101/Redliner101/Common/src/main/java/at/petrak/hexcasting/datagen/tag/HexItemTagProvider.java:70: error: cannot find symbol
Fabric 1.21.11 build	Build Fabric artifact	2026-08-18T15:23:50.4768538Z         this.copy(BlockTags.WOODEN_BUTTONS, ItemTags.WOODEN_BUTTONS);
Fabric 1.21.11 build	Build Fabric artifact	2026-08-18T15:23:50.4769043Z             ^
Fabric 1.21.11 build	Build Fabric artifact	2026-08-18T15:23:50.4769377Z   symbol: method copy(TagKey<Block>,TagKey<Item>)
Fabric 1.21.11 build	Build Fabric artifact	2026-08-18T15:23:50.4770378Z /home/runner/work/Redliner101/Redliner101/Common/src/main/java/at/petrak/hexcasting/datagen/tag/HexActionTagProvider.java:33: error: cannot find symbol
Fabric 1.21.11 build	Build Fabric artifact	2026-08-18T15:23:50.4771410Z             tag(ersatzActionTag(HexTags.Actions.REQUIRES_ENLIGHTENMENT)).add(key);
Fabric 1.21.11 build	Build Fabric artifact	2026-08-18T15:23:50.4771936Z             ^
Fabric 1.21.11 build	Build Fabric artifact	2026-08-18T15:23:50.4772286Z   symbol:   method tag(TagKey<ActionRegistryEntry>)
Fabric 1.21.11 build	Build Fabric artifact	2026-08-18T15:23:50.4772775Z   location: class HexActionTagProvider
Fabric 1.21.11 build	Build Fabric artifact	2026-08-18T15:23:50.4773752Z /home/runner/work/Redliner101/Redliner101/Common/src/main/java/at/petrak/hexcasting/datagen/tag/HexActionTagProvider.java:34: error: cannot find symbol
Fabric 1.21.11 build	Build Fabric artifact	2026-08-18T15:23:50.4774906Z             tag(ersatzActionTag(HexTags.Actions.CAN_START_ENLIGHTEN)).add(key);
Fabric 1.21.11 build	Build Fabric artifact	2026-08-18T15:23:50.4775418Z             ^
Fabric 1.21.11 build	Build Fabric artifact	2026-08-18T15:23:50.4775728Z   symbol:   method tag(TagKey<ActionRegistryEntry>)
Fabric 1.21.11 build	Build Fabric artifact	2026-08-18T15:23:50.4776175Z   location: class HexActionTagProvider
Fabric 1.21.11 build	Build Fabric artifact	2026-08-18T15:23:50.4777084Z /home/runner/work/Redliner101/Redliner101/Common/src/main/java/at/petrak/hexcasting/datagen/tag/HexActionTagProvider.java:35: error: cannot find symbol
Fabric 1.21.11 build	Build Fabric artifact	2026-08-18T15:23:50.4778462Z             tag(ersatzActionTag(HexTags.Actions.PER_WORLD_PATTERN)).add(key);
Fabric 1.21.11 build	Build Fabric artifact	2026-08-18T15:23:50.4778991Z             ^
Fabric 1.21.11 build	Build Fabric artifact	2026-08-18T15:23:50.4779332Z   symbol:   method tag(TagKey<ActionRegistryEntry>)
Fabric 1.21.11 build	Build Fabric artifact	2026-08-18T15:23:50.4779994Z   location: class HexActionTagProvider
Fabric 1.21.11 build	Build Fabric artifact	2026-08-18T15:23:50.4780965Z /home/runner/work/Redliner101/Redliner101/Common/src/main/java/at/petrak/hexcasting/datagen/tag/HexBlockTagProvider.java:29: error: cannot find symbol
Fabric 1.21.11 build	Build Fabric artifact	2026-08-18T15:23:50.4782036Z         add(tag(HexTags.Blocks.IMPETI),
Fabric 1.21.11 build	Build Fabric artifact	2026-08-18T15:23:50.4782423Z             ^
Fabric 1.21.11 build	Build Fabric artifact	2026-08-18T15:23:50.4782744Z   symbol:   method tag(TagKey<Block>)
Fabric 1.21.11 build	Build Fabric artifact	2026-08-18T15:23:50.4783171Z   location: class HexBlockTagProvider
Fabric 1.21.11 build	Build Fabric artifact	2026-08-18T15:23:50.4784202Z /home/runner/work/Redliner101/Redliner101/Common/src/main/java/at/petrak/hexcasting/datagen/tag/HexBlockTagProvider.java:31: error: cannot find symbol
Fabric 1.21.11 build	Build Fabric artifact	2026-08-18T15:23:50.4785245Z         add(tag(HexTags.Blocks.DIRECTRICES),
Fabric 1.21.11 build	Build Fabric artifact	2026-08-18T15:23:50.4785614Z             ^
Fabric 1.21.11 build	Build Fabric artifact	2026-08-18T15:23:50.4785898Z   symbol:   method tag(TagKey<Block>)
Fabric 1.21.11 build	Build Fabric artifact	2026-08-18T15:23:50.4786281Z   location: class HexBlockTagProvider
Fabric 1.21.11 build	Build Fabric artifact	2026-08-18T15:23:50.4787467Z /home/runner/work/Redliner101/Redliner101/Common/src/main/java/at/petrak/hexcasting/datagen/tag/HexBlockTagProvider.java:33: error: cannot find symbol
Fabric 1.21.11 build	Build Fabric artifact	2026-08-18T15:23:50.4788504Z         tag(HexTags.Blocks.MINDFLAYED_CIRCLE_COMPONENTS)
Fabric 1.21.11 build	Build Fabric artifact	2026-08-18T15:23:50.4788964Z         ^
Fabric 1.21.11 build	Build Fabric artifact	2026-08-18T15:23:50.4789268Z   symbol:   method tag(TagKey<Block>)
Fabric 1.21.11 build	Build Fabric artifact	2026-08-18T15:23:50.4789853Z   location: class HexBlockTagProvider
Fabric 1.21.11 build	Build Fabric artifact	2026-08-18T15:23:50.4790760Z /home/runner/work/Redliner101/Redliner101/Common/src/main/java/at/petrak/hexcasting/datagen/tag/HexBlockTagProvider.java:37: error: cannot find symbol
Fabric 1.21.11 build	Build Fabric artifact	2026-08-18T15:23:50.4791640Z         add(tag(BlockTags.MINEABLE_WITH_PICKAXE),
Fabric 1.21.11 build	Build Fabric artifact	2026-08-18T15:23:50.4792011Z             ^
Fabric 1.21.11 build	Build Fabric artifact	2026-08-18T15:23:50.4792306Z   symbol:   method tag(TagKey<Block>)
Fabric 1.21.11 build	Build Fabric artifact	2026-08-18T15:23:50.4792730Z   location: class HexBlockTagProvider
Fabric 1.21.11 build	Build Fabric artifact	2026-08-18T15:23:50.4793666Z /home/runner/work/Redliner101/Redliner101/Common/src/main/java/at/petrak/hexcasting/datagen/tag/HexBlockTagProvider.java:49: error: cannot find symbol
Fabric 1.21.11 build	Build Fabric artifact	2026-08-18T15:23:50.4794732Z         add(tag(BlockTags.MINEABLE_WITH_SHOVEL),
Fabric 1.21.11 build	Build Fabric artifact	2026-08-18T15:23:50.4795161Z             ^
Fabric 1.21.11 build	Build Fabric artifact	2026-08-18T15:23:50.4795488Z   symbol:   method tag(TagKey<Block>)
Fabric 1.21.11 build	Build Fabric artifact	2026-08-18T15:23:50.4795941Z   location: class HexBlockTagProvider
Fabric 1.21.11 build	Build Fabric artifact	2026-08-18T15:23:50.4796939Z /home/runner/work/Redliner101/Redliner101/Common/src/main/java/at/petrak/hexcasting/datagen/tag/HexBlockTagProvider.java:52: error: cannot find symbol
Fabric 1.21.11 build	Build Fabric artifact	2026-08-18T15:23:50.4797995Z         add(tag(BlockTags.MINEABLE_WITH_AXE),
Fabric 1.21.11 build	Build Fabric artifact	2026-08-18T15:23:50.4798410Z             ^
Fabric 1.21.11 build	Build Fabric artifact	2026-08-18T15:23:50.4798704Z   symbol:   method tag(TagKey<Block>)
Fabric 1.21.11 build	Build Fabric artifact	2026-08-18T15:23:50.4799131Z   location: class HexBlockTagProvider
Fabric 1.21.11 build	Build Fabric artifact	2026-08-18T15:23:50.4800318Z /home/runner/work/Redliner101/Redliner101/Common/src/main/java/at/petrak/hexcasting/datagen/tag/HexBlockTagProvider.java:62: error: cannot find symbol
Fabric 1.21.11 build	Build Fabric artifact	2026-08-18T15:23:50.4801404Z         add(tag(BlockTags.MINEABLE_WITH_HOE),
Fabric 1.21.11 build	Build Fabric artifact	2026-08-18T15:23:50.4801821Z             ^
Fabric 1.21.11 build	Build Fabric artifact	2026-08-18T15:23:50.4802183Z   symbol:   method tag(TagKey<Block>)
Fabric 1.21.11 build	Build Fabric artifact	2026-08-18T15:23:50.4802594Z   location: class HexBlockTagProvider
Fabric 1.21.11 build	Build Fabric artifact	2026-08-18T15:23:50.4803605Z /home/runner/work/Redliner101/Redliner101/Common/src/main/java/at/petrak/hexcasting/datagen/tag/HexBlockTagProvider.java:66: error: cannot find symbol
Fabric 1.21.11 build	Build Fabric artifact	2026-08-18T15:23:50.4804673Z         add(tag(BlockTags.CRYSTAL_SOUND_BLOCKS),
Fabric 1.21.11 build	Build Fabric artifact	2026-08-18T15:23:50.4805101Z             ^
Fabric 1.21.11 build	Build Fabric artifact	2026-08-18T15:23:50.4805612Z   symbol:   method tag(TagKey<Block>)
Fabric 1.21.11 build	Build Fabric artifact	2026-08-18T15:23:50.4806042Z   location: class HexBlockTagProvider
Fabric 1.21.11 build	Build Fabric artifact	2026-08-18T15:23:50.4807087Z /home/runner/work/Redliner101/Redliner101/Common/src/main/java/at/petrak/hexcasting/datagen/tag/HexBlockTagProvider.java:70: error: cannot find symbol
Fabric 1.21.11 build	Build Fabric artifact	2026-08-18T15:23:50.4808149Z         add(tag(HexTags.Blocks.EDIFIED_LOGS),
Fabric 1.21.11 build	Build Fabric artifact	2026-08-18T15:23:50.4808879Z             ^
Fabric 1.21.11 build	Build Fabric artifact	2026-08-18T15:23:50.4809191Z   symbol:   method tag(TagKey<Block>)
Fabric 1.21.11 build	Build Fabric artifact	2026-08-18T15:23:50.4809779Z   location: class HexBlockTagProvider
Fabric 1.21.11 build	Build Fabric artifact	2026-08-18T15:23:50.4810801Z /home/runner/work/Redliner101/Redliner101/Common/src/main/java/at/petrak/hexcasting/datagen/tag/HexBlockTagProvider.java:75: error: cannot find symbol
Fabric 1.21.11 build	Build Fabric artifact	2026-08-18T15:23:50.4811880Z         add(tag(BlockTags.LOGS),
Fabric 1.21.11 build	Build Fabric artifact	2026-08-18T15:23:50.4812245Z             ^
Fabric 1.21.11 build	Build Fabric artifact	2026-08-18T15:23:50.4812548Z   symbol:   method tag(TagKey<Block>)
Fabric 1.21.11 build	Build Fabric artifact	2026-08-18T15:23:50.4812962Z   location: class HexBlockTagProvider
Fabric 1.21.11 build	Build Fabric artifact	2026-08-18T15:23:50.4814018Z /home/runner/work/Redliner101/Redliner101/Common/src/main/java/at/petrak/hexcasting/datagen/tag/HexBlockTagProvider.java:80: error: cannot find symbol
Fabric 1.21.11 build	Build Fabric artifact	2026-08-18T15:23:50.4815097Z         add(tag(BlockTags.LOGS_THAT_BURN),
Fabric 1.21.11 build	Build Fabric artifact	2026-08-18T15:23:50.4815506Z             ^
Fabric 1.21.11 build	Build Fabric artifact	2026-08-18T15:23:50.4815825Z   symbol:   method tag(TagKey<Block>)
Fabric 1.21.11 build	Build Fabric artifact	2026-08-18T15:23:50.4816262Z   location: class HexBlockTagProvider
Fabric 1.21.11 build	Build Fabric artifact	2026-08-18T15:23:50.4817280Z /home/runner/work/Redliner101/Redliner101/Common/src/main/java/at/petrak/hexcasting/datagen/tag/HexBlockTagProvider.java:85: error: cannot find symbol
Fabric 1.21.11 build	Build Fabric artifact	2026-08-18T15:23:50.4818204Z         add(tag(BlockTags.LEAVES),
Fabric 1.21.11 build	Build Fabric artifact	2026-08-18T15:23:50.4818786Z             ^
Fabric 1.21.11 build	Build Fabric artifact	2026-08-18T15:23:50.4819085Z   symbol:   method tag(TagKey<Block>)
Fabric 1.21.11 build	Build Fabric artifact	2026-08-18T15:23:50.4819471Z   location: class HexBlockTagProvider
Fabric 1.21.11 build	Build Fabric artifact	2026-08-18T15:23:50.4820617Z /home/runner/work/Redliner101/Redliner101/Common/src/main/java/at/petrak/hexcasting/datagen/tag/HexBlockTagProvider.java:89: error: cannot find symbol
Fabric 1.21.11 build	Build Fabric artifact	2026-08-18T15:23:50.4821563Z         add(tag(BlockTags.PLANKS),
Fabric 1.21.11 build	Build Fabric artifact	2026-08-18T15:23:50.4821858Z             ^
Fabric 1.21.11 build	Build Fabric artifact	2026-08-18T15:23:50.4822113Z   symbol:   method tag(TagKey<Block>)
Fabric 1.21.11 build	Build Fabric artifact	2026-08-18T15:23:50.4822462Z   location: class HexBlockTagProvider
Fabric 1.21.11 build	Build Fabric artifact	2026-08-18T15:23:50.4823420Z /home/runner/work/Redliner101/Redliner101/Common/src/main/java/at/petrak/hexcasting/datagen/tag/HexBlockTagProvider.java:91: error: cannot find symbol
Fabric 1.21.11 build	Build Fabric artifact	2026-08-18T15:23:50.4824481Z         add(tag(HexTags.Blocks.EDIFIED_PLANKS),
Fabric 1.21.11 build	Build Fabric artifact	2026-08-18T15:23:50.4824913Z             ^
Fabric 1.21.11 build	Build Fabric artifact	2026-08-18T15:23:50.4825235Z   symbol:   method tag(TagKey<Block>)
Fabric 1.21.11 build	Build Fabric artifact	2026-08-18T15:23:50.4825672Z   location: class HexBlockTagProvider
Fabric 1.21.11 build	Build Fabric artifact	2026-08-18T15:23:50.4826680Z /home/runner/work/Redliner101/Redliner101/Common/src/main/java/at/petrak/hexcasting/datagen/tag/HexBlockTagProvider.java:93: error: cannot find symbol
Fabric 1.21.11 build	Build Fabric artifact	2026-08-18T15:23:50.4827683Z         add(tag(BlockTags.SLABS),
Fabric 1.21.11 build	Build Fabric artifact	2026-08-18T15:23:50.4828053Z             ^
Fabric 1.21.11 build	Build Fabric artifact	2026-08-18T15:23:50.4828365Z   symbol:   method tag(TagKey<Block>)
Fabric 1.21.11 build	Build Fabric artifact	2026-08-18T15:23:50.4828781Z   location: class HexBlockTagProvider
Fabric 1.21.11 build	Build Fabric artifact	2026-08-18T15:23:50.4829974Z /home/runner/work/Redliner101/Redliner101/Common/src/main/java/at/petrak/hexcasting/datagen/tag/HexBlockTagProvider.java:95: error: cannot find symbol
Fabric 1.21.11 build	Build Fabric artifact	2026-08-18T15:23:50.4831182Z         add(tag(BlockTags.WOODEN_SLABS),
Fabric 1.21.11 build	Build Fabric artifact	2026-08-18T15:23:50.4831580Z             ^
Fabric 1.21.11 build	Build Fabric artifact	2026-08-18T15:23:50.4831894Z   symbol:   method tag(TagKey<Block>)
Fabric 1.21.11 build	Build Fabric artifact	2026-08-18T15:23:50.4832306Z   location: class HexBlockTagProvider
Fabric 1.21.11 build	Build Fabric artifact	2026-08-18T15:23:50.4833219Z /home/runner/work/Redliner101/Redliner101/Common/src/main/java/at/petrak/hexcasting/datagen/tag/HexBlockTagProvider.java:97: error: cannot find symbol
Fabric 1.21.11 build	Build Fabric artifact	2026-08-18T15:23:50.4834261Z         add(tag(BlockTags.STAIRS),
Fabric 1.21.11 build	Build Fabric artifact	2026-08-18T15:23:50.4834636Z             ^
Fabric 1.21.11 build	Build Fabric artifact	2026-08-18T15:23:50.4834951Z   symbol:   method tag(TagKey<Block>)
Fabric 1.21.11 build	Build Fabric artifact	2026-08-18T15:23:50.4835368Z   location: class HexBlockTagProvider
Fabric 1.21.11 build	Build Fabric artifact	2026-08-18T15:23:50.4836360Z /home/runner/work/Redliner101/Redliner101/Common/src/main/java/at/petrak/hexcasting/datagen/tag/HexBlockTagProvider.java:99: error: cannot find symbol
Fabric 1.21.11 build	Build Fabric artifact	2026-08-18T15:23:50.4837343Z         add(tag(BlockTags.FENCES),
Fabric 1.21.11 build	Build Fabric artifact	2026-08-18T15:23:50.4837714Z             ^
Fabric 1.21.11 build	Build Fabric artifact	2026-08-18T15:23:50.4838032Z   symbol:   method tag(TagKey<Block>)
Fabric 1.21.11 build	Build Fabric artifact	2026-08-18T15:23:50.4838464Z   location: class HexBlockTagProvider
Fabric 1.21.11 build	Build Fabric artifact	2026-08-18T15:23:50.4839518Z /home/runner/work/Redliner101/Redliner101/Common/src/main/java/at/petrak/hexcasting/datagen/tag/HexBlockTagProvider.java:101: error: cannot find symbol
Fabric 1.21.11 build	Build Fabric artifact	2026-08-18T15:23:50.4842569Z         add(tag(BlockTags.WOODEN_FENCES),
Fabric 1.21.11 build	Build Fabric artifact	2026-08-18T15:23:50.4842981Z             ^
Fabric 1.21.11 build	Build Fabric artifact	2026-08-18T15:23:50.4843301Z   symbol:   method tag(TagKey<Block>)
Fabric 1.21.11 build	Build Fabric artifact	2026-08-18T15:23:50.4843708Z   location: class HexBlockTagProvider
Fabric 1.21.11 build	Build Fabric artifact	2026-08-18T15:23:50.4844730Z /home/runner/work/Redliner101/Redliner101/Common/src/main/java/at/petrak/hexcasting/datagen/tag/HexBlockTagProvider.java:103: error: cannot find symbol
Fabric 1.21.11 build	Build Fabric artifact	2026-08-18T15:23:50.4845795Z         add(tag(BlockTags.FENCE_GATES),
Fabric 1.21.11 build	Build Fabric artifact	2026-08-18T15:23:50.4846193Z             ^
Fabric 1.21.11 build	Build Fabric artifact	2026-08-18T15:23:50.4846509Z   symbol:   method tag(TagKey<Block>)
Fabric 1.21.11 build	Build Fabric artifact	2026-08-18T15:23:50.4846931Z   location: class HexBlockTagProvider
Fabric 1.21.11 build	Build Fabric artifact	2026-08-18T15:23:50.4847992Z /home/runner/work/Redliner101/Redliner101/Common/src/main/java/at/petrak/hexcasting/datagen/tag/HexBlockTagProvider.java:105: error: cannot find symbol
Fabric 1.21.11 build	Build Fabric artifact	2026-08-18T15:23:50.4849034Z         add(tag(BlockTags.UNSTABLE_BOTTOM_CENTER),
Fabric 1.21.11 build	Build Fabric artifact	2026-08-18T15:23:50.4849488Z             ^
Fabric 1.21.11 build	Build Fabric artifact	2026-08-18T15:23:50.4849941Z   symbol:   method tag(TagKey<Block>)
Fabric 1.21.11 build	Build Fabric artifact	2026-08-18T15:23:50.4850314Z   location: class HexBlockTagProvider
Fabric 1.21.11 build	Build Fabric artifact	2026-08-18T15:23:50.4851214Z /home/runner/work/Redliner101/Redliner101/Common/src/main/java/at/petrak/hexcasting/datagen/tag/HexBlockTagProvider.java:109: error: cannot find symbol
Fabric 1.21.11 build	Build Fabric artifact	2026-08-18T15:23:50.4852434Z         add(tag(BlockTags.WOODEN_FENCES),
Fabric 1.21.11 build	Build Fabric artifact	2026-08-18T15:23:50.4852813Z             ^
Fabric 1.21.11 build	Build Fabric artifact	2026-08-18T15:23:50.4853131Z   symbol:   method tag(TagKey<Block>)
Fabric 1.21.11 build	Build Fabric artifact	2026-08-18T15:23:50.4853544Z   location: class HexBlockTagProvider
Fabric 1.21.11 build	Build Fabric artifact	2026-08-18T15:23:50.4854516Z /home/runner/work/Redliner101/Redliner101/Common/src/main/java/at/petrak/hexcasting/datagen/tag/HexBlockTagProvider.java:111: error: cannot find symbol
Fabric 1.21.11 build	Build Fabric artifact	2026-08-18T15:23:50.4855447Z         add(tag(BlockTags.WOODEN_STAIRS),
Fabric 1.21.11 build	Build Fabric artifact	2026-08-18T15:23:50.4855822Z             ^
Fabric 1.21.11 build	Build Fabric artifact	2026-08-18T15:23:50.4856143Z   symbol:   method tag(TagKey<Block>)
Fabric 1.21.11 build	Build Fabric artifact	2026-08-18T15:23:50.4856556Z   location: class HexBlockTagProvider
Fabric 1.21.11 build	Build Fabric artifact	2026-08-18T15:23:50.4857540Z /home/runner/work/Redliner101/Redliner101/Common/src/main/java/at/petrak/hexcasting/datagen/tag/HexBlockTagProvider.java:113: error: cannot find symbol
Fabric 1.21.11 build	Build Fabric artifact	2026-08-18T15:23:50.4858558Z         add(tag(BlockTags.DOORS),
Fabric 1.21.11 build	Build Fabric artifact	2026-08-18T15:23:50.4858884Z             ^
Fabric 1.21.11 build	Build Fabric artifact	2026-08-18T15:23:50.4859191Z   symbol:   method tag(TagKey<Block>)
Fabric 1.21.11 build	Build Fabric artifact	2026-08-18T15:23:50.4859813Z   location: class HexBlockTagProvider
Fabric 1.21.11 build	Build Fabric artifact	2026-08-18T15:23:50.4860923Z /home/runner/work/Redliner101/Redliner101/Common/src/main/java/at/petrak/hexcasting/datagen/tag/HexBlockTagProvider.java:115: error: cannot find symbol
Fabric 1.21.11 build	Build Fabric artifact	2026-08-18T15:23:50.4861972Z         add(tag(BlockTags.WOODEN_DOORS),
Fabric 1.21.11 build	Build Fabric artifact	2026-08-18T15:23:50.4862357Z             ^
Fabric 1.21.11 build	Build Fabric artifact	2026-08-18T15:23:50.4862657Z   symbol:   method tag(TagKey<Block>)
Fabric 1.21.11 build	Build Fabric artifact	2026-08-18T15:23:50.4863039Z   location: class HexBlockTagProvider
Fabric 1.21.11 build	Build Fabric artifact	2026-08-18T15:23:50.4863989Z /home/runner/work/Redliner101/Redliner101/Common/src/main/java/at/petrak/hexcasting/datagen/tag/HexBlockTagProvider.java:117: error: cannot find symbol
Fabric 1.21.11 build	Build Fabric artifact	2026-08-18T15:23:50.4865021Z         add(tag(BlockTags.TRAPDOORS),
Fabric 1.21.11 build	Build Fabric artifact	2026-08-18T15:23:50.4865370Z             ^
Fabric 1.21.11 build	Build Fabric artifact	2026-08-18T15:23:50.4865676Z   symbol:   method tag(TagKey<Block>)
Fabric 1.21.11 build	Build Fabric artifact	2026-08-18T15:23:50.4866074Z   location: class HexBlockTagProvider
Fabric 1.21.11 build	Build Fabric artifact	2026-08-18T15:23:50.4867018Z /home/runner/work/Redliner101/Redliner101/Common/src/main/java/at/petrak/hexcasting/datagen/tag/HexBlockTagProvider.java:119: error: cannot find symbol
Fabric 1.21.11 build	Build Fabric artifact	2026-08-18T15:23:50.4867931Z         add(tag(BlockTags.WOODEN_TRAPDOORS),
Fabric 1.21.11 build	Build Fabric artifact	2026-08-18T15:23:50.4868334Z             ^
Fabric 1.21.11 build	Build Fabric artifact	2026-08-18T15:23:50.4868637Z   symbol:   method tag(TagKey<Block>)
Fabric 1.21.11 build	Build Fabric artifact	2026-08-18T15:23:50.4869042Z   location: class HexBlockTagProvider
Fabric 1.21.11 build	Build Fabric artifact	2026-08-18T15:23:50.4870544Z /home/runner/work/Redliner101/Redliner101/Common/src/main/java/at/petrak/hexcasting/datagen/tag/HexBlockTagProvider.java:121: error: cannot find symbol
Fabric 1.21.11 build	Build Fabric artifact	2026-08-18T15:23:50.4871677Z         add(tag(BlockTags.PRESSURE_PLATES),
Fabric 1.21.11 build	Build Fabric artifact	2026-08-18T15:23:50.4872090Z             ^
Fabric 1.21.11 build	Build Fabric artifact	2026-08-18T15:23:50.4872653Z   symbol:   method tag(TagKey<Block>)
Fabric 1.21.11 build	Build Fabric artifact	2026-08-18T15:23:50.4873086Z   location: class HexBlockTagProvider
Fabric 1.21.11 build	Build Fabric artifact	2026-08-18T15:23:50.4874125Z /home/runner/work/Redliner101/Redliner101/Common/src/main/java/at/petrak/hexcasting/datagen/tag/HexBlockTagProvider.java:123: error: cannot find symbol
Fabric 1.21.11 build	Build Fabric artifact	2026-08-18T15:23:50.4875215Z         add(tag(BlockTags.WOODEN_PRESSURE_PLATES),
Fabric 1.21.11 build	Build Fabric artifact	2026-08-18T15:23:50.4875656Z             ^
Fabric 1.21.11 build	Build Fabric artifact	2026-08-18T15:23:50.4875969Z   symbol:   method tag(TagKey<Block>)
Fabric 1.21.11 build	Build Fabric artifact	2026-08-18T15:23:50.4876392Z   location: class HexBlockTagProvider
Fabric 1.21.11 build	Build Fabric artifact	2026-08-18T15:23:50.4877411Z /home/runner/work/Redliner101/Redliner101/Common/src/main/java/at/petrak/hexcasting/datagen/tag/HexBlockTagProvider.java:125: error: cannot find symbol
Fabric 1.21.11 build	Build Fabric artifact	2026-08-18T15:23:50.4878465Z         add(tag(BlockTags.BUTTONS),
Fabric 1.21.11 build	Build Fabric artifact	2026-08-18T15:23:50.4878849Z             ^
Fabric 1.21.11 build	Build Fabric artifact	2026-08-18T15:23:50.4879175Z   symbol:   method tag(TagKey<Block>)
Fabric 1.21.11 build	Build Fabric artifact	2026-08-18T15:23:50.4879583Z   location: class HexBlockTagProvider
Fabric 1.21.11 build	Build Fabric artifact	2026-08-18T15:23:50.4880774Z /home/runner/work/Redliner101/Redliner101/Common/src/main/java/at/petrak/hexcasting/datagen/tag/HexBlockTagProvider.java:127: error: cannot find symbol
Fabric 1.21.11 build	Build Fabric artifact	2026-08-18T15:23:50.4881899Z         add(tag(BlockTags.WOODEN_BUTTONS),
Fabric 1.21.11 build	Build Fabric artifact	2026-08-18T15:23:50.4882310Z             ^
Fabric 1.21.11 build	Build Fabric artifact	2026-08-18T15:23:50.4882768Z   symbol:   method tag(TagKey<Block>)
Fabric 1.21.11 build	Build Fabric artifact	2026-08-18T15:23:50.4883184Z   location: class HexBlockTagProvider
Fabric 1.21.11 build	Build Fabric artifact	2026-08-18T15:23:50.4884153Z /home/runner/work/Redliner101/Redliner101/Common/src/main/java/at/petrak/hexcasting/datagen/tag/HexBlockTagProvider.java:130: error: cannot find symbol
Fabric 1.21.11 build	Build Fabric artifact	2026-08-18T15:23:50.4885197Z         add(tag(HexTags.Blocks.WATER_PLANTS),
Fabric 1.21.11 build	Build Fabric artifact	2026-08-18T15:23:50.4885601Z             ^
Fabric 1.21.11 build	Build Fabric artifact	2026-08-18T15:23:50.4885909Z   symbol:   method tag(TagKey<Block>)
Fabric 1.21.11 build	Build Fabric artifact	2026-08-18T15:23:50.4886313Z   location: class HexBlockTagProvider
Fabric 1.21.11 build	Build Fabric artifact	2026-08-18T15:23:50.4887303Z /home/runner/work/Redliner101/Redliner101/Common/src/main/java/at/petrak/hexcasting/datagen/tag/HexBlockTagProvider.java:132: error: cannot find symbol
Fabric 1.21.11 build	Build Fabric artifact	2026-08-18T15:23:50.4888390Z         add(tag(HexTags.Blocks.CHEAP_TO_BREAK_BLOCK),
Fabric 1.21.11 build	Build Fabric artifact	2026-08-18T15:23:50.4888835Z             ^
Fabric 1.21.11 build	Build Fabric artifact	2026-08-18T15:23:50.4889143Z   symbol:   method tag(TagKey<Block>)
Fabric 1.21.11 build	Build Fabric artifact	2026-08-18T15:23:50.4889560Z   location: class HexBlockTagProvider
Fabric 1.21.11 build	Build Fabric artifact	2026-08-18T15:23:50.4890621Z /home/runner/work/Redliner101/Redliner101/Common/src/main/java/at/petrak/hexcasting/datagen/tag/HexBlockTagProvider.java:135: error: cannot find symbol
Fabric 1.21.11 build	Build Fabric artifact	2026-08-18T15:23:50.4891702Z         add(tag(HexTags.Blocks.SLATE_BLOCKS),
Fabric 1.21.11 build	Build Fabric artifact	2026-08-18T15:23:50.4892099Z             ^
Fabric 1.21.11 build	Build Fabric artifact	2026-08-18T15:23:50.4892395Z   symbol:   method tag(TagKey<Block>)
Fabric 1.21.11 build	Build Fabric artifact	2026-08-18T15:23:50.4892796Z   location: class HexBlockTagProvider
Fabric 1.21.11 build	Build Fabric artifact	2026-08-18T15:23:50.4893748Z /home/runner/work/Redliner101/Redliner101/Common/src/main/java/at/petrak/hexcasting/datagen/tag/HexBlockTagProvider.java:137: error: cannot find symbol
Fabric 1.21.11 build	Build Fabric artifact	2026-08-18T15:23:50.4894628Z         add(tag(HexTags.Blocks.AMETHYST_BLOCKS),
Fabric 1.21.11 build	Build Fabric artifact	2026-08-18T15:23:50.4894988Z             ^
Fabric 1.21.11 build	Build Fabric artifact	2026-08-18T15:23:50.4895250Z   symbol:   method tag(TagKey<Block>)
Fabric 1.21.11 build	Build Fabric artifact	2026-08-18T15:23:50.4895642Z   location: class HexBlockTagProvider
Fabric 1.21.11 build	Build Fabric artifact	2026-08-18T15:23:50.4896538Z /home/runner/work/Redliner101/Redliner101/Common/src/main/java/at/petrak/hexcasting/datagen/tag/HexBlockTagProvider.java:139: error: cannot find symbol
Fabric 1.21.11 build	Build Fabric artifact	2026-08-18T15:23:50.4897593Z         add(tag(HexTags.Blocks.QUENCHED_ALLAY_BLOCKS),
Fabric 1.21.11 build	Build Fabric artifact	2026-08-18T15:23:50.4898043Z             ^
Fabric 1.21.11 build	Build Fabric artifact	2026-08-18T15:23:50.4898343Z   symbol:   method tag(TagKey<Block>)
Fabric 1.21.11 build	Build Fabric artifact	2026-08-18T15:23:50.4898751Z   location: class HexBlockTagProvider
Fabric 1.21.11 build	Build Fabric artifact	2026-08-18T15:23:50.4899961Z /home/runner/work/Redliner101/Redliner101/Common/src/main/java/at/petrak/hexcasting/datagen/tag/HexBlockTagProvider.java:144: error: cannot find symbol
Fabric 1.21.11 build	Build Fabric artifact	2026-08-18T15:23:50.4901093Z         tag(createBrittle).addOptionalTag(BuiltInRegistries.BLOCK.getKey(HexBlocks.SLATE));
Fabric 1.21.11 build	Build Fabric artifact	2026-08-18T15:23:50.4901737Z         ^
Fabric 1.21.11 build	Build Fabric artifact	2026-08-18T15:23:50.4902029Z   symbol:   method tag(TagKey<Block>)
Fabric 1.21.11 build	Build Fabric artifact	2026-08-18T15:23:50.4902489Z   location: class HexBlockTagProvider
Fabric 1.21.11 build	Build Fabric artifact	2026-08-18T15:23:50.5079058Z /home/runner/work/Redliner101/Redliner101/Common/src/main/java/at/petrak/hexcasting/datagen/HexAdvancements.java:43: error: incompatible types: inference variable T has incompatible bounds
Fabric 1.21.11 build	Build Fabric artifact	2026-08-18T15:23:50.5080567Z             .display(new DisplayInfo(new ItemStack(Items.BUDDING_AMETHYST),
Fabric 1.21.11 build	Build Fabric artifact	2026-08-18T15:23:50.5081279Z                      ^
Fabric 1.21.11 build	Build Fabric artifact	2026-08-18T15:23:50.5081814Z     equality constraints: ResourceTexture
Fabric 1.21.11 build	Build Fabric artifact	2026-08-18T15:23:50.5082357Z     lower bounds: Identifier
Fabric 1.21.11 build	Build Fabric artifact	2026-08-18T15:23:50.5082846Z   where T is a type-variable:
Fabric 1.21.11 build	Build Fabric artifact	2026-08-18T15:23:50.5083379Z     T extends Object declared in method <T>of(T)
Fabric 1.21.11 build	Build Fabric artifact	2026-08-18T15:23:50.5084898Z /home/runner/work/Redliner101/Redliner101/Common/src/main/java/at/petrak/hexcasting/datagen/HexAdvancements.java:50: error: incompatible types: TagKey<Item> cannot be converted to HolderGetter<Item>
Fabric 1.21.11 build	Build Fabric artifact	2026-08-18T15:23:50.5086542Z                 ItemPredicate.Builder.item().of(HexTags.Items.GRANTS_ROOT_ADVANCEMENT).build()))
Fabric 1.21.11 build	Build Fabric artifact	2026-08-18T15:23:50.5087357Z                                                              ^
Fabric 1.21.11 build	Build Fabric artifact	2026-08-18T15:23:50.5088724Z /home/runner/work/Redliner101/Redliner101/Common/src/main/java/at/petrak/hexcasting/datagen/HexAdvancements.java:55: error: incompatible types: inference variable T has incompatible bounds
Fabric 1.21.11 build	Build Fabric artifact	2026-08-18T15:23:50.5090726Z             .display(new DisplayInfo(new ItemStack(HexItems.CREATIVE_UNLOCKER),
Fabric 1.21.11 build	Build Fabric artifact	2026-08-18T15:23:50.5091404Z                      ^
Fabric 1.21.11 build	Build Fabric artifact	2026-08-18T15:23:50.5091864Z     equality constraints: ResourceTexture
Fabric 1.21.11 build	Build Fabric artifact	2026-08-18T15:23:50.5092381Z     lower bounds: Identifier
Fabric 1.21.11 build	Build Fabric artifact	2026-08-18T15:23:50.5092852Z   where T is a type-variable:
Fabric 1.21.11 build	Build Fabric artifact	2026-08-18T15:23:50.5093366Z     T extends Object declared in method <T>of(T)
Fabric 1.21.11 build	Build Fabric artifact	2026-08-18T15:23:50.5094837Z /home/runner/work/Redliner101/Redliner101/Common/src/main/java/at/petrak/hexcasting/datagen/HexAdvancements.java:62: error: incompatible types: ItemCreativeUnlocker cannot be converted to HolderGetter<Item>
Fabric 1.21.11 build	Build Fabric artifact	2026-08-18T15:23:50.5096345Z                 ItemPredicate.Builder.item().of(HexItems.CREATIVE_UNLOCKER).build()))
Fabric 1.21.11 build	Build Fabric artifact	2026-08-18T15:23:50.5097108Z                                                         ^
Fabric 1.21.11 build	Build Fabric artifact	2026-08-18T15:23:50.5098564Z /home/runner/work/Redliner101/Redliner101/Common/src/main/java/at/petrak/hexcasting/datagen/HexAdvancements.java:123: error: incompatible types: ItemLoreFragment cannot be converted to HolderGetter<Item>
Fabric 1.21.11 build	Build Fabric artifact	2026-08-18T15:23:50.5100360Z                     Optional.of(ItemPredicate.Builder.item().of(HexItems.LORE_FRAGMENT).build()))))
Fabric 1.21.11 build	Build Fabric artifact	2026-08-18T15:23:50.5101168Z                                                                         ^
Fabric 1.21.11 build	Build Fabric artifact	2026-08-18T15:23:50.5102640Z /home/runner/work/Redliner101/Redliner101/Common/src/main/java/at/petrak/hexcasting/api/advancements/MinMaxLongs.java:16: error: <T>createCodec(Codec<T>) is not public in Bounds; cannot be accessed from outside package
Fabric 1.21.11 build	Build Fabric artifact	2026-08-18T15:23:50.5104159Z             MinMaxBounds.Bounds.createCodec(Codec.LONG)
Fabric 1.21.11 build	Build Fabric artifact	2026-08-18T15:23:50.5104745Z                                ^
Fabric 1.21.11 build	Build Fabric artifact	2026-08-18T15:23:50.5105232Z   where T is a type-variable:
Fabric 1.21.11 build	Build Fabric artifact	2026-08-18T15:23:50.5105912Z     T extends Number,Comparable<T> declared in method <T>createCodec(Codec<T>)
Fabric 1.21.11 build	Build Fabric artifact	2026-08-18T15:23:50.5107166Z /home/runner/work/Redliner101/Redliner101/Common/src/main/java/at/petrak/hexcasting/api/utils/CodecHelper.java:13: error: cannot find symbol
Fabric 1.21.11 build	Build Fabric artifact	2026-08-18T15:23:50.5108275Z         return Codec.unit(value);
Fabric 1.21.11 build	Build Fabric artifact	2026-08-18T15:23:50.5108748Z                     ^
Fabric 1.21.11 build	Build Fabric artifact	2026-08-18T15:23:50.5109201Z   symbol:   method unit(Supplier<T>)
Fabric 1.21.11 build	Build Fabric artifact	2026-08-18T15:23:50.5109837Z   location: interface Codec
Fabric 1.21.11 build	Build Fabric artifact	2026-08-18T15:23:50.5110349Z   where T is a type-variable:
Fabric 1.21.11 build	Build Fabric artifact	2026-08-18T15:23:50.5110934Z     T extends Object declared in method <T>unit(Supplier<T>)
Fabric 1.21.11 build	Build Fabric artifact	2026-08-18T15:23:50.5112205Z /home/runner/work/Redliner101/Redliner101/Common/src/main/java/at/petrak/hexcasting/api/casting/eval/env/PlayerBasedMishapEnv.java:61: error: cannot find symbol
Fabric 1.21.11 build	Build Fabric artifact	2026-08-18T15:23:50.5113641Z         this.caster.addEffect(new MobEffectInstance(MobEffects.CONFUSION, ticks));
Fabric 1.21.11 build	Build Fabric artifact	2026-08-18T15:23:50.5114421Z                                                               ^
Fabric 1.21.11 build	Build Fabric artifact	2026-08-18T15:23:50.5115234Z   symbol:   variable CONFUSION
Fabric 1.21.11 build	Build Fabric artifact	2026-08-18T15:23:50.5115728Z   location: class MobEffects
Fabric 1.21.11 build	Build Fabric artifact	2026-08-18T15:23:50.5116753Z /home/runner/work/Redliner101/Redliner101/Common/src/main/java/at/petrak/hexcasting/mixin/MixinWanderingTrader.java:30: error: cannot find symbol
Fabric 1.21.11 build	Build Fabric artifact	2026-08-18T15:23:50.5118115Z         if (rand.nextFloat() < HexConfig.server().traderScrollChance() && self.getServer() != null) {
Fabric 1.21.11 build	Build Fabric artifact	2026-08-18T15:23:50.5118943Z                                                                               ^
Fabric 1.21.11 build	Build Fabric artifact	2026-08-18T15:23:50.5119502Z   symbol:   method getServer()
Fabric 1.21.11 build	Build Fabric artifact	2026-08-18T15:23:50.5120168Z   location: variable self of type WanderingTrader
Fabric 1.21.11 build	Build Fabric artifact	2026-08-18T15:23:50.5121310Z /home/runner/work/Redliner101/Redliner101/Common/src/main/java/at/petrak/hexcasting/mixin/MixinWanderingTrader.java:32: error: cannot find symbol
Fabric 1.21.11 build	Build Fabric artifact	2026-08-18T15:23:50.5122696Z             AddPerWorldPatternToScrollFunc.doStatic(scroll, rand, self.getServer().overworld());
Fabric 1.21.11 build	Build Fabric artifact	2026-08-18T15:23:50.5123554Z                                                                       ^
Fabric 1.21.11 build	Build Fabric artifact	2026-08-18T15:23:50.5124106Z   symbol:   method getServer()
Fabric 1.21.11 build	Build Fabric artifact	2026-08-18T15:23:50.5124626Z   location: variable self of type WanderingTrader
Fabric 1.21.11 build	Build Fabric artifact	2026-08-18T15:23:50.6079822Z /home/runner/work/Redliner101/Redliner101/Common/src/main/java/at/petrak/hexcasting/server/ScrungledPatternsSave.java:65: error: method does not override or implement a method from a supertype
Fabric 1.21.11 build	Build Fabric artifact	2026-08-18T15:23:50.6111290Z     @Override
Fabric 1.21.11 build	Build Fabric artifact	2026-08-18T15:23:50.6129887Z     ^
Fabric 1.21.11 build	Build Fabric artifact	2026-08-18T15:23:50.6155893Z /home/runner/work/Redliner101/Redliner101/Common/src/main/java/at/petrak/hexcasting/server/ScrungledPatternsSave.java:71: error: cannot find symbol
Fabric 1.21.11 build	Build Fabric artifact	2026-08-18T15:23:50.6170707Z             inner.putString(TAG_KEY, entry.key().location().toString());
Fabric 1.21.11 build	Build Fabric artifact	2026-08-18T15:23:50.6200478Z                                                 ^
Fabric 1.21.11 build	Build Fabric artifact	2026-08-18T15:23:50.6230507Z   symbol:   method location()
Fabric 1.21.11 build	Build Fabric artifact	2026-08-18T15:23:50.6255250Z   location: class ResourceKey<ActionRegistryEntry>
Fabric 1.21.11 build	Build Fabric artifact	2026-08-18T15:23:50.6280896Z /home/runner/work/Redliner101/Redliner101/Common/src/main/java/at/petrak/hexcasting/server/ScrungledPatternsSave.java:81: error: cannot find symbol
Fabric 1.21.11 build	Build Fabric artifact	2026-08-18T15:23:50.6310706Z         for (var sig : tag.getAllKeys()) {
Fabric 1.21.11 build	Build Fabric artifact	2026-08-18T15:23:50.6311367Z                           ^
Fabric 1.21.11 build	Build Fabric artifact	2026-08-18T15:23:50.6340241Z   symbol:   method getAllKeys()
Fabric 1.21.11 build	Build Fabric artifact	2026-08-18T15:23:50.6365182Z   location: variable tag of type CompoundTag
Fabric 1.21.11 build	Build Fabric artifact	2026-08-18T15:23:50.6371052Z /home/runner/work/Redliner101/Redliner101/Common/src/main/java/at/petrak/hexcasting/server/ScrungledPatternsSave.java:109: error: cannot find symbol
Fabric 1.21.11 build	Build Fabric artifact	2026-08-18T15:23:50.6400607Z                 var scrungledPat = EulerPathFinder.findAltDrawing(entry.prototype(), seed);
Fabric 1.21.11 build	Build Fabric artifact	2026-08-18T15:23:50.6430161Z                                                                        ^
Fabric 1.21.11 build	Build Fabric artifact	2026-08-18T15:23:50.6440368Z   symbol:   method prototype()
Fabric 1.21.11 build	Build Fabric artifact	2026-08-18T15:23:50.6448340Z   location: variable entry of type Optional<Reference<ActionRegistryEntry>>
Fabric 1.21.11 build	Build Fabric artifact	2026-08-18T15:23:50.6450043Z /home/runner/work/Redliner101/Redliner101/Common/src/main/java/at/petrak/hexcasting/server/ScrungledPatternsSave.java:121: error: cannot find symbol
Fabric 1.21.11 build	Build Fabric artifact	2026-08-18T15:23:50.6451265Z             new SavedData.Factory<>(
Fabric 1.21.11 build	Build Fabric artifact	2026-08-18T15:23:50.6451785Z                          ^
Fabric 1.21.11 build	Build Fabric artifact	2026-08-18T15:23:50.6452262Z   symbol:   class Factory
Fabric 1.21.11 build	Build Fabric artifact	2026-08-18T15:23:50.6452751Z   location: class SavedData
Fabric 1.21.11 build	Build Fabric artifact	2026-08-18T15:23:50.6453314Z Note: Some input files use or override a deprecated API.
Fabric 1.21.11 build	Build Fabric artifact	2026-08-18T15:23:50.6454020Z Note: Recompile with -Xlint:deprecation for details.
Fabric 1.21.11 build	Build Fabric artifact	2026-08-18T15:23:50.6454716Z Note: Some input files use unchecked or unsafe operations.
Fabric 1.21.11 build	Build Fabric artifact	2026-08-18T15:23:50.6455389Z Note: Recompile with -Xlint:unchecked for details.
Fabric 1.21.11 build	Build Fabric artifact	2026-08-18T15:23:50.6456151Z Note: Some messages have been simplified; recompile with -Xdiags:verbose to get full output
Fabric 1.21.11 build	Build Fabric artifact	2026-08-18T15:23:50.6456916Z 271 errors
Fabric 1.21.11 build	Build Fabric artifact	2026-08-18T15:23:50.7102765Z 
Fabric 1.21.11 build	Build Fabric artifact	2026-08-18T15:23:50.7121020Z > Task :Common:compileJava FAILED
Fabric 1.21.11 build	Build Fabric artifact	2026-08-18T15:23:50.7134040Z gradle/actions: Writing build results to /home/runner/work/_temp/.gradle-actions/build-results/__run_2-1787066382357.json
Fabric 1.21.11 build	Build Fabric artifact	2026-08-18T15:23:50.9117820Z 
Fabric 1.21.11 build	Build Fabric artifact	2026-08-18T15:23:50.9117910Z 
Fabric 1.21.11 build	Build Fabric artifact	2026-08-18T15:23:50.9129209Z FAILURE: Build failed with an exception.
Fabric 1.21.11 build	Build Fabric artifact	2026-08-18T15:23:50.9146010Z 
Fabric 1.21.11 build	Build Fabric artifact	2026-08-18T15:23:50.9146971Z [Incubating] Problems report is available at: file:///home/runner/work/Redliner101/Redliner101/build/reports/problems/problems-report.html
Fabric 1.21.11 build	Build Fabric artifact	2026-08-18T15:23:50.9157356Z * What went wrong:
Fabric 1.21.11 build	Build Fabric artifact	2026-08-18T15:23:50.9157994Z Execution failed for task ':Common:compileJava'.
Fabric 1.21.11 build	Build Fabric artifact	2026-08-18T15:23:50.9158688Z > Compilation failed; see the compiler output below.
Fabric 1.21.11 build	Build Fabric artifact	2026-08-18T15:23:50.9160447Z   /home/runner/work/Redliner101/Redliner101/Common/src/main/java/at/petrak/hexcasting/common/command/RecalcPatternsCommand.java:16: error: method set in class DimensionDataStorage cannot be applied to given types;
Fabric 1.21.11 build	Build Fabric artifact	2026-08-18T15:23:50.9162059Z                   ds.set(ScrungledPatternsSave.TAG_SAVED_DATA,
Fabric 1.21.11 build	Build Fabric artifact	2026-08-18T15:23:50.9162635Z                     ^
Fabric 1.21.11 build	Build Fabric artifact	2026-08-18T15:23:50.9163126Z     required: SavedDataType<T>,T
Fabric 1.21.11 build	Build Fabric artifact	2026-08-18T15:23:50.9163647Z     found:    String,ScrungledPatternsSave
Fabric 1.21.11 build	Build Fabric artifact	2026-08-18T15:23:50.9164221Z     reason: cannot infer type-variable(s) T
Fabric 1.21.11 build	Build Fabric artifact	2026-08-18T15:23:50.9164911Z       (argument mismatch; String cannot be converted to SavedDataType<T>)
Fabric 1.21.11 build	Build Fabric artifact	2026-08-18T15:23:50.9165923Z     where T is a type-variable:
Fabric 1.21.11 build	Build Fabric artifact	2026-08-18T15:23:50.9166544Z       T extends SavedData declared in method <T>set(SavedDataType<T>,T)
Fabric 1.21.11 build	Build Fabric artifact	2026-08-18T15:23:50.9168128Z   /home/runner/work/Redliner101/Redliner101/Common/src/main/java/at/petrak/hexcasting/common/recipe/ingredient/brainsweep/EntityTagIngredient.java:94: error: no suitable method found for create(Level)
Fabric 1.21.11 build	Build Fabric artifact	2026-08-18T15:23:50.9169863Z               return someTy.value().create(level);
Fabric 1.21.11 build	Build Fabric artifact	2026-08-18T15:23:50.9170415Z                                    ^
Fabric 1.21.11 build	Build Fabric artifact	2026-08-18T15:23:50.9171815Z       method EntityType.create(ServerLevel,Consumer<CAP#1>,BlockPos,EntitySpawnReason,boolean,boolean) is not applicable
Fabric 1.21.11 build	Build Fabric artifact	2026-08-18T15:23:50.9179292Z         (actual and formal argument lists differ in length)
Fabric 1.21.11 build	Build Fabric artifact	2026-08-18T15:23:50.9180588Z       method EntityType.create(Level,EntitySpawnReason) is not applicable
Fabric 1.21.11 build	Build Fabric artifact	2026-08-18T15:23:50.9202291Z         (actual and formal argument lists differ in length)
Fabric 1.21.11 build	Build Fabric artifact	2026-08-18T15:23:50.9203229Z       method EntityType.create(ValueInput,Level,EntitySpawnReason) is not applicable
Fabric 1.21.11 build	Build Fabric artifact	2026-08-18T15:23:50.9204025Z         (actual and formal argument lists differ in length)
Fabric 1.21.11 build	Build Fabric artifact	2026-08-18T15:23:50.9212348Z       method EntityType.create(EntityType<?>,ValueInput,Level,EntitySpawnReason) is not applicable
Fabric 1.21.11 build	Build Fabric artifact	2026-08-18T15:23:50.9215763Z         (actual and formal argument lists differ in length)
Fabric 1.21.11 build	Build Fabric artifact	2026-08-18T15:23:50.9216435Z     where CAP#1 is a fresh type-variable:
Fabric 1.21.11 build	Build Fabric artifact	2026-08-18T15:23:50.9240477Z       CAP#1 extends Entity from capture of ?
Fabric 1.21.11 build	Build Fabric artifact	2026-08-18T15:23:50.9241882Z   /home/runner/work/Redliner101/Redliner101/Common/src/main/java/at/petrak/hexcasting/common/recipe/ingredient/brainsweep/EntityTypeIngredient.java:65: error: no suitable method found for create(Level)
Fabric 1.21.11 build	Build Fabric artifact	2026-08-18T15:23:50.9243234Z           return this.entityType.create(level);
Fabric 1.21.11 build	Build Fabric artifact	2026-08-18T15:23:50.9243667Z                                 ^
Fabric 1.21.11 build	Build Fabric artifact	2026-08-18T15:23:50.9244369Z       method EntityType.create(ServerLevel,Consumer<CAP#1>,BlockPos,EntitySpawnReason,boolean,boolean) is not applicable
Fabric 1.21.11 build	Build Fabric artifact	2026-08-18T15:23:50.9245261Z         (actual and formal argument lists differ in length)
Fabric 1.21.11 build	Build Fabric artifact	2026-08-18T15:23:50.9245860Z       method EntityType.create(Level,EntitySpawnReason) is not applicable
Fabric 1.21.11 build	Build Fabric artifact	2026-08-18T15:23:50.9246328Z         (actual and formal argument lists differ in length)
Fabric 1.21.11 build	Build Fabric artifact	2026-08-18T15:23:50.9246824Z       method EntityType.create(ValueInput,Level,EntitySpawnReason) is not applicable
Fabric 1.21.11 build	Build Fabric artifact	2026-08-18T15:23:50.9247471Z         (actual and formal argument lists differ in length)
Fabric 1.21.11 build	Build Fabric artifact	2026-08-18T15:23:50.9248092Z       method EntityType.create(EntityType<?>,ValueInput,Level,EntitySpawnReason) is not applicable
Fabric 1.21.11 build	Build Fabric artifact	2026-08-18T15:23:50.9248729Z         (actual and formal argument lists differ in length)
Fabric 1.21.11 build	Build Fabric artifact	2026-08-18T15:23:50.9249458Z     where CAP#1 is a fresh type-variable:
Fabric 1.21.11 build	Build Fabric artifact	2026-08-18T15:23:50.9249984Z       CAP#1 extends Entity from capture of ?
Fabric 1.21.11 build	Build Fabric artifact	2026-08-18T15:23:50.9251549Z   /home/runner/work/Redliner101/Redliner101/Common/src/main/java/at/petrak/hexcasting/interop/inline/InlinePatternRenderer.java:73: error: no suitable method found for renderPattern(@org.jetbrains.annotations.NotNull HexPattern,Matrix3x2fStack,isFlat ? n[...], 1)),isGlowy ? [...]TINGS,isGlowy ? [...]olor),int,int)
Fabric 1.21.11 build	Build Fabric artifact	2026-08-18T15:23:50.9254080Z           PatternRenderer.renderPattern(data.pattern, drawContext.pose(), isFlat ? null : new PatternRenderer.WorldlyBits(drawContext.bufferSource(), trContext.light(), new Vec3(0, 0, 1)),
Fabric 1.21.11 build	Build Fabric artifact	2026-08-18T15:23:50.9255167Z                          ^
Fabric 1.21.11 build	Build Fabric artifact	2026-08-18T15:23:50.9256102Z       method PatternRenderer.renderPattern(HexPattern,PoseStack,WorldlyBits,PatternSettings,PatternColors,double,int) is not applicable
Fabric 1.21.11 build	Build Fabric artifact	2026-08-18T15:23:50.9257264Z         (argument mismatch; Matrix3x2fStack cannot be converted to PoseStack)
Fabric 1.21.11 build	Build Fabric artifact	2026-08-18T15:23:50.9258492Z       method PatternRenderer.renderPattern(HexPatternLike,PoseStack,WorldlyBits,PatternSettings,PatternColors,double,int) is not applicable
Fabric 1.21.11 build	Build Fabric artifact	2026-08-18T15:23:50.9321206Z         (argument mismatch; @org.jetbrains.annotations.NotNull HexPattern cannot be converted to HexPatternLike)
Fabric 1.21.11 build	Build Fabric artifact	2026-08-18T15:23:50.9323165Z   /home/runner/work/Redliner101/Redliner101/Common/src/main/java/at/petrak/hexcasting/datagen/recipe/HexplatRecipes.java:103: error: no suitable method found for of(TagKey<Item>)
Fabric 1.21.11 build	Build Fabric artifact	2026-08-18T15:23:50.9324715Z           staffRecipe(recipes, HexItems.STAFF_MINDSPLICE, Ingredient.of(HexTags.Items.MINDFLAYED_CIRCLE_COMPONENTS));
Fabric 1.21.11 build	Build Fabric artifact	2026-08-18T15:23:50.9325516Z                                                                     ^
Fabric 1.21.11 build	Build Fabric artifact	2026-08-18T15:23:50.9326029Z       method Ingredient.of(ItemLike) is not applicable
Fabric 1.21.11 build	Build Fabric artifact	2026-08-18T15:23:50.9326714Z         (argument mismatch; TagKey<Item> cannot be converted to ItemLike)
Fabric 1.21.11 build	Build Fabric artifact	2026-08-18T15:23:50.9327354Z       method Ingredient.of(ItemLike...) is not applicable
Fabric 1.21.11 build	Build Fabric artifact	2026-08-18T15:23:50.9327971Z         (varargs mismatch; TagKey<Item> cannot be converted to ItemLike)
Fabric 1.21.11 build	Build Fabric artifact	2026-08-18T15:23:50.9328650Z       method Ingredient.of(Stream<? extends ItemLike>) is not applicable
Fabric 1.21.11 build	Build Fabric artifact	2026-08-18T15:23:50.9329428Z         (argument mismatch; TagKey<Item> cannot be converted to Stream<? extends ItemLike>)
Fabric 1.21.11 build	Build Fabric artifact	2026-08-18T15:23:50.9331561Z       method Ingredient.of(HolderSet<Item>) is not applicable
Fabric 1.21.11 build	Build Fabric artifact	2026-08-18T15:23:50.9332218Z         (argument mismatch; TagKey<Item> cannot be converted to HolderSet<Item>)
Fabric 1.21.11 build	Build Fabric artifact	2026-08-18T15:23:50.9333517Z   /home/runner/work/Redliner101/Redliner101/Common/src/main/java/at/petrak/hexcasting/datagen/recipe/HexplatRecipes.java:105: error: no suitable method found for shapeless(RecipeCategory,ItemThoughtKnot)
Fabric 1.21.11 build	Build Fabric artifact	2026-08-18T15:23:50.9334836Z           ShapelessRecipeBuilder.shapeless(RecipeCategory.TOOLS, HexItems.THOUGHT_KNOT)
Fabric 1.21.11 build	Build Fabric artifact	2026-08-18T15:23:50.9335439Z                                 ^
Fabric 1.21.11 build	Build Fabric artifact	2026-08-18T15:23:50.9336171Z       method ShapelessRecipeBuilder.shapeless(HolderGetter<Item>,RecipeCategory,ItemStack) is not applicable
Fabric 1.21.11 build	Build Fabric artifact	2026-08-18T15:23:50.9337031Z         (actual and formal argument lists differ in length)
Fabric 1.21.11 build	Build Fabric artifact	2026-08-18T15:23:50.9337852Z       method ShapelessRecipeBuilder.shapeless(HolderGetter<Item>,RecipeCategory,ItemLike) is not applicable
Fabric 1.21.11 build	Build Fabric artifact	2026-08-18T15:23:50.9338736Z         (actual and formal argument lists differ in length)
Fabric 1.21.11 build	Build Fabric artifact	2026-08-18T15:23:50.9339849Z       method ShapelessRecipeBuilder.shapeless(HolderGetter<Item>,RecipeCategory,ItemLike,int) is not applicable
Fabric 1.21.11 build	Build Fabric artifact	2026-08-18T15:23:50.9340752Z         (actual and formal argument lists differ in length)
Fabric 1.21.11 build	Build Fabric artifact	2026-08-18T15:23:50.9341997Z   /home/runner/work/Redliner101/Redliner101/Common/src/main/java/at/petrak/hexcasting/datagen/recipe/HexplatRecipes.java:110: error: no suitable method found for shaped(RecipeCategory,ItemFocus)
Fabric 1.21.11 build	Build Fabric artifact	2026-08-18T15:23:50.9343361Z           ShapedRecipeBuilder.shaped(RecipeCategory.TOOLS, HexItems.FOCUS)
Fabric 1.21.11 build	Build Fabric artifact	2026-08-18T15:23:50.9343950Z                              ^
Fabric 1.21.11 build	Build Fabric artifact	2026-08-18T15:23:50.9344916Z       method ShapedRecipeBuilder.shaped(HolderGetter<Item>,RecipeCategory,ItemLike) is not applicable
Fabric 1.21.11 build	Build Fabric artifact	2026-08-18T15:23:50.9345723Z         (actual and formal argument lists differ in length)
Fabric 1.21.11 build	Build Fabric artifact	2026-08-18T15:23:50.9346559Z       method ShapedRecipeBuilder.shaped(HolderGetter<Item>,RecipeCategory,ItemLike,int) is not applicable
Fabric 1.21.11 build	Build Fabric artifact	2026-08-18T15:23:50.9347384Z         (actual and formal argument lists differ in length)
Fabric 1.21.11 build	Build Fabric artifact	2026-08-18T15:23:50.9348622Z   /home/runner/work/Redliner101/Redliner101/Common/src/main/java/at/petrak/hexcasting/datagen/recipe/HexplatRecipes.java:120: error: no suitable method found for shaped(RecipeCategory,ItemFocus)
Fabric 1.21.11 build	Build Fabric artifact	2026-08-18T15:23:50.9350134Z           ShapedRecipeBuilder.shaped(RecipeCategory.TOOLS, HexItems.FOCUS)
Fabric 1.21.11 build	Build Fabric artifact	2026-08-18T15:23:50.9350678Z                              ^
Fabric 1.21.11 build	Build Fabric artifact	2026-08-18T15:23:50.9351318Z       method ShapedRecipeBuilder.shaped(HolderGetter<Item>,RecipeCategory,ItemLike) is not applicable
Fabric 1.21.11 build	Build Fabric artifact	2026-08-18T15:23:50.9352092Z         (actual and formal argument lists differ in length)
Fabric 1.21.11 build	Build Fabric artifact	2026-08-18T15:23:50.9352905Z       method ShapedRecipeBuilder.shaped(HolderGetter<Item>,RecipeCategory,ItemLike,int) is not applicable
Fabric 1.21.11 build	Build Fabric artifact	2026-08-18T15:23:50.9353705Z         (actual and formal argument lists differ in length)
Fabric 1.21.11 build	Build Fabric artifact	2026-08-18T15:23:50.9355203Z   /home/runner/work/Redliner101/Redliner101/Common/src/main/java/at/petrak/hexcasting/datagen/recipe/HexplatRecipes.java:131: error: no suitable method found for shaped(RecipeCategory,ItemSpellbook)
Fabric 1.21.11 build	Build Fabric artifact	2026-08-18T15:23:50.9356644Z           ShapedRecipeBuilder.shaped(RecipeCategory.TOOLS, HexItems.SPELLBOOK)
Fabric 1.21.11 build	Build Fabric artifact	2026-08-18T15:23:50.9357239Z                              ^
Fabric 1.21.11 build	Build Fabric artifact	2026-08-18T15:23:50.9357917Z       method ShapedRecipeBuilder.shaped(HolderGetter<Item>,RecipeCategory,ItemLike) is not applicable
Fabric 1.21.11 build	Build Fabric artifact	2026-08-18T15:23:50.9358714Z         (actual and formal argument lists differ in length)
Fabric 1.21.11 build	Build Fabric artifact	2026-08-18T15:23:50.9359478Z       method ShapedRecipeBuilder.shaped(HolderGetter<Item>,RecipeCategory,ItemLike,int) is not applicable
Fabric 1.21.11 build	Build Fabric artifact	2026-08-18T15:23:50.9421660Z         (actual and formal argument lists differ in length)
Fabric 1.21.11 build	Build Fabric artifact	2026-08-18T15:23:50.9423065Z   /home/runner/work/Redliner101/Redliner101/Common/src/main/java/at/petrak/hexcasting/datagen/recipe/HexplatRecipes.java:155: error: no suitable method found for shaped(RecipeCategory,ItemArtifact)
Fabric 1.21.11 build	Build Fabric artifact	2026-08-18T15:23:50.9424563Z           ShapedRecipeBuilder.shaped(RecipeCategory.TOOLS, HexItems.ARTIFACT)
Fabric 1.21.11 build	Build Fabric artifact	2026-08-18T15:23:50.9425174Z                              ^
Fabric 1.21.11 build	Build Fabric artifact	2026-08-18T15:23:50.9425957Z       method ShapedRecipeBuilder.shaped(HolderGetter<Item>,RecipeCategory,ItemLike) is not applicable
Fabric 1.21.11 build	Build Fabric artifact	2026-08-18T15:23:50.9426793Z         (actual and formal argument lists differ in length)
Fabric 1.21.11 build	Build Fabric artifact	2026-08-18T15:23:50.9427613Z       method ShapedRecipeBuilder.shaped(HolderGetter<Item>,RecipeCategory,ItemLike,int) is not applicable
Fabric 1.21.11 build	Build Fabric artifact	2026-08-18T15:23:50.9428446Z         (actual and formal argument lists differ in length)
Fabric 1.21.11 build	Build Fabric artifact	2026-08-18T15:23:50.9429924Z   /home/runner/work/Redliner101/Redliner101/Common/src/main/java/at/petrak/hexcasting/datagen/recipe/HexplatRecipes.java:169: error: no suitable method found for shaped(RecipeCategory,ItemAbacus)
Fabric 1.21.11 build	Build Fabric artifact	2026-08-18T15:23:50.9431405Z           ShapedRecipeBuilder.shaped(RecipeCategory.TOOLS, HexItems.ABACUS)
Fabric 1.21.11 build	Build Fabric artifact	2026-08-18T15:23:50.9432010Z                              ^
Fabric 1.21.11 build	Build Fabric artifact	2026-08-18T15:23:50.9432714Z       method ShapedRecipeBuilder.shaped(HolderGetter<Item>,RecipeCategory,ItemLike) is not applicable
Fabric 1.21.11 build	Build Fabric artifact	2026-08-18T15:23:50.9433505Z         (actual and formal argument lists differ in length)
Fabric 1.21.11 build	Build Fabric artifact	2026-08-18T15:23:50.9434329Z       method ShapedRecipeBuilder.shaped(HolderGetter<Item>,RecipeCategory,ItemLike,int) is not applicable
Fabric 1.21.11 build	Build Fabric artifact	2026-08-18T15:23:50.9435076Z         (actual and formal argument lists differ in length)
Fabric 1.21.11 build	Build Fabric artifact	2026-08-18T15:23:50.9436241Z   /home/runner/work/Redliner101/Redliner101/Common/src/main/java/at/petrak/hexcasting/datagen/recipe/HexplatRecipes.java:179: error: no suitable method found for shaped(RecipeCategory,Item)
Fabric 1.21.11 build	Build Fabric artifact	2026-08-18T15:23:50.9437511Z           ShapedRecipeBuilder.shaped(RecipeCategory.FOOD, HexItems.SUBMARINE_SANDWICH)
Fabric 1.21.11 build	Build Fabric artifact	2026-08-18T15:23:50.9438405Z                              ^
Fabric 1.21.11 build	Build Fabric artifact	2026-08-18T15:23:50.9439087Z       method ShapedRecipeBuilder.shaped(HolderGetter<Item>,RecipeCategory,ItemLike) is not applicable
Fabric 1.21.11 build	Build Fabric artifact	2026-08-18T15:23:50.9440062Z         (actual and formal argument lists differ in length)
Fabric 1.21.11 build	Build Fabric artifact	2026-08-18T15:23:50.9440867Z       method ShapedRecipeBuilder.shaped(HolderGetter<Item>,RecipeCategory,ItemLike,int) is not applicable
Fabric 1.21.11 build	Build Fabric artifact	2026-08-18T15:23:50.9441692Z         (actual and formal argument lists differ in length)
Fabric 1.21.11 build	Build Fabric artifact	2026-08-18T15:23:50.9443003Z   /home/runner/work/Redliner101/Redliner101/Common/src/main/java/at/petrak/hexcasting/datagen/recipe/HexplatRecipes.java:191: error: no suitable method found for shaped(RecipeCategory,ItemDyePigment)
Fabric 1.21.11 build	Build Fabric artifact	2026-08-18T15:23:50.9444427Z               ShapedRecipeBuilder.shaped(RecipeCategory.MISC, item)
Fabric 1.21.11 build	Build Fabric artifact	2026-08-18T15:23:50.9444940Z                                  ^
Fabric 1.21.11 build	Build Fabric artifact	2026-08-18T15:23:50.9445637Z       method ShapedRecipeBuilder.shaped(HolderGetter<Item>,RecipeCategory,ItemLike) is not applicable
Fabric 1.21.11 build	Build Fabric artifact	2026-08-18T15:23:50.9446462Z         (actual and formal argument lists differ in length)
Fabric 1.21.11 build	Build Fabric artifact	2026-08-18T15:23:50.9447291Z       method ShapedRecipeBuilder.shaped(HolderGetter<Item>,RecipeCategory,ItemLike,int) is not applicable
Fabric 1.21.11 build	Build Fabric artifact	2026-08-18T15:23:50.9448346Z         (actual and formal argument lists differ in length)
Fabric 1.21.11 build	Build Fabric artifact	2026-08-18T15:23:50.9511249Z   /home/runner/work/Redliner101/Redliner101/Common/src/main/java/at/petrak/hexcasting/datagen/recipe/HexplatRecipes.java:229: error: no suitable method found for shaped(RecipeCategory,ItemScroll)
Fabric 1.21.11 build	Build Fabric artifact	2026-08-18T15:23:50.9512920Z           ShapedRecipeBuilder.shaped(RecipeCategory.DECORATIONS, HexItems.SCROLL_SMOL)
Fabric 1.21.11 build	Build Fabric artifact	2026-08-18T15:23:50.9513585Z                              ^
Fabric 1.21.11 build	Build Fabric artifact	2026-08-18T15:23:50.9514251Z       method ShapedRecipeBuilder.shaped(HolderGetter<Item>,RecipeCategory,ItemLike) is not applicable
Fabric 1.21.11 build	Build Fabric artifact	2026-08-18T15:23:50.9515041Z         (actual and formal argument lists differ in length)
Fabric 1.21.11 build	Build Fabric artifact	2026-08-18T15:23:50.9515868Z       method ShapedRecipeBuilder.shaped(HolderGetter<Item>,RecipeCategory,ItemLike,int) is not applicable
Fabric 1.21.11 build	Build Fabric artifact	2026-08-18T15:23:50.9516721Z         (actual and formal argument lists differ in length)
Fabric 1.21.11 build	Build Fabric artifact	2026-08-18T15:23:50.9518003Z   /home/runner/work/Redliner101/Redliner101/Common/src/main/java/at/petrak/hexcasting/datagen/recipe/HexplatRecipes.java:236: error: no suitable method found for shaped(RecipeCategory,ItemScroll)
Fabric 1.21.11 build	Build Fabric artifact	2026-08-18T15:23:50.9519463Z           ShapedRecipeBuilder.shaped(RecipeCategory.DECORATIONS, HexItems.SCROLL_MEDIUM)
Fabric 1.21.11 build	Build Fabric artifact	2026-08-18T15:23:50.9520372Z                              ^
Fabric 1.21.11 build	Build Fabric artifact	2026-08-18T15:23:50.9521084Z       method ShapedRecipeBuilder.shaped(HolderGetter<Item>,RecipeCategory,ItemLike) is not applicable
Fabric 1.21.11 build	Build Fabric artifact	2026-08-18T15:23:50.9521901Z         (actual and formal argument lists differ in length)
Fabric 1.21.11 build	Build Fabric artifact	2026-08-18T15:23:50.9522733Z       method ShapedRecipeBuilder.shaped(HolderGetter<Item>,RecipeCategory,ItemLike,int) is not applicable
Fabric 1.21.11 build	Build Fabric artifact	2026-08-18T15:23:50.9523611Z         (actual and formal argument lists differ in length)
Fabric 1.21.11 build	Build Fabric artifact	2026-08-18T15:23:50.9524998Z   /home/runner/work/Redliner101/Redliner101/Common/src/main/java/at/petrak/hexcasting/datagen/recipe/HexplatRecipes.java:244: error: no suitable method found for shaped(RecipeCategory,ItemScroll)
Fabric 1.21.11 build	Build Fabric artifact	2026-08-18T15:23:50.9526533Z           ShapedRecipeBuilder.shaped(RecipeCategory.DECORATIONS, HexItems.SCROLL_LARGE)
Fabric 1.21.11 build	Build Fabric artifact	2026-08-18T15:23:50.9527170Z                              ^
Fabric 1.21.11 build	Build Fabric artifact	2026-08-18T15:23:50.9527840Z       method ShapedRecipeBuilder.shaped(HolderGetter<Item>,RecipeCategory,ItemLike) is not applicable
Fabric 1.21.11 build	Build Fabric artifact	2026-08-18T15:23:50.9528634Z         (actual and formal argument lists differ in length)
Fabric 1.21.11 build	Build Fabric artifact	2026-08-18T15:23:50.9529445Z       method ShapedRecipeBuilder.shaped(HolderGetter<Item>,RecipeCategory,ItemLike,int) is not applicable
Fabric 1.21.11 build	Build Fabric artifact	2026-08-18T15:23:50.9530406Z         (actual and formal argument lists differ in length)
Fabric 1.21.11 build	Build Fabric artifact	2026-08-18T15:23:50.9531778Z   /home/runner/work/Redliner101/Redliner101/Common/src/main/java/at/petrak/hexcasting/datagen/recipe/HexplatRecipes.java:259: error: no suitable method found for shaped(RecipeCategory,ItemJewelerHammer)
Fabric 1.21.11 build	Build Fabric artifact	2026-08-18T15:23:50.9533521Z           ShapedRecipeBuilder.shaped(RecipeCategory.TOOLS, HexItems.JEWELER_HAMMER)
Fabric 1.21.11 build	Build Fabric artifact	2026-08-18T15:23:50.9534190Z                              ^
Fabric 1.21.11 build	Build Fabric artifact	2026-08-18T15:23:50.9535508Z       method ShapedRecipeBuilder.shaped(HolderGetter<Item>,RecipeCategory,ItemLike) is not applicable
Fabric 1.21.11 build	Build Fabric artifact	2026-08-18T15:23:50.9536348Z         (actual and formal argument lists differ in length)
Fabric 1.21.11 build	Build Fabric artifact	2026-08-18T15:23:50.9537177Z       method ShapedRecipeBuilder.shaped(HolderGetter<Item>,RecipeCategory,ItemLike,int) is not applicable
Fabric 1.21.11 build	Build Fabric artifact	2026-08-18T15:23:50.9538012Z         (actual and formal argument lists differ in length)
Fabric 1.21.11 build	Build Fabric artifact	2026-08-18T15:23:50.9539322Z   /home/runner/work/Redliner101/Redliner101/Common/src/main/java/at/petrak/hexcasting/datagen/recipe/HexplatRecipes.java:269: error: no suitable method found for shapeless(RecipeCategory,Item,int)
Fabric 1.21.11 build	Build Fabric artifact	2026-08-18T15:23:50.9541594Z           ShapelessRecipeBuilder.shapeless(RecipeCategory.MISC, HexItems.AMETHYST_DUST,
Fabric 1.21.11 build	Build Fabric artifact	2026-08-18T15:23:50.9542306Z                                 ^
Fabric 1.21.11 build	Build Fabric artifact	2026-08-18T15:23:50.9543117Z       method ShapelessRecipeBuilder.shapeless(HolderGetter<Item>,RecipeCategory,ItemStack) is not applicable
Fabric 1.21.11 build	Build Fabric artifact	2026-08-18T15:23:50.9544226Z         (argument mismatch; RecipeCategory cannot be converted to HolderGetter<Item>)
Fabric 1.21.11 build	Build Fabric artifact	2026-08-18T15:23:50.9545491Z       method ShapelessRecipeBuilder.shapeless(HolderGetter<Item>,RecipeCategory,ItemLike) is not applicable
Fabric 1.21.11 build	Build Fabric artifact	2026-08-18T15:23:50.9546558Z         (argument mismatch; RecipeCategory cannot be converted to HolderGetter<Item>)
Fabric 1.21.11 build	Build Fabric artifact	2026-08-18T15:23:50.9548140Z   /home/runner/work/Redliner101/Redliner101/Common/src/main/java/at/petrak/hexcasting/datagen/recipe/HexplatRecipes.java:275: error: no suitable method found for shapeless(RecipeCategory,Item,int)
Fabric 1.21.11 build	Build Fabric artifact	2026-08-18T15:23:50.9549873Z           ShapelessRecipeBuilder.shapeless(RecipeCategory.MISC, Items.AMETHYST_SHARD,
Fabric 1.21.11 build	Build Fabric artifact	2026-08-18T15:23:50.9550577Z                                 ^
Fabric 1.21.11 build	Build Fabric artifact	2026-08-18T15:23:50.9551369Z       method ShapelessRecipeBuilder.shapeless(HolderGetter<Item>,RecipeCategory,ItemStack) is not applicable
Fabric 1.21.11 build	Build Fabric artifact	2026-08-18T15:23:50.9552431Z         (argument mismatch; RecipeCategory cannot be converted to HolderGetter<Item>)
Fabric 1.21.11 build	Build Fabric artifact	2026-08-18T15:23:50.9553478Z       method ShapelessRecipeBuilder.shapeless(HolderGetter<Item>,RecipeCategory,ItemLike) is not applicable
Fabric 1.21.11 build	Build Fabric artifact	2026-08-18T15:23:50.9554559Z         (argument mismatch; RecipeCategory cannot be converted to HolderGetter<Item>)
Fabric 1.21.11 build	Build Fabric artifact	2026-08-18T15:23:50.9556119Z   /home/runner/work/Redliner101/Redliner101/Common/src/main/java/at/petrak/hexcasting/datagen/recipe/HexplatRecipes.java:281: error: no suitable method found for shapeless(RecipeCategory,Item,int)
Fabric 1.21.11 build	Build Fabric artifact	2026-08-18T15:23:50.9557725Z           ShapelessRecipeBuilder.shapeless(RecipeCategory.MISC, HexItems.CHARGED_AMETHYST,
Fabric 1.21.11 build	Build Fabric artifact	2026-08-18T15:23:50.9558445Z                                 ^
Fabric 1.21.11 build	Build Fabric artifact	2026-08-18T15:23:50.9559237Z       method ShapelessRecipeBuilder.shapeless(HolderGetter<Item>,RecipeCategory,ItemStack) is not applicable
Fabric 1.21.11 build	Build Fabric artifact	2026-08-18T15:23:50.9560371Z         (argument mismatch; RecipeCategory cannot be converted to HolderGetter<Item>)
Fabric 1.21.11 build	Build Fabric artifact	2026-08-18T15:23:50.9561434Z       method ShapelessRecipeBuilder.shapeless(HolderGetter<Item>,RecipeCategory,ItemLike) is not applicable
Fabric 1.21.11 build	Build Fabric artifact	2026-08-18T15:23:50.9562468Z         (argument mismatch; RecipeCategory cannot be converted to HolderGetter<Item>)
Fabric 1.21.11 build	Build Fabric artifact	2026-08-18T15:23:50.9563971Z   /home/runner/work/Redliner101/Redliner101/Common/src/main/java/at/petrak/hexcasting/datagen/recipe/HexplatRecipes.java:288: error: no suitable method found for shaped(RecipeCategory,Block)
Fabric 1.21.11 build	Build Fabric artifact	2026-08-18T15:23:50.9565567Z           ShapedRecipeBuilder.shaped(RecipeCategory.BUILDING_BLOCKS, HexBlocks.SLATE_BLOCK)
Fabric 1.21.11 build	Build Fabric artifact	2026-08-18T15:23:50.9566285Z                              ^
Fabric 1.21.11 build	Build Fabric artifact	2026-08-18T15:23:50.9567024Z       method ShapedRecipeBuilder.shaped(HolderGetter<Item>,RecipeCategory,ItemLike) is not applicable
Fabric 1.21.11 build	Build Fabric artifact	2026-08-18T15:23:50.9567843Z         (actual and formal argument lists differ in length)
Fabric 1.21.11 build	Build Fabric artifact	2026-08-18T15:23:50.9568665Z       method ShapedRecipeBuilder.shaped(HolderGetter<Item>,RecipeCategory,ItemLike,int) is not applicable
Fabric 1.21.11 build	Build Fabric artifact	2026-08-18T15:23:50.9571765Z         (actual and formal argument lists differ in length)
Fabric 1.21.11 build	Build Fabric artifact	2026-08-18T15:23:50.9573139Z   /home/runner/work/Redliner101/Redliner101/Common/src/main/java/at/petrak/hexcasting/datagen/recipe/HexplatRecipes.java:304: error: no suitable method found for shapeless(RecipeCategory,Block,int)
Fabric 1.21.11 build	Build Fabric artifact	2026-08-18T15:23:50.9574751Z           ShapelessRecipeBuilder.shapeless(RecipeCategory.BUILDING_BLOCKS, HexBlocks.ANCIENT_SCROLL_PAPER, 8)
Fabric 1.21.11 build	Build Fabric artifact	2026-08-18T15:23:50.9575499Z                                 ^
Fabric 1.21.11 build	Build Fabric artifact	2026-08-18T15:23:50.9576250Z       method ShapelessRecipeBuilder.shapeless(HolderGetter<Item>,RecipeCategory,ItemStack) is not applicable
Fabric 1.21.11 build	Build Fabric artifact	2026-08-18T15:23:50.9577230Z         (argument mismatch; RecipeCategory cannot be converted to HolderGetter<Item>)
Fabric 1.21.11 build	Build Fabric artifact	2026-08-18T15:23:50.9578261Z       method ShapelessRecipeBuilder.shapeless(HolderGetter<Item>,RecipeCategory,ItemLike) is not applicable
Fabric 1.21.11 build	Build Fabric artifact	2026-08-18T15:23:50.9579239Z         (argument mismatch; RecipeCategory cannot be converted to HolderGetter<Item>)
Fabric 1.21.11 build	Build Fabric artifact	2026-08-18T15:23:50.9580876Z   /home/runner/work/Redliner101/Redliner101/Common/src/main/java/at/petrak/hexcasting/datagen/recipe/HexplatRecipes.java:315: error: no suitable method found for shapeless(RecipeCategory,Block,int)
Fabric 1.21.11 build	Build Fabric artifact	2026-08-18T15:23:50.9582761Z           ShapelessRecipeBuilder.shapeless(RecipeCategory.DECORATIONS, HexBlocks.ANCIENT_SCROLL_PAPER_LANTERN, 8)
Fabric 1.21.11 build	Build Fabric artifact	2026-08-18T15:23:50.9583586Z                                 ^
Fabric 1.21.11 build	Build Fabric artifact	2026-08-18T15:23:50.9584347Z       method ShapelessRecipeBuilder.shapeless(HolderGetter<Item>,RecipeCategory,ItemStack) is not applicable
Fabric 1.21.11 build	Build Fabric artifact	2026-08-18T15:23:50.9585335Z         (argument mismatch; RecipeCategory cannot be converted to HolderGetter<Item>)
Fabric 1.21.11 build	Build Fabric artifact	2026-08-18T15:23:50.9586301Z       method ShapelessRecipeBuilder.shapeless(HolderGetter<Item>,RecipeCategory,ItemLike) is not applicable
Fabric 1.21.11 build	Build Fabric artifact	2026-08-18T15:23:50.9587270Z         (argument mismatch; RecipeCategory cannot be converted to HolderGetter<Item>)
Fabric 1.21.11 build	Build Fabric artifact	2026-08-18T15:23:50.9588708Z   /home/runner/work/Redliner101/Redliner101/Common/src/main/java/at/petrak/hexcasting/datagen/recipe/HexplatRecipes.java:326: error: no suitable method found for shapeless(RecipeCategory,Block,int)
Fabric 1.21.11 build	Build Fabric artifact	2026-08-18T15:23:50.9590406Z           ShapelessRecipeBuilder.shapeless(RecipeCategory.BUILDING_BLOCKS, HexBlocks.EDIFIED_PLANKS, 4)
Fabric 1.21.11 build	Build Fabric artifact	2026-08-18T15:23:50.9591161Z                                 ^
Fabric 1.21.11 build	Build Fabric artifact	2026-08-18T15:23:50.9591903Z       method ShapelessRecipeBuilder.shapeless(HolderGetter<Item>,RecipeCategory,ItemStack) is not applicable
Fabric 1.21.11 build	Build Fabric artifact	2026-08-18T15:23:50.9592890Z         (argument mismatch; RecipeCategory cannot be converted to HolderGetter<Item>)
Fabric 1.21.11 build	Build Fabric artifact	2026-08-18T15:23:50.9593859Z       method ShapelessRecipeBuilder.shapeless(HolderGetter<Item>,RecipeCategory,ItemLike) is not applicable
Fabric 1.21.11 build	Build Fabric artifact	2026-08-18T15:23:50.9594838Z         (argument mismatch; RecipeCategory cannot be converted to HolderGetter<Item>)
Fabric 1.21.11 build	Build Fabric artifact	2026-08-18T15:23:50.9596291Z   /home/runner/work/Redliner101/Redliner101/Common/src/main/java/at/petrak/hexcasting/datagen/recipe/HexplatRecipes.java:396: error: no suitable method found for shapeless(RecipeCategory,ButtonBlock)
Fabric 1.21.11 build	Build Fabric artifact	2026-08-18T15:23:50.9597803Z           ShapelessRecipeBuilder.shapeless(RecipeCategory.REDSTONE, HexBlocks.EDIFIED_BUTTON)
Fabric 1.21.11 build	Build Fabric artifact	2026-08-18T15:23:50.9598493Z                                 ^
Fabric 1.21.11 build	Build Fabric artifact	2026-08-18T15:23:50.9599232Z       method ShapelessRecipeBuilder.shapeless(HolderGetter<Item>,RecipeCategory,ItemStack) is not applicable
Fabric 1.21.11 build	Build Fabric artifact	2026-08-18T15:23:50.9600286Z         (actual and formal argument lists differ in length)
Fabric 1.21.11 build	Build Fabric artifact	2026-08-18T15:23:50.9601134Z       method ShapelessRecipeBuilder.shapeless(HolderGetter<Item>,RecipeCategory,ItemLike) is not applicable
Fabric 1.21.11 build	Build Fabric artifact	2026-08-18T15:23:50.9601912Z         (actual and formal argument lists differ in length)
Fabric 1.21.11 build	Build Fabric artifact	2026-08-18T15:23:50.9602657Z       method ShapelessRecipeBuilder.shapeless(HolderGetter<Item>,RecipeCategory,ItemLike,int) is not applicable
Fabric 1.21.11 build	Build Fabric artifact	2026-08-18T15:23:50.9603444Z         (actual and formal argument lists differ in length)
Fabric 1.21.11 build	Build Fabric artifact	2026-08-18T15:23:50.9604737Z   /home/runner/work/Redliner101/Redliner101/Common/src/main/java/at/petrak/hexcasting/datagen/recipe/HexplatRecipes.java:401: error: no suitable method found for shaped(RecipeCategory,BlockEmptyImpetus)
Fabric 1.21.11 build	Build Fabric artifact	2026-08-18T15:23:50.9606579Z           ShapedRecipeBuilder.shaped(RecipeCategory.REDSTONE, HexBlocks.IMPETUS_EMPTY)
Fabric 1.21.11 build	Build Fabric artifact	2026-08-18T15:23:50.9607259Z                              ^
Fabric 1.21.11 build	Build Fabric artifact	2026-08-18T15:23:50.9607953Z       method ShapedRecipeBuilder.shaped(HolderGetter<Item>,RecipeCategory,ItemLike) is not applicable
Fabric 1.21.11 build	Build Fabric artifact	2026-08-18T15:23:50.9608774Z         (actual and formal argument lists differ in length)
Fabric 1.21.11 build	Build Fabric artifact	2026-08-18T15:23:50.9609759Z       method ShapedRecipeBuilder.shaped(HolderGetter<Item>,RecipeCategory,ItemLike,int) is not applicable
Fabric 1.21.11 build	Build Fabric artifact	2026-08-18T15:23:50.9610520Z         (actual and formal argument lists differ in length)
Fabric 1.21.11 build	Build Fabric artifact	2026-08-18T15:23:50.9611823Z   /home/runner/work/Redliner101/Redliner101/Common/src/main/java/at/petrak/hexcasting/datagen/recipe/HexplatRecipes.java:411: error: no suitable method found for shaped(RecipeCategory,BlockEmptyDirectrix)
Fabric 1.21.11 build	Build Fabric artifact	2026-08-18T15:23:50.9613358Z           ShapedRecipeBuilder.shaped(RecipeCategory.REDSTONE, HexBlocks.EMPTY_DIRECTRIX)
Fabric 1.21.11 build	Build Fabric artifact	2026-08-18T15:23:50.9613999Z                              ^
Fabric 1.21.11 build	Build Fabric artifact	2026-08-18T15:23:50.9614671Z       method ShapedRecipeBuilder.shaped(HolderGetter<Item>,RecipeCategory,ItemLike) is not applicable
Fabric 1.21.11 build	Build Fabric artifact	2026-08-18T15:23:50.9615704Z         (actual and formal argument lists differ in length)
Fabric 1.21.11 build	Build Fabric artifact	2026-08-18T15:23:50.9616531Z       method ShapedRecipeBuilder.shaped(HolderGetter<Item>,RecipeCategory,ItemLike,int) is not applicable
Fabric 1.21.11 build	Build Fabric artifact	2026-08-18T15:23:50.9617355Z         (actual and formal argument lists differ in length)
Fabric 1.21.11 build	Build Fabric artifact	2026-08-18T15:23:50.9618593Z   /home/runner/work/Redliner101/Redliner101/Common/src/main/java/at/petrak/hexcasting/datagen/recipe/HexplatRecipes.java:421: error: no suitable method found for shaped(RecipeCategory,BlockAkashicBookshelf)
Fabric 1.21.11 build	Build Fabric artifact	2026-08-18T15:23:50.9620329Z           ShapedRecipeBuilder.shaped(RecipeCategory.REDSTONE, HexBlocks.AKASHIC_BOOKSHELF)
Fabric 1.21.11 build	Build Fabric artifact	2026-08-18T15:23:50.9620989Z                              ^
Fabric 1.21.11 build	Build Fabric artifact	2026-08-18T15:23:50.9621649Z       method ShapedRecipeBuilder.shaped(HolderGetter<Item>,RecipeCategory,ItemLike) is not applicable
Fabric 1.21.11 build	Build Fabric artifact	2026-08-18T15:23:50.9622407Z         (actual and formal argument lists differ in length)
Fabric 1.21.11 build	Build Fabric artifact	2026-08-18T15:23:50.9623206Z       method ShapedRecipeBuilder.shaped(HolderGetter<Item>,RecipeCategory,ItemLike,int) is not applicable
Fabric 1.21.11 build	Build Fabric artifact	2026-08-18T15:23:50.9623979Z         (actual and formal argument lists differ in length)
Fabric 1.21.11 build	Build Fabric artifact	2026-08-18T15:23:50.9625182Z   /home/runner/work/Redliner101/Redliner101/Common/src/main/java/at/petrak/hexcasting/datagen/recipe/HexplatRecipes.java:452: error: no suitable method found for shapeless(RecipeCategory,Item,int)
Fabric 1.21.11 build	Build Fabric artifact	2026-08-18T15:23:50.9626522Z           ShapelessRecipeBuilder.shapeless(RecipeCategory.BUILDING_BLOCKS, HexBlocks.SLATE_AMETHYST_BRICKS.asItem(), 2)
Fabric 1.21.11 build	Build Fabric artifact	2026-08-18T15:23:50.9627621Z                                 ^
Fabric 1.21.11 build	Build Fabric artifact	2026-08-18T15:23:50.9628276Z       method ShapelessRecipeBuilder.shapeless(HolderGetter<Item>,RecipeCategory,ItemStack) is not applicable
Fabric 1.21.11 build	Build Fabric artifact	2026-08-18T15:23:50.9629275Z         (argument mismatch; RecipeCategory cannot be converted to HolderGetter<Item>)
Fabric 1.21.11 build	Build Fabric artifact	2026-08-18T15:23:50.9630417Z       method ShapelessRecipeBuilder.shapeless(HolderGetter<Item>,RecipeCategory,ItemLike) is not applicable
Fabric 1.21.11 build	Build Fabric artifact	2026-08-18T15:23:50.9631431Z         (argument mismatch; RecipeCategory cannot be converted to HolderGetter<Item>)
Fabric 1.21.11 build	Build Fabric artifact	2026-08-18T15:23:50.9632932Z   /home/runner/work/Redliner101/Redliner101/Common/src/main/java/at/petrak/hexcasting/datagen/recipe/HexplatRecipes.java:457: error: no suitable method found for shapeless(RecipeCategory,Item,int)
Fabric 1.21.11 build	Build Fabric artifact	2026-08-18T15:23:50.9634634Z           ShapelessRecipeBuilder.shapeless(RecipeCategory.BUILDING_BLOCKS, HexBlocks.SLATE_AMETHYST_BRICKS_SMALL.asItem(), 2)
Fabric 1.21.11 build	Build Fabric artifact	2026-08-18T15:23:50.9635517Z                                 ^
Fabric 1.21.11 build	Build Fabric artifact	2026-08-18T15:23:50.9636271Z       method ShapelessRecipeBuilder.shapeless(HolderGetter<Item>,RecipeCategory,ItemStack) is not applicable
Fabric 1.21.11 build	Build Fabric artifact	2026-08-18T15:23:50.9637268Z         (argument mismatch; RecipeCategory cannot be converted to HolderGetter<Item>)
Fabric 1.21.11 build	Build Fabric artifact	2026-08-18T15:23:50.9638441Z       method ShapelessRecipeBuilder.shapeless(HolderGetter<Item>,RecipeCategory,ItemLike) is not applicable
Fabric 1.21.11 build	Build Fabric artifact	2026-08-18T15:23:50.9639404Z         (argument mismatch; RecipeCategory cannot be converted to HolderGetter<Item>)
Fabric 1.21.11 build	Build Fabric artifact	2026-08-18T15:23:50.9640941Z   /home/runner/work/Redliner101/Redliner101/Common/src/main/java/at/petrak/hexcasting/datagen/recipe/HexplatRecipes.java:462: error: no suitable method found for shapeless(RecipeCategory,Item,int)
Fabric 1.21.11 build	Build Fabric artifact	2026-08-18T15:23:50.9642605Z           ShapelessRecipeBuilder.shapeless(RecipeCategory.BUILDING_BLOCKS, HexBlocks.SLATE_AMETHYST_TILES.asItem(), 2)
Fabric 1.21.11 build	Build Fabric artifact	2026-08-18T15:23:50.9643416Z                                 ^
Fabric 1.21.11 build	Build Fabric artifact	2026-08-18T15:23:50.9644186Z       method ShapelessRecipeBuilder.shapeless(HolderGetter<Item>,RecipeCategory,ItemStack) is not applicable
Fabric 1.21.11 build	Build Fabric artifact	2026-08-18T15:23:50.9645160Z         (argument mismatch; RecipeCategory cannot be converted to HolderGetter<Item>)
Fabric 1.21.11 build	Build Fabric artifact	2026-08-18T15:23:50.9646181Z       method ShapelessRecipeBuilder.shapeless(HolderGetter<Item>,RecipeCategory,ItemLike) is not applicable
Fabric 1.21.11 build	Build Fabric artifact	2026-08-18T15:23:50.9647045Z         (argument mismatch; RecipeCategory cannot be converted to HolderGetter<Item>)
Fabric 1.21.11 build	Build Fabric artifact	2026-08-18T15:23:50.9648452Z   /home/runner/work/Redliner101/Redliner101/Common/src/main/java/at/petrak/hexcasting/datagen/recipe/HexplatRecipes.java:467: error: no suitable method found for shapeless(RecipeCategory,Item,int)
Fabric 1.21.11 build	Build Fabric artifact	2026-08-18T15:23:50.9650663Z           ShapelessRecipeBuilder.shapeless(RecipeCategory.BUILDING_BLOCKS, HexBlocks.SLATE_AMETHYST_PILLAR.asItem(), 2)
Fabric 1.21.11 build	Build Fabric artifact	2026-08-18T15:23:50.9651420Z                                 ^
Fabric 1.21.11 build	Build Fabric artifact	2026-08-18T15:23:50.9652088Z       method ShapelessRecipeBuilder.shapeless(HolderGetter<Item>,RecipeCategory,ItemStack) is not applicable
Fabric 1.21.11 build	Build Fabric artifact	2026-08-18T15:23:50.9653039Z         (argument mismatch; RecipeCategory cannot be converted to HolderGetter<Item>)
Fabric 1.21.11 build	Build Fabric artifact	2026-08-18T15:23:50.9654031Z       method ShapelessRecipeBuilder.shapeless(HolderGetter<Item>,RecipeCategory,ItemLike) is not applicable
Fabric 1.21.11 build	Build Fabric artifact	2026-08-18T15:23:50.9655034Z         (argument mismatch; RecipeCategory cannot be converted to HolderGetter<Item>)
Fabric 1.21.11 build	Build Fabric artifact	2026-08-18T15:23:50.9656468Z   /home/runner/work/Redliner101/Redliner101/Common/src/main/java/at/petrak/hexcasting/datagen/recipe/HexplatRecipes.java:476: error: no suitable method found for save(RecipeOutput,Identifier)
Fabric 1.21.11 build	Build Fabric artifact	2026-08-18T15:23:50.9657785Z               .save(recipes, modLoc("budding_amethyst"));
Fabric 1.21.11 build	Build Fabric artifact	2026-08-18T15:23:50.9658242Z               ^
Fabric 1.21.11 build	Build Fabric artifact	2026-08-18T15:23:50.9658810Z       method RecipeBuilder.save(RecipeOutput,ResourceKey<Recipe<?>>) is not applicable
Fabric 1.21.11 build	Build Fabric artifact	2026-08-18T15:23:50.9659819Z         (argument mismatch; Identifier cannot be converted to ResourceKey<Recipe<?>>)
Fabric 1.21.11 build	Build Fabric artifact	2026-08-18T15:23:50.9660608Z       method RecipeBuilder.save(RecipeOutput,String) is not applicable
Fabric 1.21.11 build	Build Fabric artifact	2026-08-18T15:23:50.9661276Z         (argument mismatch; Identifier cannot be converted to String)
Fabric 1.21.11 build	Build Fabric artifact	2026-08-18T15:23:50.9662560Z   /home/runner/work/Redliner101/Redliner101/Common/src/main/java/at/petrak/hexcasting/datagen/recipe/HexplatRecipes.java:482: error: no suitable method found for save(RecipeOutput,Identifier)
Fabric 1.21.11 build	Build Fabric artifact	2026-08-18T15:23:50.9663837Z               .save(recipes, modLoc("impetus_rightclick"));
Fabric 1.21.11 build	Build Fabric artifact	2026-08-18T15:23:50.9664287Z               ^
Fabric 1.21.11 build	Build Fabric artifact	2026-08-18T15:23:50.9664838Z       method RecipeBuilder.save(RecipeOutput,ResourceKey<Recipe<?>>) is not applicable
Fabric 1.21.11 build	Build Fabric artifact	2026-08-18T15:23:50.9665680Z         (argument mismatch; Identifier cannot be converted to ResourceKey<Recipe<?>>)
Fabric 1.21.11 build	Build Fabric artifact	2026-08-18T15:23:50.9666393Z       method RecipeBuilder.save(RecipeOutput,String) is not applicable
Fabric 1.21.11 build	Build Fabric artifact	2026-08-18T15:23:50.9667075Z         (argument mismatch; Identifier cannot be converted to String)
Fabric 1.21.11 build	Build Fabric artifact	2026-08-18T15:23:50.9668425Z   /home/runner/work/Redliner101/Redliner101/Common/src/main/java/at/petrak/hexcasting/datagen/recipe/HexplatRecipes.java:488: error: no suitable method found for save(RecipeOutput,Identifier)
Fabric 1.21.11 build	Build Fabric artifact	2026-08-18T15:23:50.9669811Z               .save(recipes, modLoc("impetus_look"));
Fabric 1.21.11 build	Build Fabric artifact	2026-08-18T15:23:50.9670214Z               ^
Fabric 1.21.11 build	Build Fabric artifact	2026-08-18T15:23:50.9670982Z       method RecipeBuilder.save(RecipeOutput,ResourceKey<Recipe<?>>) is not applicable
Fabric 1.21.11 build	Build Fabric artifact	2026-08-18T15:23:50.9671822Z         (argument mismatch; Identifier cannot be converted to ResourceKey<Recipe<?>>)
Fabric 1.21.11 build	Build Fabric artifact	2026-08-18T15:23:50.9672605Z       method RecipeBuilder.save(RecipeOutput,String) is not applicable
Fabric 1.21.11 build	Build Fabric artifact	2026-08-18T15:23:50.9673335Z         (argument mismatch; Identifier cannot be converted to String)
Fabric 1.21.11 build	Build Fabric artifact	2026-08-18T15:23:50.9674698Z   /home/runner/work/Redliner101/Redliner101/Common/src/main/java/at/petrak/hexcasting/datagen/recipe/HexplatRecipes.java:494: error: no suitable method found for save(RecipeOutput,Identifier)
Fabric 1.21.11 build	Build Fabric artifact	2026-08-18T15:23:50.9676011Z               .save(recipes, modLoc("impetus_storedplayer"));
Fabric 1.21.11 build	Build Fabric artifact	2026-08-18T15:23:50.9676470Z               ^
Fabric 1.21.11 build	Build Fabric artifact	2026-08-18T15:23:50.9677041Z       method RecipeBuilder.save(RecipeOutput,ResourceKey<Recipe<?>>) is not applicable
Fabric 1.21.11 build	Build Fabric artifact	2026-08-18T15:23:50.9677887Z         (argument mismatch; Identifier cannot be converted to ResourceKey<Recipe<?>>)
Fabric 1.21.11 build	Build Fabric artifact	2026-08-18T15:23:50.9678667Z       method RecipeBuilder.save(RecipeOutput,String) is not applicable
Fabric 1.21.11 build	Build Fabric artifact	2026-08-18T15:23:50.9679318Z         (argument mismatch; Identifier cannot be converted to String)
Fabric 1.21.11 build	Build Fabric artifact	2026-08-18T15:23:50.9681038Z   /home/runner/work/Redliner101/Redliner101/Common/src/main/java/at/petrak/hexcasting/datagen/recipe/HexplatRecipes.java:500: error: no suitable method found for save(RecipeOutput,Identifier)
Fabric 1.21.11 build	Build Fabric artifact	2026-08-18T15:23:50.9682480Z               .save(recipes, modLoc("directrix_redstone"));
Fabric 1.21.11 build	Build Fabric artifact	2026-08-18T15:23:50.9682937Z               ^
Fabric 1.21.11 build	Build Fabric artifact	2026-08-18T15:23:50.9683481Z       method RecipeBuilder.save(RecipeOutput,ResourceKey<Recipe<?>>) is not applicable
Fabric 1.21.11 build	Build Fabric artifact	2026-08-18T15:23:50.9684330Z         (argument mismatch; Identifier cannot be converted to ResourceKey<Recipe<?>>)
Fabric 1.21.11 build	Build Fabric artifact	2026-08-18T15:23:50.9685102Z       method RecipeBuilder.save(RecipeOutput,String) is not applicable
Fabric 1.21.11 build	Build Fabric artifact	2026-08-18T15:23:50.9685776Z         (argument mismatch; Identifier cannot be converted to String)
Fabric 1.21.11 build	Build Fabric artifact	2026-08-18T15:23:50.9687066Z   /home/runner/work/Redliner101/Redliner101/Common/src/main/java/at/petrak/hexcasting/datagen/recipe/HexplatRecipes.java:506: error: no suitable method found for save(RecipeOutput,Identifier)
Fabric 1.21.11 build	Build Fabric artifact	2026-08-18T15:23:50.9688367Z                   .save(recipes, modLoc("directrix_boolean"));
Fabric 1.21.11 build	Build Fabric artifact	2026-08-18T15:23:50.9688830Z                   ^
Fabric 1.21.11 build	Build Fabric artifact	2026-08-18T15:23:50.9689385Z       method RecipeBuilder.save(RecipeOutput,ResourceKey<Recipe<?>>) is not applicable
Fabric 1.21.11 build	Build Fabric artifact	2026-08-18T15:23:50.9690379Z         (argument mismatch; Identifier cannot be converted to ResourceKey<Recipe<?>>)
Fabric 1.21.11 build	Build Fabric artifact	2026-08-18T15:23:50.9691150Z       method RecipeBuilder.save(RecipeOutput,String) is not applicable
Fabric 1.21.11 build	Build Fabric artifact	2026-08-18T15:23:50.9691824Z         (argument mismatch; Identifier cannot be converted to String)
Fabric 1.21.11 build	Build Fabric artifact	2026-08-18T15:23:50.9693195Z   /home/runner/work/Redliner101/Redliner101/Common/src/main/java/at/petrak/hexcasting/datagen/recipe/HexplatRecipes.java:512: error: no suitable method found for save(RecipeOutput,Identifier)
Fabric 1.21.11 build	Build Fabric artifact	2026-08-18T15:23:50.9694484Z               .save(recipes, modLoc("akashic_record"));
Fabric 1.21.11 build	Build Fabric artifact	2026-08-18T15:23:50.9694910Z               ^
Fabric 1.21.11 build	Build Fabric artifact	2026-08-18T15:23:50.9695453Z       method RecipeBuilder.save(RecipeOutput,ResourceKey<Recipe<?>>) is not applicable
Fabric 1.21.11 build	Build Fabric artifact	2026-08-18T15:23:50.9696312Z         (argument mismatch; Identifier cannot be converted to ResourceKey<Recipe<?>>)
Fabric 1.21.11 build	Build Fabric artifact	2026-08-18T15:23:50.9697097Z       method RecipeBuilder.save(RecipeOutput,String) is not applicable
Fabric 1.21.11 build	Build Fabric artifact	2026-08-18T15:23:50.9697811Z         (argument mismatch; Identifier cannot be converted to String)
Fabric 1.21.11 build	Build Fabric artifact	2026-08-18T15:23:50.9699139Z   /home/runner/work/Redliner101/Redliner101/Common/src/main/java/at/petrak/hexcasting/datagen/recipe/HexplatRecipes.java:519: error: no suitable method found for save(RecipeOutput,Identifier)
Fabric 1.21.11 build	Build Fabric artifact	2026-08-18T15:23:50.9700504Z               .save(recipes, modLoc("quench_allay"));
Fabric 1.21.11 build	Build Fabric artifact	2026-08-18T15:23:50.9700937Z               ^
Fabric 1.21.11 build	Build Fabric artifact	2026-08-18T15:23:50.9701467Z       method RecipeBuilder.save(RecipeOutput,ResourceKey<Recipe<?>>) is not applicable
Fabric 1.21.11 build	Build Fabric artifact	2026-08-18T15:23:50.9702270Z         (argument mismatch; Identifier cannot be converted to ResourceKey<Recipe<?>>)
Fabric 1.21.11 build	Build Fabric artifact	2026-08-18T15:23:50.9703209Z       method RecipeBuilder.save(RecipeOutput,String) is not applicable
Fabric 1.21.11 build	Build Fabric artifact	2026-08-18T15:23:50.9703880Z         (argument mismatch; Identifier cannot be converted to String)
Fabric 1.21.11 build	Build Fabric artifact	2026-08-18T15:23:50.9705231Z   /home/runner/work/Redliner101/Redliner101/Common/src/main/java/at/petrak/hexcasting/datagen/recipe/HexplatRecipes.java:558: error: no suitable method found for save(RecipeOutput,Identifier)
Fabric 1.21.11 build	Build Fabric artifact	2026-08-18T15:23:50.9706815Z                   .save(recipes, modLoc("compat/farmersdelight/cutting/" + BuiltInRegistries.BLOCK.getKey(log).getPath()));
Fabric 1.21.11 build	Build Fabric artifact	2026-08-18T15:23:50.9707592Z                   ^
Fabric 1.21.11 build	Build Fabric artifact	2026-08-18T15:23:50.9708127Z       method RecipeBuilder.save(RecipeOutput,ResourceKey<Recipe<?>>) is not applicable
Fabric 1.21.11 build	Build Fabric artifact	2026-08-18T15:23:50.9708934Z         (argument mismatch; Identifier cannot be converted to ResourceKey<Recipe<?>>)
Fabric 1.21.11 build	Build Fabric artifact	2026-08-18T15:23:50.9709947Z       method RecipeBuilder.save(RecipeOutput,String) is not applicable
Fabric 1.21.11 build	Build Fabric artifact	2026-08-18T15:23:50.9710576Z         (argument mismatch; Identifier cannot be converted to String)
Fabric 1.21.11 build	Build Fabric artifact	2026-08-18T15:23:50.9711751Z   /home/runner/work/Redliner101/Redliner101/Common/src/main/java/at/petrak/hexcasting/datagen/recipe/HexplatRecipes.java:568: error: no suitable method found for save(RecipeOutput,Identifier)
Fabric 1.21.11 build	Build Fabric artifact	2026-08-18T15:23:50.9713248Z               .save(recipes, modLoc("compat/farmersdelight/cutting/akashic_wood"));
Fabric 1.21.11 build	Build Fabric artifact	2026-08-18T15:23:50.9713809Z               ^
Fabric 1.21.11 build	Build Fabric artifact	2026-08-18T15:23:50.9714354Z       method RecipeBuilder.save(RecipeOutput,ResourceKey<Recipe<?>>) is not applicable
Fabric 1.21.11 build	Build Fabric artifact	2026-08-18T15:23:50.9715211Z         (argument mismatch; Identifier cannot be converted to ResourceKey<Recipe<?>>)
Fabric 1.21.11 build	Build Fabric artifact	2026-08-18T15:23:50.9715979Z       method RecipeBuilder.save(RecipeOutput,String) is not applicable
Fabric 1.21.11 build	Build Fabric artifact	2026-08-18T15:23:50.9716651Z         (argument mismatch; Identifier cannot be converted to String)
Fabric 1.21.11 build	Build Fabric artifact	2026-08-18T15:23:50.9718011Z   /home/runner/work/Redliner101/Redliner101/Common/src/main/java/at/petrak/hexcasting/datagen/recipe/HexplatRecipes.java:575: error: no suitable method found for save(RecipeOutput,Identifier)
Fabric 1.21.11 build	Build Fabric artifact	2026-08-18T15:23:50.9719492Z               .save(recipes, modLoc("compat/farmersdelight/cutting/akashic_trapdoor"));
Fabric 1.21.11 build	Build Fabric artifact	2026-08-18T15:23:50.9720258Z               ^
Fabric 1.21.11 build	Build Fabric artifact	2026-08-18T15:23:50.9720825Z       method RecipeBuilder.save(RecipeOutput,ResourceKey<Recipe<?>>) is not applicable
Fabric 1.21.11 build	Build Fabric artifact	2026-08-18T15:23:50.9721651Z         (argument mismatch; Identifier cannot be converted to ResourceKey<Recipe<?>>)
Fabric 1.21.11 build	Build Fabric artifact	2026-08-18T15:23:50.9722406Z       method RecipeBuilder.save(RecipeOutput,String) is not applicable
Fabric 1.21.11 build	Build Fabric artifact	2026-08-18T15:23:50.9723051Z         (argument mismatch; Identifier cannot be converted to String)
Fabric 1.21.11 build	Build Fabric artifact	2026-08-18T15:23:50.9724452Z   /home/runner/work/Redliner101/Redliner101/Common/src/main/java/at/petrak/hexcasting/datagen/recipe/HexplatRecipes.java:582: error: no suitable method found for save(RecipeOutput,Identifier)
Fabric 1.21.11 build	Build Fabric artifact	2026-08-18T15:23:50.9725863Z               .save(recipes, modLoc("compat/farmersdelight/cutting/akashic_door"));
Fabric 1.21.11 build	Build Fabric artifact	2026-08-18T15:23:50.9726431Z               ^
Fabric 1.21.11 build	Build Fabric artifact	2026-08-18T15:23:50.9726959Z       method RecipeBuilder.save(RecipeOutput,ResourceKey<Recipe<?>>) is not applicable
Fabric 1.21.11 build	Build Fabric artifact	2026-08-18T15:23:50.9727821Z         (argument mismatch; Identifier cannot be converted to ResourceKey<Recipe<?>>)
Fabric 1.21.11 build	Build Fabric artifact	2026-08-18T15:23:50.9728589Z       method RecipeBuilder.save(RecipeOutput,String) is not applicable
Fabric 1.21.11 build	Build Fabric artifact	2026-08-18T15:23:50.9729271Z         (argument mismatch; Identifier cannot be converted to String)
Fabric 1.21.11 build	Build Fabric artifact	2026-08-18T15:23:50.9730752Z   /home/runner/work/Redliner101/Redliner101/Common/src/main/java/at/petrak/hexcasting/datagen/recipe/HexplatRecipes.java:590: error: no suitable method found for shaped(RecipeCategory,ItemStaff)
Fabric 1.21.11 build	Build Fabric artifact	2026-08-18T15:23:50.9732126Z           ShapedRecipeBuilder.shaped(RecipeCategory.TOOLS, staff)
Fabric 1.21.11 build	Build Fabric artifact	2026-08-18T15:23:50.9732659Z                              ^
Fabric 1.21.11 build	Build Fabric artifact	2026-08-18T15:23:50.9733334Z       method ShapedRecipeBuilder.shaped(HolderGetter<Item>,RecipeCategory,ItemLike) is not applicable
Fabric 1.21.11 build	Build Fabric artifact	2026-08-18T15:23:50.9734100Z         (actual and formal argument lists differ in length)
Fabric 1.21.11 build	Build Fabric artifact	2026-08-18T15:23:50.9735183Z       method ShapedRecipeBuilder.shaped(HolderGetter<Item>,RecipeCategory,ItemLike,int) is not applicable
Fabric 1.21.11 build	Build Fabric artifact	2026-08-18T15:23:50.9736018Z         (actual and formal argument lists differ in length)
Fabric 1.21.11 build	Build Fabric artifact	2026-08-18T15:23:50.9737385Z   /home/runner/work/Redliner101/Redliner101/Common/src/main/java/at/petrak/hexcasting/datagen/recipe/HexplatRecipes.java:603: error: no suitable method found for shaped(RecipeCategory,ItemPridePigment)
Fabric 1.21.11 build	Build Fabric artifact	2026-08-18T15:23:50.9738822Z           ShapedRecipeBuilder.shaped(RecipeCategory.MISC, colorizer)
Fabric 1.21.11 build	Build Fabric artifact	2026-08-18T15:23:50.9739360Z                              ^
Fabric 1.21.11 build	Build Fabric artifact	2026-08-18T15:23:50.9740371Z       method ShapedRecipeBuilder.shaped(HolderGetter<Item>,RecipeCategory,ItemLike) is not applicable
Fabric 1.21.11 build	Build Fabric artifact	2026-08-18T15:23:50.9741210Z         (actual and formal argument lists differ in length)
Fabric 1.21.11 build	Build Fabric artifact	2026-08-18T15:23:50.9742024Z       method ShapedRecipeBuilder.shaped(HolderGetter<Item>,RecipeCategory,ItemLike,int) is not applicable
Fabric 1.21.11 build	Build Fabric artifact	2026-08-18T15:23:50.9742850Z         (actual and formal argument lists differ in length)
Fabric 1.21.11 build	Build Fabric artifact	2026-08-18T15:23:50.9744046Z   /home/runner/work/Redliner101/Redliner101/Common/src/main/java/at/petrak/hexcasting/datagen/recipe/HexplatRecipes.java:648: error: no suitable method found for of(TagKey<Item>)
Fabric 1.21.11 build	Build Fabric artifact	2026-08-18T15:23:50.9745518Z           return ring(category, out, count, Ingredient.of(outer), ingredientOf(inner));
Fabric 1.21.11 build	Build Fabric artifact	2026-08-18T15:23:50.9746149Z                                                       ^
Fabric 1.21.11 build	Build Fabric artifact	2026-08-18T15:23:50.9746632Z       method Ingredient.of(ItemLike) is not applicable
Fabric 1.21.11 build	Build Fabric artifact	2026-08-18T15:23:50.9747243Z         (argument mismatch; TagKey<Item> cannot be converted to ItemLike)
Fabric 1.21.11 build	Build Fabric artifact	2026-08-18T15:23:50.9747923Z       method Ingredient.of(ItemLike...) is not applicable
Fabric 1.21.11 build	Build Fabric artifact	2026-08-18T15:23:50.9748550Z         (varargs mismatch; TagKey<Item> cannot be converted to ItemLike)
Fabric 1.21.11 build	Build Fabric artifact	2026-08-18T15:23:50.9749252Z       method Ingredient.of(Stream<? extends ItemLike>) is not applicable
Fabric 1.21.11 build	Build Fabric artifact	2026-08-18T15:23:50.9750143Z         (argument mismatch; TagKey<Item> cannot be converted to Stream<? extends ItemLike>)
Fabric 1.21.11 build	Build Fabric artifact	2026-08-18T15:23:50.9750871Z       method Ingredient.of(HolderSet<Item>) is not applicable
Fabric 1.21.11 build	Build Fabric artifact	2026-08-18T15:23:50.9751424Z         (argument mismatch; TagKey<Item> cannot be converted to HolderSet<Item>)
Fabric 1.21.11 build	Build Fabric artifact	2026-08-18T15:23:50.9752535Z   /home/runner/work/Redliner101/Redliner101/Common/src/main/java/at/petrak/hexcasting/datagen/recipe/HexplatRecipes.java:715: error: no suitable method found for of(TagKey<Item>)
Fabric 1.21.11 build	Build Fabric artifact	2026-08-18T15:23:50.9753809Z           return stack(category, out, count, Ingredient.of(top), Ingredient.of(bottom));
Fabric 1.21.11 build	Build Fabric artifact	2026-08-18T15:23:50.9754528Z                                                        ^
Fabric 1.21.11 build	Build Fabric artifact	2026-08-18T15:23:50.9755015Z       method Ingredient.of(ItemLike) is not applicable
Fabric 1.21.11 build	Build Fabric artifact	2026-08-18T15:23:50.9755612Z         (argument mismatch; TagKey<Item> cannot be converted to ItemLike)
Fabric 1.21.11 build	Build Fabric artifact	2026-08-18T15:23:50.9756234Z       method Ingredient.of(ItemLike...) is not applicable
Fabric 1.21.11 build	Build Fabric artifact	2026-08-18T15:23:50.9756849Z         (varargs mismatch; TagKey<Item> cannot be converted to ItemLike)
Fabric 1.21.11 build	Build Fabric artifact	2026-08-18T15:23:50.9757569Z       method Ingredient.of(Stream<? extends ItemLike>) is not applicable
Fabric 1.21.11 build	Build Fabric artifact	2026-08-18T15:23:50.9758355Z         (argument mismatch; TagKey<Item> cannot be converted to Stream<? extends ItemLike>)
Fabric 1.21.11 build	Build Fabric artifact	2026-08-18T15:23:50.9759100Z       method Ingredient.of(HolderSet<Item>) is not applicable
Fabric 1.21.11 build	Build Fabric artifact	2026-08-18T15:23:50.9759920Z         (argument mismatch; TagKey<Item> cannot be converted to HolderSet<Item>)
Fabric 1.21.11 build	Build Fabric artifact	2026-08-18T15:23:50.9761735Z   /home/runner/work/Redliner101/Redliner101/Common/src/main/java/at/petrak/hexcasting/datagen/recipe/HexplatRecipes.java:715: error: no suitable method found for of(TagKey<Item>)
Fabric 1.21.11 build	Build Fabric artifact	2026-08-18T15:23:50.9763105Z           return stack(category, out, count, Ingredient.of(top), Ingredient.of(bottom));
Fabric 1.21.11 build	Build Fabric artifact	2026-08-18T15:23:50.9763800Z                                                                            ^
Fabric 1.21.11 build	Build Fabric artifact	2026-08-18T15:23:50.9764341Z       method Ingredient.of(ItemLike) is not applicable
Fabric 1.21.11 build	Build Fabric artifact	2026-08-18T15:23:50.9764941Z         (argument mismatch; TagKey<Item> cannot be converted to ItemLike)
Fabric 1.21.11 build	Build Fabric artifact	2026-08-18T15:23:50.9765817Z       method Ingredient.of(ItemLike...) is not applicable
Fabric 1.21.11 build	Build Fabric artifact	2026-08-18T15:23:50.9766515Z         (varargs mismatch; TagKey<Item> cannot be converted to ItemLike)
Fabric 1.21.11 build	Build Fabric artifact	2026-08-18T15:23:50.9767265Z       method Ingredient.of(Stream<? extends ItemLike>) is not applicable
Fabric 1.21.11 build	Build Fabric artifact	2026-08-18T15:23:50.9767987Z         (argument mismatch; TagKey<Item> cannot be converted to Stream<? extends ItemLike>)
Fabric 1.21.11 build	Build Fabric artifact	2026-08-18T15:23:50.9768724Z       method Ingredient.of(HolderSet<Item>) is not applicable
Fabric 1.21.11 build	Build Fabric artifact	2026-08-18T15:23:50.9769379Z         (argument mismatch; TagKey<Item> cannot be converted to HolderSet<Item>)
Fabric 1.21.11 build	Build Fabric artifact	2026-08-18T15:23:50.9770677Z   /home/runner/work/Redliner101/Redliner101/Common/src/main/java/at/petrak/hexcasting/datagen/recipe/HexplatRecipes.java:728: error: no suitable method found for of(TagKey<Item>)
Fabric 1.21.11 build	Build Fabric artifact	2026-08-18T15:23:50.9771949Z           return stick(category, out, count, Ingredient.of(input));
Fabric 1.21.11 build	Build Fabric artifact	2026-08-18T15:23:50.9772485Z                                                        ^
Fabric 1.21.11 build	Build Fabric artifact	2026-08-18T15:23:50.9772981Z       method Ingredient.of(ItemLike) is not applicable
Fabric 1.21.11 build	Build Fabric artifact	2026-08-18T15:23:50.9773588Z         (argument mismatch; TagKey<Item> cannot be converted to ItemLike)
Fabric 1.21.11 build	Build Fabric artifact	2026-08-18T15:23:50.9774216Z       method Ingredient.of(ItemLike...) is not applicable
Fabric 1.21.11 build	Build Fabric artifact	2026-08-18T15:23:50.9775004Z         (varargs mismatch; TagKey<Item> cannot be converted to ItemLike)
Fabric 1.21.11 build	Build Fabric artifact	2026-08-18T15:23:50.9775687Z       method Ingredient.of(Stream<? extends ItemLike>) is not applicable
Fabric 1.21.11 build	Build Fabric artifact	2026-08-18T15:23:50.9776478Z         (argument mismatch; TagKey<Item> cannot be converted to Stream<? extends ItemLike>)
Fabric 1.21.11 build	Build Fabric artifact	2026-08-18T15:23:50.9777263Z       method Ingredient.of(HolderSet<Item>) is not applicable
Fabric 1.21.11 build	Build Fabric artifact	2026-08-18T15:23:50.9777938Z         (argument mismatch; TagKey<Item> cannot be converted to HolderSet<Item>)
Fabric 1.21.11 build	Build Fabric artifact	2026-08-18T15:23:50.9779277Z   /home/runner/work/Redliner101/Redliner101/Common/src/main/java/at/petrak/hexcasting/datagen/recipe/HexplatRecipes.java:735: error: no suitable method found for shaped(RecipeCategory,ItemLike)
Fabric 1.21.11 build	Build Fabric artifact	2026-08-18T15:23:50.9780768Z           var pack = ShapedRecipeBuilder.shaped(category, compressed)
Fabric 1.21.11 build	Build Fabric artifact	2026-08-18T15:23:50.9781314Z                                         ^
Fabric 1.21.11 build	Build Fabric artifact	2026-08-18T15:23:50.9782060Z       method ShapedRecipeBuilder.shaped(HolderGetter<Item>,RecipeCategory,ItemLike) is not applicable
Fabric 1.21.11 build	Build Fabric artifact	2026-08-18T15:23:50.9782884Z         (actual and formal argument lists differ in length)
Fabric 1.21.11 build	Build Fabric artifact	2026-08-18T15:23:50.9783677Z       method ShapedRecipeBuilder.shaped(HolderGetter<Item>,RecipeCategory,ItemLike,int) is not applicable
Fabric 1.21.11 build	Build Fabric artifact	2026-08-18T15:23:50.9784521Z         (actual and formal argument lists differ in length)
Fabric 1.21.11 build	Build Fabric artifact	2026-08-18T15:23:50.9785870Z   /home/runner/work/Redliner101/Redliner101/Common/src/main/java/at/petrak/hexcasting/datagen/recipe/HexplatRecipes.java:744: error: no suitable method found for shapeless(RecipeCategory,ItemLike,int)
Fabric 1.21.11 build	Build Fabric artifact	2026-08-18T15:23:50.9787435Z           ShapelessRecipeBuilder.shapeless(category, free, largeSize ? 9 : 4)
Fabric 1.21.11 build	Build Fabric artifact	2026-08-18T15:23:50.9788048Z                                 ^
Fabric 1.21.11 build	Build Fabric artifact	2026-08-18T15:23:50.9788801Z       method ShapelessRecipeBuilder.shapeless(HolderGetter<Item>,RecipeCategory,ItemStack) is not applicable
Fabric 1.21.11 build	Build Fabric artifact	2026-08-18T15:23:50.9790087Z         (argument mismatch; RecipeCategory cannot be converted to HolderGetter<Item>)
Fabric 1.21.11 build	Build Fabric artifact	2026-08-18T15:23:50.9791109Z       method ShapelessRecipeBuilder.shapeless(HolderGetter<Item>,RecipeCategory,ItemLike) is not applicable
Fabric 1.21.11 build	Build Fabric artifact	2026-08-18T15:23:50.9792111Z         (argument mismatch; RecipeCategory cannot be converted to HolderGetter<Item>)
Fabric 1.21.11 build	Build Fabric artifact	2026-08-18T15:23:50.9793648Z   /home/runner/work/Redliner101/Redliner101/Common/src/main/java/at/petrak/hexcasting/datagen/recipe/HexplatRecipes.java:756: error: no suitable method found for of(@org.jetbrains.annotations.Nullable TagKey<Item>)
Fabric 1.21.11 build	Build Fabric artifact	2026-08-18T15:23:50.9794978Z           return item == null ? null : Ingredient.of(item);
Fabric 1.21.11 build	Build Fabric artifact	2026-08-18T15:23:50.9795473Z                                                  ^
Fabric 1.21.11 build	Build Fabric artifact	2026-08-18T15:23:50.9795940Z       method Ingredient.of(ItemLike) is not applicable
Fabric 1.21.11 build	Build Fabric artifact	2026-08-18T15:23:50.9796875Z         (argument mismatch; @org.jetbrains.annotations.Nullable TagKey<Item> cannot be converted to ItemLike)
Fabric 1.21.11 build	Build Fabric artifact	2026-08-18T15:23:50.9797608Z       method Ingredient.of(ItemLike...) is not applicable
Fabric 1.21.11 build	Build Fabric artifact	2026-08-18T15:23:50.9798359Z         (varargs mismatch; @org.jetbrains.annotations.Nullable TagKey<Item> cannot be converted to ItemLike)
Fabric 1.21.11 build	Build Fabric artifact	2026-08-18T15:23:50.9799214Z       method Ingredient.of(Stream<? extends ItemLike>) is not applicable
Fabric 1.21.11 build	Build Fabric artifact	2026-08-18T15:23:50.9800365Z         (argument mismatch; @org.jetbrains.annotations.Nullable TagKey<Item> cannot be converted to Stream<? extends ItemLike>)
Fabric 1.21.11 build	Build Fabric artifact	2026-08-18T15:23:50.9801307Z       method Ingredient.of(HolderSet<Item>) is not applicable
Fabric 1.21.11 build	Build Fabric artifact	2026-08-18T15:23:50.9802221Z         (argument mismatch; @org.jetbrains.annotations.Nullable TagKey<Item> cannot be converted to HolderSet<Item>)
Fabric 1.21.11 build	Build Fabric artifact	2026-08-18T15:23:50.9803869Z   /home/runner/work/Redliner101/Redliner101/Common/src/main/java/at/petrak/hexcasting/datagen/recipe/HexplatRecipes.java:771: error: no suitable method found for shapeless(RecipeCategory,Item)
Fabric 1.21.11 build	Build Fabric artifact	2026-08-18T15:23:50.9805318Z           ShapelessRecipeBuilder.shapeless(RecipeCategory.BUILDING_BLOCKS, bricks)
Fabric 1.21.11 build	Build Fabric artifact	2026-08-18T15:23:50.9805961Z                                 ^
Fabric 1.21.11 build	Build Fabric artifact	2026-08-18T15:23:50.9806761Z       method ShapelessRecipeBuilder.shapeless(HolderGetter<Item>,RecipeCategory,ItemStack) is not applicable
Fabric 1.21.11 build	Build Fabric artifact	2026-08-18T15:23:50.9807921Z         (actual and formal argument lists differ in length)
Fabric 1.21.11 build	Build Fabric artifact	2026-08-18T15:23:50.9808767Z       method ShapelessRecipeBuilder.shapeless(HolderGetter<Item>,RecipeCategory,ItemLike) is not applicable
Fabric 1.21.11 build	Build Fabric artifact	2026-08-18T15:23:50.9809847Z         (actual and formal argument lists differ in length)
Fabric 1.21.11 build	Build Fabric artifact	2026-08-18T15:23:50.9810756Z       method ShapelessRecipeBuilder.shapeless(HolderGetter<Item>,RecipeCategory,ItemLike,int) is not applicable
Fabric 1.21.11 build	Build Fabric artifact	2026-08-18T15:23:50.9811640Z         (actual and formal argument lists differ in length)
Fabric 1.21.11 build	Build Fabric artifact	2026-08-18T15:23:50.9812886Z   /home/runner/work/Redliner101/Redliner101/Common/src/main/java/at/petrak/hexcasting/datagen/recipe/HexplatRecipes.java:777: error: no suitable method found for shapeless(RecipeCategory,Item)
Fabric 1.21.11 build	Build Fabric artifact	2026-08-18T15:23:50.9814343Z           ShapelessRecipeBuilder.shapeless(RecipeCategory.BUILDING_BLOCKS, smallBricks)
Fabric 1.21.11 build	Build Fabric artifact	2026-08-18T15:23:50.9814998Z                                 ^
Fabric 1.21.11 build	Build Fabric artifact	2026-08-18T15:23:50.9815752Z       method ShapelessRecipeBuilder.shapeless(HolderGetter<Item>,RecipeCategory,ItemStack) is not applicable
Fabric 1.21.11 build	Build Fabric artifact	2026-08-18T15:23:50.9816594Z         (actual and formal argument lists differ in length)
Fabric 1.21.11 build	Build Fabric artifact	2026-08-18T15:23:50.9817386Z       method ShapelessRecipeBuilder.shapeless(HolderGetter<Item>,RecipeCategory,ItemLike) is not applicable
Fabric 1.21.11 build	Build Fabric artifact	2026-08-18T15:23:50.9818231Z         (actual and formal argument lists differ in length)
Fabric 1.21.11 build	Build Fabric artifact	2026-08-18T15:23:50.9819076Z       method ShapelessRecipeBuilder.shapeless(HolderGetter<Item>,RecipeCategory,ItemLike,int) is not applicable
Fabric 1.21.11 build	Build Fabric artifact	2026-08-18T15:23:50.9820269Z         (actual and formal argument lists differ in length)
Fabric 1.21.11 build	Build Fabric artifact	2026-08-18T15:23:50.9821506Z   /home/runner/work/Redliner101/Redliner101/Common/src/main/java/at/petrak/hexcasting/datagen/recipe/HexplatRecipes.java:804: error: no suitable method found for of(TagKey<Item>)
Fabric 1.21.11 build	Build Fabric artifact	2026-08-18T15:23:50.9823034Z               SingleItemRecipeBuilder.stonecutting(Ingredient.of(tagKey), RecipeCategory.BUILDING_BLOCKS, result)
Fabric 1.21.11 build	Build Fabric artifact	2026-08-18T15:23:50.9823973Z                                                              ^
Fabric 1.21.11 build	Build Fabric artifact	2026-08-18T15:23:50.9824484Z       method Ingredient.of(ItemLike) is not applicable
Fabric 1.21.11 build	Build Fabric artifact	2026-08-18T15:23:50.9825085Z         (argument mismatch; TagKey<Item> cannot be converted to ItemLike)
Fabric 1.21.11 build	Build Fabric artifact	2026-08-18T15:23:50.9825705Z       method Ingredient.of(ItemLike...) is not applicable
Fabric 1.21.11 build	Build Fabric artifact	2026-08-18T15:23:50.9826306Z         (varargs mismatch; TagKey<Item> cannot be converted to ItemLike)
Fabric 1.21.11 build	Build Fabric artifact	2026-08-18T15:23:50.9826977Z       method Ingredient.of(Stream<? extends ItemLike>) is not applicable
Fabric 1.21.11 build	Build Fabric artifact	2026-08-18T15:23:50.9827727Z         (argument mismatch; TagKey<Item> cannot be converted to Stream<? extends ItemLike>)
Fabric 1.21.11 build	Build Fabric artifact	2026-08-18T15:23:50.9828436Z       method Ingredient.of(HolderSet<Item>) is not applicable
Fabric 1.21.11 build	Build Fabric artifact	2026-08-18T15:23:50.9829336Z         (argument mismatch; TagKey<Item> cannot be converted to HolderSet<Item>)
Fabric 1.21.11 build	Build Fabric artifact	2026-08-18T15:23:50.9830713Z   /home/runner/work/Redliner101/Redliner101/Common/src/main/java/at/petrak/hexcasting/datagen/recipe/builders/CreateCrushingRecipeBuilder.java:50: error: no suitable method found for of(ItemStack)
Fabric 1.21.11 build	Build Fabric artifact	2026-08-18T15:23:50.9831931Z           return withInput(Ingredient.of(stack));
Fabric 1.21.11 build	Build Fabric artifact	2026-08-18T15:23:50.9832343Z                                      ^
Fabric 1.21.11 build	Build Fabric artifact	2026-08-18T15:23:50.9832768Z       method Ingredient.of(ItemLike) is not applicable
Fabric 1.21.11 build	Build Fabric artifact	2026-08-18T15:23:50.9833347Z         (argument mismatch; ItemStack cannot be converted to ItemLike)
Fabric 1.21.11 build	Build Fabric artifact	2026-08-18T15:23:50.9833957Z       method Ingredient.of(ItemLike...) is not applicable
Fabric 1.21.11 build	Build Fabric artifact	2026-08-18T15:23:50.9834545Z         (varargs mismatch; ItemStack cannot be converted to ItemLike)
Fabric 1.21.11 build	Build Fabric artifact	2026-08-18T15:23:50.9835191Z       method Ingredient.of(Stream<? extends ItemLike>) is not applicable
Fabric 1.21.11 build	Build Fabric artifact	2026-08-18T15:23:50.9835936Z         (argument mismatch; ItemStack cannot be converted to Stream<? extends ItemLike>)
Fabric 1.21.11 build	Build Fabric artifact	2026-08-18T15:23:50.9836637Z       method Ingredient.of(HolderSet<Item>) is not applicable
Fabric 1.21.11 build	Build Fabric artifact	2026-08-18T15:23:50.9837284Z         (argument mismatch; ItemStack cannot be converted to HolderSet<Item>)
Fabric 1.21.11 build	Build Fabric artifact	2026-08-18T15:23:50.9838917Z   /home/runner/work/Redliner101/Redliner101/Common/src/main/java/at/petrak/hexcasting/datagen/recipe/builders/FarmersDelightCuttingRecipeBuilder.java:47: error: no suitable method found for of(ItemStack)
Fabric 1.21.11 build	Build Fabric artifact	2026-08-18T15:23:50.9840363Z           return withInput(Ingredient.of(stack));
Fabric 1.21.11 build	Build Fabric artifact	2026-08-18T15:23:50.9840805Z                                      ^
Fabric 1.21.11 build	Build Fabric artifact	2026-08-18T15:23:50.9841263Z       method Ingredient.of(ItemLike) is not applicable
Fabric 1.21.11 build	Build Fabric artifact	2026-08-18T15:23:50.9841832Z         (argument mismatch; ItemStack cannot be converted to ItemLike)
Fabric 1.21.11 build	Build Fabric artifact	2026-08-18T15:23:50.9842377Z       method Ingredient.of(ItemLike...) is not applicable
Fabric 1.21.11 build	Build Fabric artifact	2026-08-18T15:23:50.9842932Z         (varargs mismatch; ItemStack cannot be converted to ItemLike)
Fabric 1.21.11 build	Build Fabric artifact	2026-08-18T15:23:50.9843585Z       method Ingredient.of(Stream<? extends ItemLike>) is not applicable
Fabric 1.21.11 build	Build Fabric artifact	2026-08-18T15:23:50.9844325Z         (argument mismatch; ItemStack cannot be converted to Stream<? extends ItemLike>)
Fabric 1.21.11 build	Build Fabric artifact	2026-08-18T15:23:50.9845035Z       method Ingredient.of(HolderSet<Item>) is not applicable
Fabric 1.21.11 build	Build Fabric artifact	2026-08-18T15:23:50.9845664Z         (argument mismatch; ItemStack cannot be converted to HolderSet<Item>)
Fabric 1.21.11 build	Build Fabric artifact	2026-08-18T15:23:50.9846274Z   Note: Recompile with -Xlint:deprecation for details.
Fabric 1.21.11 build	Build Fabric artifact	2026-08-18T15:23:50.9847346Z   /home/runner/work/Redliner101/Redliner101/Common/src/main/java/at/petrak/hexcasting/common/lib/hex/HexActions.java:278: error: invalid method reference
Fabric 1.21.11 build	Build Fabric artifact	2026-08-18T15:23:50.9848962Z           new OpMakePackagedSpell(s -> (s.is(HexItems.CYPHER)||s.is(HexItems.ANCIENT_CYPHER)), HexItems.CYPHER::getDescription, MediaConstants.CRYSTAL_UNIT)
Fabric 1.21.11 build	Build Fabric artifact	2026-08-18T15:23:50.9850328Z                                                                                                ^
Fabric 1.21.11 build	Build Fabric artifact	2026-08-18T15:23:50.9850809Z     cannot find symbol
Fabric 1.21.11 build	Build Fabric artifact	2026-08-18T15:23:50.9851168Z       symbol:   method getDescription()
Fabric 1.21.11 build	Build Fabric artifact	2026-08-18T15:23:50.9851602Z       location: class ItemCypher
Fabric 1.21.11 build	Build Fabric artifact	2026-08-18T15:23:50.9852531Z   /home/runner/work/Redliner101/Redliner101/Common/src/main/java/at/petrak/hexcasting/common/lib/HexItems.java:191: error: invalid method reference
Fabric 1.21.11 build	Build Fabric artifact	2026-08-18T15:23:50.9853633Z           keyList.sort(Comparator.comparing(ResourceKey::location));
Fabric 1.21.11 build	Build Fabric artifact	2026-08-18T15:23:50.9854133Z                                             ^
Fabric 1.21.11 build	Build Fabric artifact	2026-08-18T15:23:50.9854525Z     cannot find symbol
Fabric 1.21.11 build	Build Fabric artifact	2026-08-18T15:23:50.9854864Z       symbol:   method location()
Fabric 1.21.11 build	Build Fabric artifact	2026-08-18T15:23:50.9855240Z       location: class ResourceKey
Fabric 1.21.11 build	Build Fabric artifact	2026-08-18T15:23:50.9856261Z   /home/runner/work/Redliner101/Redliner101/Common/src/main/java/at/petrak/hexcasting/interop/utils/PatternDrawingUtil.java:28: error: invalid method reference
Fabric 1.21.11 build	Build Fabric artifact	2026-08-18T15:23:50.9857685Z           RenderSystem.setShader(GameRenderer::getPositionColorShader);
Fabric 1.21.11 build	Build Fabric artifact	2026-08-18T15:23:50.9858490Z                                  ^
Fabric 1.21.11 build	Build Fabric artifact	2026-08-18T15:23:50.9858864Z     cannot find symbol
Fabric 1.21.11 build	Build Fabric artifact	2026-08-18T15:23:50.9859252Z       symbol:   method getPositionColorShader()
Fabric 1.21.11 build	Build Fabric artifact	2026-08-18T15:23:50.9859876Z       location: class GameRenderer
Fabric 1.21.11 build	Build Fabric artifact	2026-08-18T15:23:50.9860817Z   /home/runner/work/Redliner101/Redliner101/Common/src/main/java/at/petrak/hexcasting/client/RegisterClientStuff.java:292: error: cannot find symbol
Fabric 1.21.11 build	Build Fabric artifact	2026-08-18T15:23:50.9862082Z       public static void onModelBake(ModelBakery loader, Map<Identifier, BlockStateModel> map) {
Fabric 1.21.11 build	Build Fabric artifact	2026-08-18T15:23:50.9862744Z                                      ^
Fabric 1.21.11 build	Build Fabric artifact	2026-08-18T15:23:50.9863133Z     symbol:   class ModelBakery
Fabric 1.21.11 build	Build Fabric artifact	2026-08-18T15:23:50.9863525Z     location: class RegisterClientStuff
Fabric 1.21.11 build	Build Fabric artifact	2026-08-18T15:23:50.9864496Z   /home/runner/work/Redliner101/Redliner101/Common/src/main/java/at/petrak/hexcasting/common/blocks/BlockConjuredLight.java:66: error: cannot find symbol
Fabric 1.21.11 build	Build Fabric artifact	2026-08-18T15:23:50.9865627Z           @Nonnull BlockState facingState, @Nonnull RandomSource random) {
Fabric 1.21.11 build	Build Fabric artifact	2026-08-18T15:23:50.9866201Z                                                     ^
Fabric 1.21.11 build	Build Fabric artifact	2026-08-18T15:23:50.9866603Z     symbol:   class RandomSource
Fabric 1.21.11 build	Build Fabric artifact	2026-08-18T15:23:50.9867010Z     location: class BlockConjuredLight
Fabric 1.21.11 build	Build Fabric artifact	2026-08-18T15:23:50.9867989Z   /home/runner/work/Redliner101/Redliner101/Common/src/main/java/at/petrak/hexcasting/common/blocks/circles/BlockSlate.java:207: error: cannot find symbol
Fabric 1.21.11 build	Build Fabric artifact	2026-08-18T15:23:50.9869358Z           BlockPos pCurrentPos, Direction pFacing, BlockPos pFacingPos, BlockState pFacingState, RandomSource pRandom) {
Fabric 1.21.11 build	Build Fabric artifact	2026-08-18T15:23:50.9870285Z                                                                                                  ^
Fabric 1.21.11 build	Build Fabric artifact	2026-08-18T15:23:50.9870788Z     symbol:   class RandomSource
Fabric 1.21.11 build	Build Fabric artifact	2026-08-18T15:23:50.9871135Z     location: class BlockSlate
Fabric 1.21.11 build	Build Fabric artifact	2026-08-18T15:23:50.9871995Z   /home/runner/work/Redliner101/Redliner101/Common/src/main/java/at/petrak/hexcasting/common/lib/HexFeatureConfigs.java:5: error: cannot find symbol
Fabric 1.21.11 build	Build Fabric artifact	2026-08-18T15:23:50.9873117Z   import net.minecraft.util.random.SimpleWeightedRandomList;
Fabric 1.21.11 build	Build Fabric artifact	2026-08-18T15:23:50.9873667Z                                   ^
Fabric 1.21.11 build	Build Fabric artifact	2026-08-18T15:23:50.9874069Z     symbol:   class SimpleWeightedRandomList
Fabric 1.21.11 build	Build Fabric artifact	2026-08-18T15:23:50.9874549Z     location: package net.minecraft.util.random
Fabric 1.21.11 build	Build Fabric artifact	2026-08-18T15:23:50.9875684Z   /home/runner/work/Redliner101/Redliner101/Common/src/main/java/at/petrak/hexcasting/datagen/recipe/builders/CompatIngredientValue.java:12: error: cannot find symbol
Fabric 1.21.11 build	Build Fabric artifact	2026-08-18T15:23:50.9876884Z   public class CompatIngredientValue implements Ingredient.Value {
Fabric 1.21.11 build	Build Fabric artifact	2026-08-18T15:23:50.9877420Z                                                           ^
Fabric 1.21.11 build	Build Fabric artifact	2026-08-18T15:23:50.9877843Z     symbol:   class Value
Fabric 1.21.11 build	Build Fabric artifact	2026-08-18T15:23:50.9878192Z     location: class Ingredient
Fabric 1.21.11 build	Build Fabric artifact	2026-08-18T15:23:50.9879110Z   /home/runner/work/Redliner101/Redliner101/Common/src/main/java/at/petrak/hexcasting/datagen/tag/HexItemTagProvider.java:9: error: cannot find symbol
Fabric 1.21.11 build	Build Fabric artifact	2026-08-18T15:23:50.9880528Z   import net.minecraft.data.tags.ItemTagsProvider;
Fabric 1.21.11 build	Build Fabric artifact	2026-08-18T15:23:50.9881011Z                                 ^
Fabric 1.21.11 build	Build Fabric artifact	2026-08-18T15:23:50.9881465Z     symbol:   class ItemTagsProvider
Fabric 1.21.11 build	Build Fabric artifact	2026-08-18T15:23:50.9881910Z     location: package net.minecraft.data.tags
Fabric 1.21.11 build	Build Fabric artifact	2026-08-18T15:23:50.9882930Z   /home/runner/work/Redliner101/Redliner101/Common/src/main/java/at/petrak/hexcasting/datagen/tag/HexItemTagProvider.java:21: error: cannot find symbol
Fabric 1.21.11 build	Build Fabric artifact	2026-08-18T15:23:50.9884487Z       public HexItemTagProvider(PackOutput output, CompletableFuture<HolderLookup.Provider> lookup, CompletableFuture<TagLookup<Block>> pBlockTagsProvider, IXplatTags xtags) {
Fabric 1.21.11 build	Build Fabric artifact	2026-08-18T15:23:50.9885679Z                                                                                                                       ^
Fabric 1.21.11 build	Build Fabric artifact	2026-08-18T15:23:50.9886217Z     symbol:   class TagLookup
Fabric 1.21.11 build	Build Fabric artifact	2026-08-18T15:23:50.9886608Z     location: class HexItemTagProvider
Fabric 1.21.11 build	Build Fabric artifact	2026-08-18T15:23:50.9887616Z   /home/runner/work/Redliner101/Redliner101/Common/src/main/java/at/petrak/hexcasting/datagen/tag/HexItemTagProvider.java:73: error: cannot find symbol
Fabric 1.21.11 build	Build Fabric artifact	2026-08-18T15:23:50.9889006Z       void add(TagAppender<Item> appender, Item... items) {
Fabric 1.21.11 build	Build Fabric artifact	2026-08-18T15:23:50.9889487Z                ^
Fabric 1.21.11 build	Build Fabric artifact	2026-08-18T15:23:50.9889994Z     symbol:   class TagAppender
Fabric 1.21.11 build	Build Fabric artifact	2026-08-18T15:23:50.9890403Z     location: class HexItemTagProvider
Fabric 1.21.11 build	Build Fabric artifact	2026-08-18T15:23:50.9891421Z   /home/runner/work/Redliner101/Redliner101/Common/src/main/java/at/petrak/hexcasting/datagen/tag/HexBlockTagProvider.java:147: error: cannot find symbol
Fabric 1.21.11 build	Build Fabric artifact	2026-08-18T15:23:50.9891725Z       void add(TagsProvider.TagAppender<Block> appender, Block... blocks) {
Fabric 1.21.11 build	Build Fabric artifact	2026-08-18T15:23:50.9891858Z                            ^
Fabric 1.21.11 build	Build Fabric artifact	2026-08-18T15:23:50.9892001Z     symbol:   class TagAppender
Fabric 1.21.11 build	Build Fabric artifact	2026-08-18T15:23:50.9892156Z     location: class TagsProvider
Fabric 1.21.11 build	Build Fabric artifact	2026-08-18T15:23:50.9892874Z   /home/runner/work/Redliner101/Redliner101/Common/src/main/java/at/petrak/hexcasting/common/lib/HexFeatureConfigs.java:35: error: cannot find symbol
Fabric 1.21.11 build	Build Fabric artifact	2026-08-18T15:23:50.9893116Z                           SimpleWeightedRandomList.<BlockState>builder()
Fabric 1.21.11 build	Build Fabric artifact	2026-08-18T15:23:50.9893245Z                           ^
Fabric 1.21.11 build	Build Fabric artifact	2026-08-18T15:23:50.9893444Z     symbol:   variable SimpleWeightedRandomList
Fabric 1.21.11 build	Build Fabric artifact	2026-08-18T15:23:50.9893594Z     location: class HexFeatureConfigs
Fabric 1.21.11 build	Build Fabric artifact	2026-08-18T15:23:50.9894291Z   /home/runner/work/Redliner101/Redliner101/Common/src/main/java/at/petrak/hexcasting/common/lib/hex/HexActions.java:308: error: cannot find symbol
Fabric 1.21.11 build	Build Fabric artifact	2026-08-18T15:23:50.9894963Z           HexPattern.fromAngles("qqqqqadwawaw", HexDir.SOUTH_EAST), new OpPotionEffect(MobEffects.MOVEMENT_SLOWDOWN,
Fabric 1.21.11 build	Build Fabric artifact	2026-08-18T15:23:50.9895194Z                                                                                                  ^
Fabric 1.21.11 build	Build Fabric artifact	2026-08-18T15:23:50.9895365Z     symbol:   variable MOVEMENT_SLOWDOWN
Fabric 1.21.11 build	Build Fabric artifact	2026-08-18T15:23:50.9895509Z     location: class MobEffects
Fabric 1.21.11 build	Build Fabric artifact	2026-08-18T15:23:50.9896226Z   /home/runner/work/Redliner101/Redliner101/Common/src/main/java/at/petrak/hexcasting/common/lib/hex/HexActions.java:325: error: cannot find symbol
Fabric 1.21.11 build	Build Fabric artifact	2026-08-18T15:23:50.9896712Z           HexPattern.fromAngles("qaawawaeqqqdd", HexDir.SOUTH_EAST), new OpPotionEffect(MobEffects.DIG_SPEED,
Fabric 1.21.11 build	Build Fabric artifact	2026-08-18T15:23:50.9896941Z                                                                                                   ^
Fabric 1.21.11 build	Build Fabric artifact	2026-08-18T15:23:50.9897086Z     symbol:   variable DIG_SPEED
Fabric 1.21.11 build	Build Fabric artifact	2026-08-18T15:23:50.9897236Z     location: class MobEffects
Fabric 1.21.11 build	Build Fabric artifact	2026-08-18T15:23:50.9897917Z   /home/runner/work/Redliner101/Redliner101/Common/src/main/java/at/petrak/hexcasting/common/lib/hex/HexActions.java:329: error: cannot find symbol
Fabric 1.21.11 build	Build Fabric artifact	2026-08-18T15:23:50.9898379Z           HexPattern.fromAngles("aawawaeqqqqdd", HexDir.EAST), new OpPotionEffect(MobEffects.DAMAGE_BOOST,
Fabric 1.21.11 build	Build Fabric artifact	2026-08-18T15:23:50.9898567Z                                                                                             ^
Fabric 1.21.11 build	Build Fabric artifact	2026-08-18T15:23:50.9898714Z     symbol:   variable DAMAGE_BOOST
Fabric 1.21.11 build	Build Fabric artifact	2026-08-18T15:23:50.9898853Z     location: class MobEffects
Fabric 1.21.11 build	Build Fabric artifact	2026-08-18T15:23:50.9899791Z   /home/runner/work/Redliner101/Redliner101/Common/src/main/java/at/petrak/hexcasting/interop/patchouli/MultiCraftingProcessor.java:77: error: cannot find symbol
Fabric 1.21.11 build	Build Fabric artifact	2026-08-18T15:23:50.9899997Z                           ingredients.add(Ingredient.EMPTY);
Fabric 1.21.11 build	Build Fabric artifact	2026-08-18T15:23:50.9900132Z                                                     ^
Fabric 1.21.11 build	Build Fabric artifact	2026-08-18T15:23:50.9900270Z     symbol:   variable EMPTY
Fabric 1.21.11 build	Build Fabric artifact	2026-08-18T15:23:50.9900384Z     location: class Ingredient
Fabric 1.21.11 build	Build Fabric artifact	2026-08-18T15:23:50.9900861Z   /home/runner/work/Redliner101/Redliner101/Common/src/main/java/at/petrak/hexcasting/interop/patchouli/MultiCraftingProcessor.java:81: error: cannot find symbol
Fabric 1.21.11 build	Build Fabric artifact	2026-08-18T15:23:50.9901102Z                           ingredients.add(list.size() > realIndex ? list.get(realIndex) : Ingredient.EMPTY);
Fabric 1.21.11 build	Build Fabric artifact	2026-08-18T15:23:50.9901252Z                                                                                                     ^
Fabric 1.21.11 build	Build Fabric artifact	2026-08-18T15:23:50.9901342Z     symbol:   variable EMPTY
Fabric 1.21.11 build	Build Fabric artifact	2026-08-18T15:23:50.9901440Z     location: class Ingredient
Fabric 1.21.11 build	Build Fabric artifact	2026-08-18T15:23:50.9901908Z   /home/runner/work/Redliner101/Redliner101/Common/src/main/java/at/petrak/hexcasting/interop/patchouli/MultiCraftingProcessor.java:86: error: cannot find symbol
Fabric 1.21.11 build	Build Fabric artifact	2026-08-18T15:23:50.9902248Z                       ingredients.add(list.size() > index ? list.get(index) : Ingredient.EMPTY);
Fabric 1.21.11 build	Build Fabric artifact	2026-08-18T15:23:50.9902382Z                                                                                         ^
Fabric 1.21.11 build	Build Fabric artifact	2026-08-18T15:23:50.9902475Z     symbol:   variable EMPTY
Fabric 1.21.11 build	Build Fabric artifact	2026-08-18T15:23:50.9902569Z     location: class Ingredient
Fabric 1.21.11 build	Build Fabric artifact	2026-08-18T15:23:50.9903007Z   /home/runner/work/Redliner101/Redliner101/Common/src/main/java/at/petrak/hexcasting/interop/inline/InlinePatternData.java:47: error: cannot find symbol
Fabric 1.21.11 build	Build Fabric artifact	2026-08-18T15:23:50.9903314Z           HoverEvent he = new HoverEvent(HoverEvent.Action.SHOW_ITEM, new HoverEvent.ItemStackInfo(scrollStack));
Fabric 1.21.11 build	Build Fabric artifact	2026-08-18T15:23:50.9903439Z                                                                                     ^
Fabric 1.21.11 build	Build Fabric artifact	2026-08-18T15:23:50.9903543Z     symbol:   class ItemStackInfo
Fabric 1.21.11 build	Build Fabric artifact	2026-08-18T15:23:50.9903639Z     location: interface HoverEvent
Fabric 1.21.11 build	Build Fabric artifact	2026-08-18T15:23:50.9904039Z   /home/runner/work/Redliner101/Redliner101/Common/src/main/java/at/petrak/hexcasting/datagen/HexLootTables.java:77: error: cannot find symbol
Fabric 1.21.11 build	Build Fabric artifact	2026-08-18T15:23:50.9904335Z                   .apply(CopyComponentsFunction.copyComponents(CopyComponentsFunction.Source.BLOCK_ENTITY)
Fabric 1.21.11 build	Build Fabric artifact	2026-08-18T15:23:50.9904537Z                                                                                      ^
Fabric 1.21.11 build	Build Fabric artifact	2026-08-18T15:23:50.9904635Z     symbol:   variable Source
Fabric 1.21.11 build	Build Fabric artifact	2026-08-18T15:23:50.9904748Z     location: class CopyComponentsFunction
Fabric 1.21.11 build	Build Fabric artifact	2026-08-18T15:23:50.9905153Z   /home/runner/work/Redliner101/Redliner101/Common/src/main/java/at/petrak/hexcasting/datagen/HexLootTables.java:90: error: cannot find symbol
Fabric 1.21.11 build	Build Fabric artifact	2026-08-18T15:23:50.9905276Z                       ItemSubPredicates.ENCHANTMENTS,
Fabric 1.21.11 build	Build Fabric artifact	2026-08-18T15:23:50.9905364Z                       ^
Fabric 1.21.11 build	Build Fabric artifact	2026-08-18T15:23:50.9905467Z     symbol:   variable ItemSubPredicates
Fabric 1.21.11 build	Build Fabric artifact	2026-08-18T15:23:50.9905568Z     location: class HexLootTables
Fabric 1.21.11 build	Build Fabric artifact	2026-08-18T15:23:50.9905967Z   /home/runner/work/Redliner101/Redliner101/Common/src/main/java/at/petrak/hexcasting/datagen/HexLootTables.java:91: error: cannot find symbol
Fabric 1.21.11 build	Build Fabric artifact	2026-08-18T15:23:50.9906114Z                       ItemEnchantmentsPredicate.enchantments(
Fabric 1.21.11 build	Build Fabric artifact	2026-08-18T15:23:50.9906199Z                       ^
Fabric 1.21.11 build	Build Fabric artifact	2026-08-18T15:23:50.9906330Z     symbol:   variable ItemEnchantmentsPredicate
Fabric 1.21.11 build	Build Fabric artifact	2026-08-18T15:23:50.9906423Z     location: class HexLootTables
Fabric 1.21.11 build	Build Fabric artifact	2026-08-18T15:23:50.9906834Z   /home/runner/work/Redliner101/Redliner101/Common/src/main/java/at/petrak/hexcasting/datagen/HexLootTables.java:153: error: cannot find symbol
Fabric 1.21.11 build	Build Fabric artifact	2026-08-18T15:23:50.9906963Z                                   ItemSubPredicates.ENCHANTMENTS,
Fabric 1.21.11 build	Build Fabric artifact	2026-08-18T15:23:50.9907053Z                                   ^
Fabric 1.21.11 build	Build Fabric artifact	2026-08-18T15:23:50.9907153Z     symbol:   variable ItemSubPredicates
Fabric 1.21.11 build	Build Fabric artifact	2026-08-18T15:23:50.9907247Z     location: class HexLootTables
Fabric 1.21.11 build	Build Fabric artifact	2026-08-18T15:23:50.9907652Z   /home/runner/work/Redliner101/Redliner101/Common/src/main/java/at/petrak/hexcasting/datagen/HexLootTables.java:154: error: cannot find symbol
Fabric 1.21.11 build	Build Fabric artifact	2026-08-18T15:23:50.9907804Z                                   ItemEnchantmentsPredicate.enchantments(
Fabric 1.21.11 build	Build Fabric artifact	2026-08-18T15:23:50.9907895Z                                   ^
Fabric 1.21.11 build	Build Fabric artifact	2026-08-18T15:23:50.9908015Z     symbol:   variable ItemEnchantmentsPredicate
Fabric 1.21.11 build	Build Fabric artifact	2026-08-18T15:23:50.9908116Z     location: class HexLootTables
Fabric 1.21.11 build	Build Fabric artifact	2026-08-18T15:23:50.9908587Z   /home/runner/work/Redliner101/Redliner101/Common/src/main/java/at/petrak/hexcasting/api/casting/eval/env/PlayerBasedMishapEnv.java:61: error: cannot find symbol
Fabric 1.21.11 build	Build Fabric artifact	2026-08-18T15:23:50.9908805Z           this.caster.addEffect(new MobEffectInstance(MobEffects.CONFUSION, ticks));
Fabric 1.21.11 build	Build Fabric artifact	2026-08-18T15:23:50.9908912Z                                                                 ^
Fabric 1.21.11 build	Build Fabric artifact	2026-08-18T15:23:50.9909012Z     symbol:   variable CONFUSION
Fabric 1.21.11 build	Build Fabric artifact	2026-08-18T15:23:50.9909100Z     location: class MobEffects
Fabric 1.21.11 build	Build Fabric artifact	2026-08-18T15:23:50.9909534Z   /home/runner/work/Redliner101/Redliner101/Common/src/main/java/at/petrak/hexcasting/server/ScrungledPatternsSave.java:121: error: cannot find symbol
Fabric 1.21.11 build	Build Fabric artifact	2026-08-18T15:23:50.9910823Z               new SavedData.Factory<>(
Fabric 1.21.11 build	Build Fabric artifact	2026-08-18T15:23:50.9910952Z                            ^
Fabric 1.21.11 build	Build Fabric artifact	2026-08-18T15:23:50.9911093Z     symbol:   class Factory
Fabric 1.21.11 build	Build Fabric artifact	2026-08-18T15:23:50.9911217Z     location: class SavedData
Fabric 1.21.11 build	Build Fabric artifact	2026-08-18T15:23:50.9912239Z   /home/runner/work/Redliner101/Redliner101/Common/src/main/java/at/petrak/hexcasting/api/advancements/MinMaxLongs.java:16: error: <T>createCodec(Codec<T>) is not public in Bounds; cannot be accessed from outside package
Fabric 1.21.11 build	Build Fabric artifact	2026-08-18T15:23:50.9912464Z               MinMaxBounds.Bounds.createCodec(Codec.LONG)
Fabric 1.21.11 build	Build Fabric artifact	2026-08-18T15:23:50.9912586Z                                  ^
Fabric 1.21.11 build	Build Fabric artifact	2026-08-18T15:23:50.9912711Z     where T is a type-variable:
Fabric 1.21.11 build	Build Fabric artifact	2026-08-18T15:23:50.9913071Z       T extends Number,Comparable<T> declared in method <T>createCodec(Codec<T>)
Fabric 1.21.11 build	Build Fabric artifact	2026-08-18T15:23:50.9913241Z   Note: Recompile with -Xlint:unchecked for details.
Fabric 1.21.11 build	Build Fabric artifact	2026-08-18T15:23:50.9913393Z   Note: Some input files use or override a deprecated API.
Fabric 1.21.11 build	Build Fabric artifact	2026-08-18T15:23:50.9913966Z   /home/runner/work/Redliner101/Redliner101/Common/src/main/java/at/petrak/hexcasting/common/blocks/BlockConjured.java:88: error: method does not override or implement a method from a supertype
Fabric 1.21.11 build	Build Fabric artifact	2026-08-18T15:23:50.9914056Z       @Override
Fabric 1.21.11 build	Build Fabric artifact	2026-08-18T15:23:50.9914295Z       ^
Fabric 1.21.11 build	Build Fabric artifact	2026-08-18T15:23:50.9915152Z   /home/runner/work/Redliner101/Redliner101/Common/src/main/java/at/petrak/hexcasting/common/blocks/akashic/BlockAkashicBookshelf.java:102: error: method does not override or implement a method from a supertype
Fabric 1.21.11 build	Build Fabric artifact	2026-08-18T15:23:50.9915279Z       @Override
Fabric 1.21.11 build	Build Fabric artifact	2026-08-18T15:23:50.9915380Z       ^
Fabric 1.21.11 build	Build Fabric artifact	2026-08-18T15:23:50.9916287Z   /home/runner/work/Redliner101/Redliner101/Common/src/main/java/at/petrak/hexcasting/common/blocks/circles/BlockSlate.java:62: error: method does not override or implement a method from a supertype
Fabric 1.21.11 build	Build Fabric artifact	2026-08-18T15:23:50.9916405Z       @Override
Fabric 1.21.11 build	Build Fabric artifact	2026-08-18T15:23:50.9916510Z       ^
Fabric 1.21.11 build	Build Fabric artifact	2026-08-18T15:23:50.9917348Z   /home/runner/work/Redliner101/Redliner101/Common/src/main/java/at/petrak/hexcasting/datagen/recipe/HexplatRecipes.java:85: error: method does not override or implement a method from a supertype
Fabric 1.21.11 build	Build Fabric artifact	2026-08-18T15:23:50.9917471Z       @Override
Fabric 1.21.11 build	Build Fabric artifact	2026-08-18T15:23:50.9917561Z       ^
Fabric 1.21.11 build	Build Fabric artifact	2026-08-18T15:23:50.9918587Z   /home/runner/work/Redliner101/Redliner101/Common/src/main/java/at/petrak/hexcasting/datagen/recipe/builders/CreateCrushingRecipeBuilder.java:101: error: method does not override or implement a method from a supertype
Fabric 1.21.11 build	Build Fabric artifact	2026-08-18T15:23:50.9918698Z       @Override
Fabric 1.21.11 build	Build Fabric artifact	2026-08-18T15:23:50.9918802Z       ^
Fabric 1.21.11 build	Build Fabric artifact	2026-08-18T15:23:50.9920059Z   /home/runner/work/Redliner101/Redliner101/Common/src/main/java/at/petrak/hexcasting/datagen/recipe/builders/FarmersDelightCuttingRecipeBuilder.java:103: error: method does not override or implement a method from a supertype
Fabric 1.21.11 build	Build Fabric artifact	2026-08-18T15:23:50.9920215Z       @Override
Fabric 1.21.11 build	Build Fabric artifact	2026-08-18T15:23:50.9920339Z       ^
Fabric 1.21.11 build	Build Fabric artifact	2026-08-18T15:23:50.9921424Z   /home/runner/work/Redliner101/Redliner101/Common/src/main/java/at/petrak/hexcasting/datagen/recipe/builders/BrainsweepRecipeBuilder.java:53: error: method does not override or implement a method from a supertype
Fabric 1.21.11 build	Build Fabric artifact	2026-08-18T15:23:50.9921564Z   	@Override
Fabric 1.21.11 build	Build Fabric artifact	2026-08-18T15:23:50.9921667Z   	^
Fabric 1.21.11 build	Build Fabric artifact	2026-08-18T15:23:50.9922616Z   /home/runner/work/Redliner101/Redliner101/Common/src/main/java/at/petrak/hexcasting/datagen/tag/HexItemTagProvider.java:26: error: method does not override or implement a method from a supertype
Fabric 1.21.11 build	Build Fabric artifact	2026-08-18T15:23:50.9922718Z       @Override
Fabric 1.21.11 build	Build Fabric artifact	2026-08-18T15:23:50.9922818Z       ^
Fabric 1.21.11 build	Build Fabric artifact	2026-08-18T15:23:50.9923765Z   /home/runner/work/Redliner101/Redliner101/Common/src/main/java/at/petrak/hexcasting/server/ScrungledPatternsSave.java:65: error: method does not override or implement a method from a supertype
Fabric 1.21.11 build	Build Fabric artifact	2026-08-18T15:23:50.9923896Z       @Override
Fabric 1.21.11 build	Build Fabric artifact	2026-08-18T15:23:50.9923998Z       ^
Fabric 1.21.11 build	Build Fabric artifact	2026-08-18T15:23:50.9924240Z   Note: Some input files use unchecked or unsafe operations.
Fabric 1.21.11 build	Build Fabric artifact	2026-08-18T15:23:50.9924956Z   /home/runner/work/Redliner101/Redliner101/Common/src/main/java/at/petrak/hexcasting/common/msgs/MsgNewSpellPatternS2C.java:41: error: cannot find symbol
Fabric 1.21.11 build	Build Fabric artifact	2026-08-18T15:23:50.9925521Z                       mc.getSoundManager().stop(HexSounds.CASTING_AMBIANCE.getLocation(), null);
Fabric 1.21.11 build	Build Fabric artifact	2026-08-18T15:23:50.9925710Z                                                                           ^
Fabric 1.21.11 build	Build Fabric artifact	2026-08-18T15:23:50.9925856Z     symbol:   method getLocation()
Fabric 1.21.11 build	Build Fabric artifact	2026-08-18T15:23:50.9926084Z     location: variable CASTING_AMBIANCE of type SoundEvent
Fabric 1.21.11 build	Build Fabric artifact	2026-08-18T15:23:50.9926879Z   /home/runner/work/Redliner101/Redliner101/Common/src/main/java/at/petrak/hexcasting/common/command/RecalcPatternsCommand.java:12: error: cannot find symbol
Fabric 1.21.11 build	Build Fabric artifact	2026-08-18T15:23:50.9927142Z               .requires(dp -> dp.hasPermission(Commands.LEVEL_ADMINS))
Fabric 1.21.11 build	Build Fabric artifact	2026-08-18T15:23:50.9927258Z                                 ^
Fabric 1.21.11 build	Build Fabric artifact	2026-08-18T15:23:50.9927445Z     symbol:   method hasPermission(PermissionCheck)
Fabric 1.21.11 build	Build Fabric artifact	2026-08-18T15:23:50.9927638Z     location: variable dp of type CommandSourceStack
Fabric 1.21.11 build	Build Fabric artifact	2026-08-18T15:23:50.9928357Z   /home/runner/work/Redliner101/Redliner101/Common/src/main/java/at/petrak/hexcasting/common/command/BrainsweepCommand.java:15: error: cannot find symbol
Fabric 1.21.11 build	Build Fabric artifact	2026-08-18T15:23:50.9928652Z               .requires(dp -> dp.hasPermission(Commands.LEVEL_ADMINS))
Fabric 1.21.11 build	Build Fabric artifact	2026-08-18T15:23:50.9928783Z                                 ^
Fabric 1.21.11 build	Build Fabric artifact	2026-08-18T15:23:50.9929136Z     symbol:   method hasPermission(PermissionCheck)
Fabric 1.21.11 build	Build Fabric artifact	2026-08-18T15:23:50.9929337Z     location: variable dp of type CommandSourceStack
Fabric 1.21.11 build	Build Fabric artifact	2026-08-18T15:23:50.9930250Z   /home/runner/work/Redliner101/Redliner101/Common/src/main/java/at/petrak/hexcasting/common/command/PatternTexturesCommand.java:14: error: cannot find symbol
Fabric 1.21.11 build	Build Fabric artifact	2026-08-18T15:23:50.9930517Z                   .requires(dp -> dp.hasPermission(Commands.LEVEL_ADMINS))
Fabric 1.21.11 build	Build Fabric artifact	2026-08-18T15:23:50.9930685Z                                     ^
Fabric 1.21.11 build	Build Fabric artifact	2026-08-18T15:23:50.9930875Z     symbol:   method hasPermission(PermissionCheck)
Fabric 1.21.11 build	Build Fabric artifact	2026-08-18T15:23:50.9931064Z     location: variable dp of type CommandSourceStack
Fabric 1.21.11 build	Build Fabric artifact	2026-08-18T15:23:50.9931785Z   /home/runner/work/Redliner101/Redliner101/Common/src/main/java/at/petrak/hexcasting/common/command/PatternTexturesCommand.java:22: error: cannot find symbol
Fabric 1.21.11 build	Build Fabric artifact	2026-08-18T15:23:50.9932062Z                   .requires(dp -> dp.hasPermission(Commands.LEVEL_ADMINS))
Fabric 1.21.11 build	Build Fabric artifact	2026-08-18T15:23:50.9932183Z                                     ^
Fabric 1.21.11 build	Build Fabric artifact	2026-08-18T15:23:50.9932379Z     symbol:   method hasPermission(PermissionCheck)
Fabric 1.21.11 build	Build Fabric artifact	2026-08-18T15:23:50.9932548Z     location: variable dp of type CommandSourceStack
Fabric 1.21.11 build	Build Fabric artifact	2026-08-18T15:23:50.9933289Z   /home/runner/work/Redliner101/Redliner101/Common/src/main/java/at/petrak/hexcasting/common/command/PatternResKeyArgument.java:46: error: cannot find symbol
Fabric 1.21.11 build	Build Fabric artifact	2026-08-18T15:23:50.9933477Z                   suggestions.add(key.location().toString());
Fabric 1.21.11 build	Build Fabric artifact	2026-08-18T15:23:50.9933609Z                                      ^
Fabric 1.21.11 build	Build Fabric artifact	2026-08-18T15:23:50.9933735Z     symbol:   method location()
Fabric 1.21.11 build	Build Fabric artifact	2026-08-18T15:23:50.9934007Z     location: variable key of type ResourceKey<ActionRegistryEntry>
Fabric 1.21.11 build	Build Fabric artifact	2026-08-18T15:23:50.9934771Z   /home/runner/work/Redliner101/Redliner101/Common/src/main/java/at/petrak/hexcasting/common/command/PatternResKeyArgument.java:61: error: cannot find symbol
Fabric 1.21.11 build	Build Fabric artifact	2026-08-18T15:23:50.9935143Z           return optional.orElseThrow(() -> exceptionType.create(key.location()));
Fabric 1.21.11 build	Build Fabric artifact	2026-08-18T15:23:50.9935315Z                                                                     ^
Fabric 1.21.11 build	Build Fabric artifact	2026-08-18T15:23:50.9935449Z     symbol:   method location()
Fabric 1.21.11 build	Build Fabric artifact	2026-08-18T15:23:50.9935632Z     location: variable key of type ResourceKey<?>
Fabric 1.21.11 build	Build Fabric artifact	2026-08-18T15:23:50.9936300Z   /home/runner/work/Redliner101/Redliner101/Common/src/main/java/at/petrak/hexcasting/common/command/PatternResKeyArgument.java:74: error: cannot find symbol
Fabric 1.21.11 build	Build Fabric artifact	2026-08-18T15:23:50.9936611Z               throw ERROR_UNKNOWN_PATTERN.create(targetKey.location());
Fabric 1.21.11 build	Build Fabric artifact	2026-08-18T15:23:50.9936761Z                                                           ^
Fabric 1.21.11 build	Build Fabric artifact	2026-08-18T15:23:50.9936939Z     symbol:   method location()
Fabric 1.21.11 build	Build Fabric artifact	2026-08-18T15:23:50.9937246Z     location: variable targetKey of type ResourceKey<ActionRegistryEntry>
Fabric 1.21.11 build	Build Fabric artifact	2026-08-18T15:23:50.9938263Z   /home/runner/work/Redliner101/Redliner101/Common/src/main/java/at/petrak/hexcasting/common/command/ListPerWorldPatternsCommand.java:30: error: cannot find symbol
Fabric 1.21.11 build	Build Fabric artifact	2026-08-18T15:23:50.9938582Z               .requires(dp -> dp.hasPermission(Commands.LEVEL_GAMEMASTERS))
Fabric 1.21.11 build	Build Fabric artifact	2026-08-18T15:23:50.9938721Z                                 ^
Fabric 1.21.11 build	Build Fabric artifact	2026-08-18T15:23:50.9938954Z     symbol:   method hasPermission(PermissionCheck)
Fabric 1.21.11 build	Build Fabric artifact	2026-08-18T15:23:50.9939179Z     location: variable dp of type CommandSourceStack
Fabric 1.21.11 build	Build Fabric artifact	2026-08-18T15:23:50.9943547Z   /home/runner/work/Redliner101/Redliner101/Common/src/main/java/at/petrak/hexcasting/common/command/ListPerWorldPatternsCommand.java:69: error: cannot find symbol
Fabric 1.21.11 build	Build Fabric artifact	2026-08-18T15:23:50.9943823Z               .sorted((a, b) -> compareResLoc(a.location(), b.location()))
Fabric 1.21.11 build	Build Fabric artifact	2026-08-18T15:23:50.9943964Z                                                ^
Fabric 1.21.11 build	Build Fabric artifact	2026-08-18T15:23:50.9944103Z     symbol:   method location()
Fabric 1.21.11 build	Build Fabric artifact	2026-08-18T15:23:50.9944368Z     location: variable a of type ResourceKey<ActionRegistryEntry>
Fabric 1.21.11 build	Build Fabric artifact	2026-08-18T15:23:50.9945153Z   /home/runner/work/Redliner101/Redliner101/Common/src/main/java/at/petrak/hexcasting/common/command/ListPerWorldPatternsCommand.java:69: error: cannot find symbol
Fabric 1.21.11 build	Build Fabric artifact	2026-08-18T15:23:50.9945420Z               .sorted((a, b) -> compareResLoc(a.location(), b.location()))
Fabric 1.21.11 build	Build Fabric artifact	2026-08-18T15:23:50.9945771Z                                                              ^
Fabric 1.21.11 build	Build Fabric artifact	2026-08-18T15:23:50.9945921Z     symbol:   method location()
Fabric 1.21.11 build	Build Fabric artifact	2026-08-18T15:23:50.9946199Z     location: variable b of type ResourceKey<ActionRegistryEntry>
Fabric 1.21.11 build	Build Fabric artifact	2026-08-18T15:23:50.9947021Z   /home/runner/work/Redliner101/Redliner101/Common/src/main/java/at/petrak/hexcasting/common/command/ListPerWorldPatternsCommand.java:77: error: cannot find symbol
Fabric 1.21.11 build	Build Fabric artifact	2026-08-18T15:23:50.9947339Z               source.sendSuccess(() -> Component.literal(key.location().toString())
Fabric 1.21.11 build	Build Fabric artifact	2026-08-18T15:23:50.9947496Z                                                             ^
Fabric 1.21.11 build	Build Fabric artifact	2026-08-18T15:23:50.9947644Z     symbol:   method location()
Fabric 1.21.11 build	Build Fabric artifact	2026-08-18T15:23:50.9947924Z     location: variable key of type ResourceKey<ActionRegistryEntry>
Fabric 1.21.11 build	Build Fabric artifact	2026-08-18T15:23:50.9948749Z   /home/runner/work/Redliner101/Redliner101/Common/src/main/java/at/petrak/hexcasting/common/command/ListPerWorldPatternsCommand.java:139: error: cannot find symbol
Fabric 1.21.11 build	Build Fabric artifact	2026-08-18T15:23:50.9948922Z                           actionKey.location(),
Fabric 1.21.11 build	Build Fabric artifact	2026-08-18T15:23:50.9949059Z                                    ^
Fabric 1.21.11 build	Build Fabric artifact	2026-08-18T15:23:50.9949199Z     symbol:   method location()
Fabric 1.21.11 build	Build Fabric artifact	2026-08-18T15:23:50.9949515Z     location: variable actionKey of type ResourceKey<ActionRegistryEntry>
Fabric 1.21.11 build	Build Fabric artifact	2026-08-18T15:23:50.9950544Z   /home/runner/work/Redliner101/Redliner101/Common/src/main/java/at/petrak/hexcasting/common/recipe/ingredient/brainsweep/VillagerIngredient.java:71: error: cannot find symbol
Fabric 1.21.11 build	Build Fabric artifact	2026-08-18T15:23:50.9950925Z           return (this.profession == null || this.profession.equals(data.getProfession()))
Fabric 1.21.11 build	Build Fabric artifact	2026-08-18T15:23:50.9951101Z                                                                         ^
Fabric 1.21.11 build	Build Fabric artifact	2026-08-18T15:23:50.9951256Z     symbol:   method getProfession()
Fabric 1.21.11 build	Build Fabric artifact	2026-08-18T15:23:50.9951447Z     location: variable data of type VillagerData
Fabric 1.21.11 build	Build Fabric artifact	2026-08-18T15:23:50.9952301Z   /home/runner/work/Redliner101/Redliner101/Common/src/main/java/at/petrak/hexcasting/common/recipe/ingredient/brainsweep/VillagerIngredient.java:72: error: cannot find symbol
Fabric 1.21.11 build	Build Fabric artifact	2026-08-18T15:23:50.9952549Z               && (this.biome == null || this.biome.equals(data.getType()))
Fabric 1.21.11 build	Build Fabric artifact	2026-08-18T15:23:50.9952701Z                                                               ^
Fabric 1.21.11 build	Build Fabric artifact	2026-08-18T15:23:50.9952846Z     symbol:   method getType()
Fabric 1.21.11 build	Build Fabric artifact	2026-08-18T15:23:50.9953012Z     location: variable data of type VillagerData
Fabric 1.21.11 build	Build Fabric artifact	2026-08-18T15:23:50.9953814Z   /home/runner/work/Redliner101/Redliner101/Common/src/main/java/at/petrak/hexcasting/common/recipe/ingredient/brainsweep/VillagerIngredient.java:73: error: cannot find symbol
Fabric 1.21.11 build	Build Fabric artifact	2026-08-18T15:23:50.9953969Z               && this.minLevel <= data.getLevel();
Fabric 1.21.11 build	Build Fabric artifact	2026-08-18T15:23:50.9954101Z                                       ^
Fabric 1.21.11 build	Build Fabric artifact	2026-08-18T15:23:50.9954410Z     symbol:   method getLevel()
Fabric 1.21.11 build	Build Fabric artifact	2026-08-18T15:23:50.9954611Z     location: variable data of type VillagerData
Fabric 1.21.11 build	Build Fabric artifact	2026-08-18T15:23:50.9955443Z   /home/runner/work/Redliner101/Redliner101/Common/src/main/java/at/petrak/hexcasting/common/recipe/ingredient/brainsweep/VillagerIngredient.java:86: error: cannot find symbol
Fabric 1.21.11 build	Build Fabric artifact	2026-08-18T15:23:50.9955601Z               .setProfession(profession)
Fabric 1.21.11 build	Build Fabric artifact	2026-08-18T15:23:50.9955724Z               ^
Fabric 1.21.11 build	Build Fabric artifact	2026-08-18T15:23:50.9955879Z     symbol:   method setProfession(Object)
Fabric 1.21.11 build	Build Fabric artifact	2026-08-18T15:23:50.9956063Z     location: variable data of type VillagerData
Fabric 1.21.11 build	Build Fabric artifact	2026-08-18T15:23:50.9956755Z   /home/runner/work/Redliner101/Redliner101/Common/src/main/java/at/petrak/hexcasting/api/casting/iota/DoubleIota.java:79: error: cannot find symbol
Fabric 1.21.11 build	Build Fabric artifact	2026-08-18T15:23:50.9956947Z           return new DoubleIota(dtag.getAsDouble());
Fabric 1.21.11 build	Build Fabric artifact	2026-08-18T15:23:50.9957073Z                                     ^
Fabric 1.21.11 build	Build Fabric artifact	2026-08-18T15:23:50.9957226Z     symbol:   method getAsDouble()
Fabric 1.21.11 build	Build Fabric artifact	2026-08-18T15:23:50.9957393Z     location: variable dtag of type DoubleTag
Fabric 1.21.11 build	Build Fabric artifact	2026-08-18T15:23:50.9958106Z   /home/runner/work/Redliner101/Redliner101/Common/src/main/java/at/petrak/hexcasting/api/casting/iota/PatternIota.java:85: error: cannot find symbol
Fabric 1.21.11 build	Build Fabric artifact	2026-08-18T15:23:50.9958603Z                   action = Objects.requireNonNull(IXplatAbstractions.INSTANCE.getActionRegistry().get(key)).action();
Fabric 1.21.11 build	Build Fabric artifact	2026-08-18T15:23:50.9958940Z                                                                                                            ^
Fabric 1.21.11 build	Build Fabric artifact	2026-08-18T15:23:50.9959084Z     symbol:   method action()
Fabric 1.21.11 build	Build Fabric artifact	2026-08-18T15:23:50.9959317Z     location: class Optional<Reference<ActionRegistryEntry>>
Fabric 1.21.11 build	Build Fabric artifact	2026-08-18T15:23:50.9960188Z   /home/runner/work/Redliner101/Redliner101/Common/src/main/java/at/petrak/hexcasting/common/casting/PatternRegistryManifest.java:51: error: cannot find symbol
Fabric 1.21.11 build	Build Fabric artifact	2026-08-18T15:23:50.9960494Z                   var old = NORMAL_ACTION_LOOKUP.put(entry.prototype().getAngles(), key);
Fabric 1.21.11 build	Build Fabric artifact	2026-08-18T15:23:50.9960646Z                                                           ^
Fabric 1.21.11 build	Build Fabric artifact	2026-08-18T15:23:50.9960774Z     symbol:   method prototype()
Fabric 1.21.11 build	Build Fabric artifact	2026-08-18T15:23:50.9961036Z     location: variable entry of type Optional<Reference<ActionRegistryEntry>>
Fabric 1.21.11 build	Build Fabric artifact	2026-08-18T15:23:50.9961747Z   /home/runner/work/Redliner101/Redliner101/Common/src/main/java/at/petrak/hexcasting/common/casting/PatternRegistryManifest.java:77: error: cannot find symbol
Fabric 1.21.11 build	Build Fabric artifact	2026-08-18T15:23:50.9962003Z               var handler = factory.tryMatch(pat,environment);
Fabric 1.21.11 build	Build Fabric artifact	2026-08-18T15:23:50.9962119Z                                    ^
Fabric 1.21.11 build	Build Fabric artifact	2026-08-18T15:23:50.9962350Z     symbol:   method tryMatch(HexPattern,CastingEnvironment)
Fabric 1.21.11 build	Build Fabric artifact	2026-08-18T15:23:50.9962595Z     location: variable factory of type Optional<Reference<Factory<?>>>
Fabric 1.21.11 build	Build Fabric artifact	2026-08-18T15:23:50.9963349Z   /home/runner/work/Redliner101/Redliner101/Common/src/main/java/at/petrak/hexcasting/common/blocks/akashic/BlockAkashicBookshelf.java:70: error: cannot find symbol
Fabric 1.21.11 build	Build Fabric artifact	2026-08-18T15:23:50.9964059Z                   return InteractionResult.sidedSuccess(level.isClientSide());
Fabric 1.21.11 build	Build Fabric artifact	2026-08-18T15:23:50.9964209Z                                           ^
Fabric 1.21.11 build	Build Fabric artifact	2026-08-18T15:23:50.9964351Z     symbol:   method sidedSuccess(boolean)
Fabric 1.21.11 build	Build Fabric artifact	2026-08-18T15:23:50.9964510Z     location: interface InteractionResult
Fabric 1.21.11 build	Build Fabric artifact	2026-08-18T15:23:50.9965329Z   /home/runner/work/Redliner101/Redliner101/Common/src/main/java/at/petrak/hexcasting/common/misc/AkashicTreeGrower.java:42: error: cannot find symbol
Fabric 1.21.11 build	Build Fabric artifact	2026-08-18T15:23:50.9965528Z                   .registryOrThrow(Registries.CONFIGURED_FEATURE)
Fabric 1.21.11 build	Build Fabric artifact	2026-08-18T15:23:50.9965641Z                   ^
Fabric 1.21.11 build	Build Fabric artifact	2026-08-18T15:23:50.9965971Z     symbol:   method registryOrThrow(ResourceKey<Registry<ConfiguredFeature<?,?>>>)
Fabric 1.21.11 build	Build Fabric artifact	2026-08-18T15:23:50.9966127Z     location: interface RegistryAccess
Fabric 1.21.11 build	Build Fabric artifact	2026-08-18T15:23:50.9966768Z   /home/runner/work/Redliner101/Redliner101/Common/src/main/java/at/petrak/hexcasting/common/lib/HexPotions.java:42: error: cannot find symbol
Fabric 1.21.11 build	Build Fabric artifact	2026-08-18T15:23:50.9967129Z           var potionRegistry = registryAccess.registryOrThrow(Registries.POTION);
Fabric 1.21.11 build	Build Fabric artifact	2026-08-18T15:23:50.9967547Z                                              ^
Fabric 1.21.11 build	Build Fabric artifact	2026-08-18T15:23:50.9967813Z     symbol:   method registryOrThrow(ResourceKey<Registry<Potion>>)
Fabric 1.21.11 build	Build Fabric artifact	2026-08-18T15:23:50.9968073Z     location: variable registryAccess of type RegistryAccess
Fabric 1.21.11 build	Build Fabric artifact	2026-08-18T15:23:50.9968743Z   /home/runner/work/Redliner101/Redliner101/Common/src/main/java/at/petrak/hexcasting/common/lib/HexBlocks.java:138: error: cannot find symbol
Fabric 1.21.11 build	Build Fabric artifact	2026-08-18T15:23:50.9968892Z                   .noCollission()
Fabric 1.21.11 build	Build Fabric artifact	2026-08-18T15:23:50.9968995Z                   ^
Fabric 1.21.11 build	Build Fabric artifact	2026-08-18T15:23:50.9969152Z     symbol:   method noCollission()
Fabric 1.21.11 build	Build Fabric artifact	2026-08-18T15:23:50.9969308Z     location: class Properties
Fabric 1.21.11 build	Build Fabric artifact	2026-08-18T15:23:50.9970143Z   /home/runner/work/Redliner101/Redliner101/Common/src/main/java/at/petrak/hexcasting/common/lib/HexBlocks.java:287: error: cannot find symbol
Fabric 1.21.11 build	Build Fabric artifact	2026-08-18T15:23:50.9970470Z           new BlockHexWoodButton(edifiedWoody().noOcclusion().noCollission()));
Fabric 1.21.11 build	Build Fabric artifact	2026-08-18T15:23:50.9970630Z                                                              ^
Fabric 1.21.11 build	Build Fabric artifact	2026-08-18T15:23:50.9970772Z     symbol:   method noCollission()
Fabric 1.21.11 build	Build Fabric artifact	2026-08-18T15:23:50.9970910Z     location: class Properties
Fabric 1.21.11 build	Build Fabric artifact	2026-08-18T15:23:50.9971634Z   /home/runner/work/Redliner101/Redliner101/Common/src/main/java/at/petrak/hexcasting/common/lib/HexBlocks.java:289: error: cannot find symbol
Fabric 1.21.11 build	Build Fabric artifact	2026-08-18T15:23:50.9972142Z           new BlockHexPressurePlate(edifiedWoody().noOcclusion().noCollission()));
Fabric 1.21.11 build	Build Fabric artifact	2026-08-18T15:23:50.9972373Z                                                                 ^
Fabric 1.21.11 build	Build Fabric artifact	2026-08-18T15:23:50.9972531Z     symbol:   method noCollission()
Fabric 1.21.11 build	Build Fabric artifact	2026-08-18T15:23:50.9972724Z     location: class Properties
Fabric 1.21.11 build	Build Fabric artifact	2026-08-18T15:23:50.9973402Z   /home/runner/work/Redliner101/Redliner101/Common/src/main/java/at/petrak/hexcasting/common/lib/hex/HexArithmetics.java:23: error: cannot find symbol
Fabric 1.21.11 build	Build Fabric artifact	2026-08-18T15:23:50.9973915Z               ENGINE = new ArithmeticEngine(REGISTRY.holders().map(Holder.Reference::value).collect(Collectors.toList()));
Fabric 1.21.11 build	Build Fabric artifact	2026-08-18T15:23:50.9974060Z                                                     ^
Fabric 1.21.11 build	Build Fabric artifact	2026-08-18T15:23:50.9974195Z     symbol:   method holders()
Fabric 1.21.11 build	Build Fabric artifact	2026-08-18T15:23:50.9974358Z     location: variable REGISTRY of type Registry<Arithmetic>
Fabric 1.21.11 build	Build Fabric artifact	2026-08-18T15:23:50.9974907Z   /home/runner/work/Redliner101/Redliner101/Common/src/main/java/at/petrak/hexcasting/common/lib/HexDataComponents.java:63: error: cannot find symbol
Fabric 1.21.11 build	Build Fabric artifact	2026-08-18T15:23:50.9975100Z                       .persistent(Codec.unit(Unit.INSTANCE))
Fabric 1.21.11 build	Build Fabric artifact	2026-08-18T15:23:50.9975242Z                                        ^
Fabric 1.21.11 build	Build Fabric artifact	2026-08-18T15:23:50.9975373Z     symbol:   method unit(Unit)
Fabric 1.21.11 build	Build Fabric artifact	2026-08-18T15:23:50.9975496Z     location: interface Codec
Fabric 1.21.11 build	Build Fabric artifact	2026-08-18T15:23:50.9976088Z   /home/runner/work/Redliner101/Redliner101/Common/src/main/java/at/petrak/hexcasting/interop/patchouli/LookupPatternComponent.java:31: error: cannot find symbol
Fabric 1.21.11 build	Build Fabric artifact	2026-08-18T15:23:50.9976436Z               !IXplatAbstractions.INSTANCE.getActionRegistry().getHolderOrThrow(key).is(HexTags.Actions.PER_WORLD_PATTERN);
Fabric 1.21.11 build	Build Fabric artifact	2026-08-18T15:23:50.9976558Z                                                               ^
Fabric 1.21.11 build	Build Fabric artifact	2026-08-18T15:23:50.9976733Z     symbol:   method getHolderOrThrow(ResourceKey<ActionRegistryEntry>)
Fabric 1.21.11 build	Build Fabric artifact	2026-08-18T15:23:50.9976894Z     location: interface Registry<ActionRegistryEntry>
Fabric 1.21.11 build	Build Fabric artifact	2026-08-18T15:23:50.9977399Z   /home/runner/work/Redliner101/Redliner101/Common/src/main/java/at/petrak/hexcasting/interop/patchouli/LookupPatternComponent.java:32: error: cannot find symbol
Fabric 1.21.11 build	Build Fabric artifact	2026-08-18T15:23:50.9977514Z           return List.of(entry.prototype());
Fabric 1.21.11 build	Build Fabric artifact	2026-08-18T15:23:50.9977602Z                               ^
Fabric 1.21.11 build	Build Fabric artifact	2026-08-18T15:23:50.9977703Z     symbol:   method prototype()
Fabric 1.21.11 build	Build Fabric artifact	2026-08-18T15:23:50.9977891Z     location: variable entry of type Optional<Reference<ActionRegistryEntry>>
Fabric 1.21.11 build	Build Fabric artifact	2026-08-18T15:23:50.9978350Z   /home/runner/work/Redliner101/Redliner101/Common/src/main/java/at/petrak/hexcasting/interop/patchouli/BrainsweepProcessor.java:32: error: cannot find symbol
Fabric 1.21.11 build	Build Fabric artifact	2026-08-18T15:23:50.9978461Z   		var recman = level.getRecipeManager();
Fabric 1.21.11 build	Build Fabric artifact	2026-08-18T15:23:50.9978651Z   		                  ^
Fabric 1.21.11 build	Build Fabric artifact	2026-08-18T15:23:50.9978760Z     symbol:   method getRecipeManager()
Fabric 1.21.11 build	Build Fabric artifact	2026-08-18T15:23:50.9978858Z     location: variable level of type Level
Fabric 1.21.11 build	Build Fabric artifact	2026-08-18T15:23:50.9979281Z   /home/runner/work/Redliner101/Redliner101/Common/src/main/java/at/petrak/hexcasting/interop/patchouli/PatchouliUtils.java:28: error: cannot find symbol
Fabric 1.21.11 build	Build Fabric artifact	2026-08-18T15:23:50.9979460Z               var manager = Minecraft.getInstance().level.getRecipeManager();
Fabric 1.21.11 build	Build Fabric artifact	2026-08-18T15:23:50.9979572Z                                                          ^
Fabric 1.21.11 build	Build Fabric artifact	2026-08-18T15:23:50.9979830Z     symbol:   method getRecipeManager()
Fabric 1.21.11 build	Build Fabric artifact	2026-08-18T15:23:50.9980020Z     location: variable level of type ClientLevel
Fabric 1.21.11 build	Build Fabric artifact	2026-08-18T15:23:50.9980477Z   /home/runner/work/Redliner101/Redliner101/Common/src/main/java/at/petrak/hexcasting/interop/patchouli/PatchouliUtils.java:47: error: cannot find symbol
Fabric 1.21.11 build	Build Fabric artifact	2026-08-18T15:23:50.9980688Z               return IVariable.wrapList(Arrays.stream(ingredients.get(0).getItems())
Fabric 1.21.11 build	Build Fabric artifact	2026-08-18T15:23:50.9980802Z                                                                         ^
Fabric 1.21.11 build	Build Fabric artifact	2026-08-18T15:23:50.9980902Z     symbol:   method getItems()
Fabric 1.21.11 build	Build Fabric artifact	2026-08-18T15:23:50.9980992Z     location: class Ingredient
Fabric 1.21.11 build	Build Fabric artifact	2026-08-18T15:23:50.9981418Z   /home/runner/work/Redliner101/Redliner101/Common/src/main/java/at/petrak/hexcasting/interop/patchouli/PatchouliUtils.java:56: error: cannot find symbol
Fabric 1.21.11 build	Build Fabric artifact	2026-08-18T15:23:50.9981616Z                   stacks.add(ingredient.getItems());
Fabric 1.21.11 build	Build Fabric artifact	2026-08-18T15:23:50.9981702Z                                        ^
Fabric 1.21.11 build	Build Fabric artifact	2026-08-18T15:23:50.9981798Z     symbol:   method getItems()
Fabric 1.21.11 build	Build Fabric artifact	2026-08-18T15:23:50.9981916Z     location: variable ingredient of type Ingredient
Fabric 1.21.11 build	Build Fabric artifact	2026-08-18T15:23:50.9982350Z   /home/runner/work/Redliner101/Redliner101/Common/src/main/java/at/petrak/hexcasting/interop/patchouli/PatchouliUtils.java:75: error: cannot find symbol
Fabric 1.21.11 build	Build Fabric artifact	2026-08-18T15:23:50.9982603Z               ingredients.stream().mapToInt(ingr -> ingr.getItems().length).max().orElse(1), registries
Fabric 1.21.11 build	Build Fabric artifact	2026-08-18T15:23:50.9982714Z                                                         ^
Fabric 1.21.11 build	Build Fabric artifact	2026-08-18T15:23:50.9982803Z     symbol:   method getItems()
Fabric 1.21.11 build	Build Fabric artifact	2026-08-18T15:23:50.9982917Z     location: variable ingr of type Ingredient
Fabric 1.21.11 build	Build Fabric artifact	2026-08-18T15:23:50.9983380Z   /home/runner/work/Redliner101/Redliner101/Common/src/main/java/at/petrak/hexcasting/interop/patchouli/MultiCraftingProcessor.java:45: error: cannot find symbol
Fabric 1.21.11 build	Build Fabric artifact	2026-08-18T15:23:50.9983543Z                   for (Ingredient ingredient : recipe.getIngredients()) {
Fabric 1.21.11 build	Build Fabric artifact	2026-08-18T15:23:50.9983640Z                                                      ^
Fabric 1.21.11 build	Build Fabric artifact	2026-08-18T15:23:50.9983745Z     symbol:   method getIngredients()
Fabric 1.21.11 build	Build Fabric artifact	2026-08-18T15:23:50.9983871Z     location: variable recipe of type CraftingRecipe
Fabric 1.21.11 build	Build Fabric artifact	2026-08-18T15:23:50.9984360Z   /home/runner/work/Redliner101/Redliner101/Common/src/main/java/at/petrak/hexcasting/interop/patchouli/MultiCraftingProcessor.java:46: error: cannot find symbol
Fabric 1.21.11 build	Build Fabric artifact	2026-08-18T15:23:50.9984494Z                       int size = ingredient.getItems().length;
Fabric 1.21.11 build	Build Fabric artifact	2026-08-18T15:23:50.9984587Z                                            ^
Fabric 1.21.11 build	Build Fabric artifact	2026-08-18T15:23:50.9984687Z     symbol:   method getItems()
Fabric 1.21.11 build	Build Fabric artifact	2026-08-18T15:23:50.9984810Z     location: variable ingredient of type Ingredient
Fabric 1.21.11 build	Build Fabric artifact	2026-08-18T15:23:50.9985312Z   /home/runner/work/Redliner101/Redliner101/Common/src/main/java/at/petrak/hexcasting/interop/patchouli/MultiCraftingProcessor.java:65: error: cannot find symbol
Fabric 1.21.11 build	Build Fabric artifact	2026-08-18T15:23:50.9985689Z                   return IVariable.from(recipes.getFirst().getResultItem(level.registryAccess()).getHoverName(), level.registryAccess());
Fabric 1.21.11 build	Build Fabric artifact	2026-08-18T15:23:50.9985807Z                                                           ^
Fabric 1.21.11 build	Build Fabric artifact	2026-08-18T15:23:50.9985930Z     symbol:   method getResultItem(RegistryAccess)
Fabric 1.21.11 build	Build Fabric artifact	2026-08-18T15:23:50.9986040Z     location: interface CraftingRecipe
Fabric 1.21.11 build	Build Fabric artifact	2026-08-18T15:23:50.9986535Z   /home/runner/work/Redliner101/Redliner101/Common/src/main/java/at/petrak/hexcasting/interop/patchouli/MultiCraftingProcessor.java:80: error: cannot find symbol
Fabric 1.21.11 build	Build Fabric artifact	2026-08-18T15:23:50.9986715Z                           NonNullList<Ingredient> list = recipe.getIngredients();
Fabric 1.21.11 build	Build Fabric artifact	2026-08-18T15:23:50.9986945Z                                                                ^
Fabric 1.21.11 build	Build Fabric artifact	2026-08-18T15:23:50.9987056Z     symbol:   method getIngredients()
Fabric 1.21.11 build	Build Fabric artifact	2026-08-18T15:23:50.9987183Z     location: variable recipe of type CraftingRecipe
Fabric 1.21.11 build	Build Fabric artifact	2026-08-18T15:23:50.9987639Z   /home/runner/work/Redliner101/Redliner101/Common/src/main/java/at/petrak/hexcasting/interop/patchouli/MultiCraftingProcessor.java:85: error: cannot find symbol
Fabric 1.21.11 build	Build Fabric artifact	2026-08-18T15:23:50.9987804Z                       NonNullList<Ingredient> list = recipe.getIngredients();
Fabric 1.21.11 build	Build Fabric artifact	2026-08-18T15:23:50.9987910Z                                                            ^
Fabric 1.21.11 build	Build Fabric artifact	2026-08-18T15:23:50.9988016Z     symbol:   method getIngredients()
Fabric 1.21.11 build	Build Fabric artifact	2026-08-18T15:23:50.9988140Z     location: variable recipe of type CraftingRecipe
Fabric 1.21.11 build	Build Fabric artifact	2026-08-18T15:23:50.9988638Z   /home/runner/work/Redliner101/Redliner101/Common/src/main/java/at/petrak/hexcasting/interop/patchouli/MultiCraftingProcessor.java:94: error: cannot find symbol
Fabric 1.21.11 build	Build Fabric artifact	2026-08-18T15:23:50.9988829Z                           .map(recipe -> recipe.getResultItem(level.registryAccess()))
Fabric 1.21.11 build	Build Fabric artifact	2026-08-18T15:23:50.9988933Z                                                ^
Fabric 1.21.11 build	Build Fabric artifact	2026-08-18T15:23:50.9989063Z     symbol:   method getResultItem(RegistryAccess)
Fabric 1.21.11 build	Build Fabric artifact	2026-08-18T15:23:50.9989236Z     location: variable recipe of type CraftingRecipe
Fabric 1.21.11 build	Build Fabric artifact	2026-08-18T15:23:50.9989831Z   /home/runner/work/Redliner101/Redliner101/Common/src/main/java/at/petrak/hexcasting/interop/utils/PatternDrawingUtil.java:24: error: cannot find symbol
Fabric 1.21.11 build	Build Fabric artifact	2026-08-18T15:23:50.9989943Z           poseStack.pushPose();
Fabric 1.21.11 build	Build Fabric artifact	2026-08-18T15:23:50.9990033Z                    ^
Fabric 1.21.11 build	Build Fabric artifact	2026-08-18T15:23:50.9990130Z     symbol:   method pushPose()
Fabric 1.21.11 build	Build Fabric artifact	2026-08-18T15:23:50.9990283Z     location: variable poseStack of type Matrix3x2fStack
Fabric 1.21.11 build	Build Fabric artifact	2026-08-18T15:23:50.9990744Z   /home/runner/work/Redliner101/Redliner101/Common/src/main/java/at/petrak/hexcasting/interop/utils/PatternDrawingUtil.java:26: error: cannot find symbol
Fabric 1.21.11 build	Build Fabric artifact	2026-08-18T15:23:50.9990862Z           var mat = poseStack.last().pose();
Fabric 1.21.11 build	Build Fabric artifact	2026-08-18T15:23:50.9990954Z                              ^
Fabric 1.21.11 build	Build Fabric artifact	2026-08-18T15:23:50.9991055Z     symbol:   method last()
Fabric 1.21.11 build	Build Fabric artifact	2026-08-18T15:23:50.9991192Z     location: variable poseStack of type Matrix3x2fStack
Fabric 1.21.11 build	Build Fabric artifact	2026-08-18T15:23:50.9991650Z   /home/runner/work/Redliner101/Redliner101/Common/src/main/java/at/petrak/hexcasting/interop/utils/PatternDrawingUtil.java:27: error: cannot find symbol
Fabric 1.21.11 build	Build Fabric artifact	2026-08-18T15:23:50.9991771Z           var prevShader = RenderSystem.getShader();
Fabric 1.21.11 build	Build Fabric artifact	2026-08-18T15:23:50.9991870Z                                        ^
Fabric 1.21.11 build	Build Fabric artifact	2026-08-18T15:23:50.9991969Z     symbol:   method getShader()
Fabric 1.21.11 build	Build Fabric artifact	2026-08-18T15:23:50.9992077Z     location: class RenderSystem
Fabric 1.21.11 build	Build Fabric artifact	2026-08-18T15:23:50.9992535Z   /home/runner/work/Redliner101/Redliner101/Common/src/main/java/at/petrak/hexcasting/interop/utils/PatternDrawingUtil.java:30: error: cannot find symbol
Fabric 1.21.11 build	Build Fabric artifact	2026-08-18T15:23:50.9992645Z           RenderSystem.defaultBlendFunc();
Fabric 1.21.11 build	Build Fabric artifact	2026-08-18T15:23:50.9992735Z                       ^
Fabric 1.21.11 build	Build Fabric artifact	2026-08-18T15:23:50.9992840Z     symbol:   method defaultBlendFunc()
Fabric 1.21.11 build	Build Fabric artifact	2026-08-18T15:23:50.9992942Z     location: class RenderSystem
Fabric 1.21.11 build	Build Fabric artifact	2026-08-18T15:23:50.9993384Z   /home/runner/work/Redliner101/Redliner101/Common/src/main/java/at/petrak/hexcasting/interop/utils/PatternDrawingUtil.java:54: error: cannot find symbol
Fabric 1.21.11 build	Build Fabric artifact	2026-08-18T15:23:50.9993502Z           RenderSystem.defaultBlendFunc();
Fabric 1.21.11 build	Build Fabric artifact	2026-08-18T15:23:50.9993583Z                       ^
Fabric 1.21.11 build	Build Fabric artifact	2026-08-18T15:23:50.9993691Z     symbol:   method defaultBlendFunc()
Fabric 1.21.11 build	Build Fabric artifact	2026-08-18T15:23:50.9993781Z     location: class RenderSystem
Fabric 1.21.11 build	Build Fabric artifact	2026-08-18T15:23:50.9994235Z   /home/runner/work/Redliner101/Redliner101/Common/src/main/java/at/petrak/hexcasting/interop/utils/PatternDrawingUtil.java:55: error: cannot find symbol
Fabric 1.21.11 build	Build Fabric artifact	2026-08-18T15:23:50.9994358Z           RenderSystem.setShader(() -> prevShader);
Fabric 1.21.11 build	Build Fabric artifact	2026-08-18T15:23:50.9994446Z                       ^
Fabric 1.21.11 build	Build Fabric artifact	2026-08-18T15:23:50.9994560Z     symbol:   method setShader(()->prevShader)
Fabric 1.21.11 build	Build Fabric artifact	2026-08-18T15:23:50.9994657Z     location: class RenderSystem
Fabric 1.21.11 build	Build Fabric artifact	2026-08-18T15:23:50.9995169Z   /home/runner/work/Redliner101/Redliner101/Common/src/main/java/at/petrak/hexcasting/interop/utils/PatternDrawingUtil.java:58: error: cannot find symbol
Fabric 1.21.11 build	Build Fabric artifact	2026-08-18T15:23:50.9995290Z           poseStack.popPose();
Fabric 1.21.11 build	Build Fabric artifact	2026-08-18T15:23:50.9995377Z                    ^
Fabric 1.21.11 build	Build Fabric artifact	2026-08-18T15:23:50.9995475Z     symbol:   method popPose()
Fabric 1.21.11 build	Build Fabric artifact	2026-08-18T15:23:50.9995618Z     location: variable poseStack of type Matrix3x2fStack
Fabric 1.21.11 build	Build Fabric artifact	2026-08-18T15:23:50.9996090Z   /home/runner/work/Redliner101/Redliner101/Common/src/main/java/at/petrak/hexcasting/interop/inline/InlinePatternRenderer.java:66: error: cannot find symbol
Fabric 1.21.11 build	Build Fabric artifact	2026-08-18T15:23:50.9996199Z           drawContext.pose().pushPose();
Fabric 1.21.11 build	Build Fabric artifact	2026-08-18T15:23:50.9996283Z                             ^
Fabric 1.21.11 build	Build Fabric artifact	2026-08-18T15:23:50.9996386Z     symbol:   method pushPose()
Fabric 1.21.11 build	Build Fabric artifact	2026-08-18T15:23:50.9996483Z     location: class Matrix3x2fStack
Fabric 1.21.11 build	Build Fabric artifact	2026-08-18T15:23:50.9996967Z   /home/runner/work/Redliner101/Redliner101/Common/src/main/java/at/petrak/hexcasting/interop/inline/InlinePatternRenderer.java:72: error: cannot find symbol
Fabric 1.21.11 build	Build Fabric artifact	2026-08-18T15:23:50.9997138Z           Matrix3f normalMatrix = drawContext.pose().last().normal();
Fabric 1.21.11 build	Build Fabric artifact	2026-08-18T15:23:50.9997250Z                                                     ^
Fabric 1.21.11 build	Build Fabric artifact	2026-08-18T15:23:50.9997342Z     symbol:   method last()
Fabric 1.21.11 build	Build Fabric artifact	2026-08-18T15:23:50.9997515Z     location: class Matrix3x2fStack
Fabric 1.21.11 build	Build Fabric artifact	2026-08-18T15:23:50.9997985Z   /home/runner/work/Redliner101/Redliner101/Common/src/main/java/at/petrak/hexcasting/interop/inline/InlinePatternRenderer.java:73: error: cannot find symbol
Fabric 1.21.11 build	Build Fabric artifact	2026-08-18T15:23:50.9998555Z           PatternRenderer.renderPattern(data.pattern, drawContext.pose(), isFlat ? null : new PatternRenderer.WorldlyBits(drawContext.bufferSource(), trContext.light(), new Vec3(0, 0, 1)),
Fabric 1.21.11 build	Build Fabric artifact	2026-08-18T15:23:50.9998742Z                                                                                                                                      ^
Fabric 1.21.11 build	Build Fabric artifact	2026-08-18T15:23:50.9998838Z     symbol:   method bufferSource()
Fabric 1.21.11 build	Build Fabric artifact	2026-08-18T15:23:50.9998978Z     location: variable drawContext of type GuiGraphics
Fabric 1.21.11 build	Build Fabric artifact	2026-08-18T15:23:50.9999443Z   /home/runner/work/Redliner101/Redliner101/Common/src/main/java/at/petrak/hexcasting/interop/inline/InlinePatternRenderer.java:78: error: cannot find symbol
Fabric 1.21.11 build	Build Fabric artifact	2026-08-18T15:23:50.9999554Z           drawContext.pose().popPose();
Fabric 1.21.11 build	Build Fabric artifact	2026-08-18T15:23:50.9999761Z                             ^
Fabric 1.21.11 build	Build Fabric artifact	2026-08-18T15:23:50.9999881Z     symbol:   method popPose()
Fabric 1.21.11 build	Build Fabric artifact	2026-08-18T15:23:50.9999974Z     location: class Matrix3x2fStack
Fabric 1.21.11 build	Build Fabric artifact	2026-08-18T15:23:51.0000430Z   /home/runner/work/Redliner101/Redliner101/Common/src/main/java/at/petrak/hexcasting/datagen/tag/HexItemTagProvider.java:28: error: cannot find symbol
Fabric 1.21.11 build	Build Fabric artifact	2026-08-18T15:23:51.0000524Z           add(tag(xtags.gems()),
Fabric 1.21.11 build	Build Fabric artifact	2026-08-18T15:23:51.0000609Z               ^
Fabric 1.21.11 build	Build Fabric artifact	2026-08-18T15:23:51.0000715Z     symbol:   method tag(TagKey<Item>)
Fabric 1.21.11 build	Build Fabric artifact	2026-08-18T15:23:51.0000817Z     location: class HexItemTagProvider
Fabric 1.21.11 build	Build Fabric artifact	2026-08-18T15:23:51.0001262Z   /home/runner/work/Redliner101/Redliner101/Common/src/main/java/at/petrak/hexcasting/datagen/tag/HexItemTagProvider.java:30: error: cannot find symbol
Fabric 1.21.11 build	Build Fabric artifact	2026-08-18T15:23:51.0001370Z           add(tag(xtags.amethystDust()),
Fabric 1.21.11 build	Build Fabric artifact	2026-08-18T15:23:51.0001454Z               ^
Fabric 1.21.11 build	Build Fabric artifact	2026-08-18T15:23:51.0001551Z     symbol:   method tag(TagKey<Item>)
Fabric 1.21.11 build	Build Fabric artifact	2026-08-18T15:23:51.0001663Z     location: class HexItemTagProvider
Fabric 1.21.11 build	Build Fabric artifact	2026-08-18T15:23:51.0002147Z   /home/runner/work/Redliner101/Redliner101/Common/src/main/java/at/petrak/hexcasting/datagen/tag/HexItemTagProvider.java:33: error: cannot find symbol
Fabric 1.21.11 build	Build Fabric artifact	2026-08-18T15:23:51.0002270Z           add(tag(HexTags.Items.STAVES),
Fabric 1.21.11 build	Build Fabric artifact	2026-08-18T15:23:51.0002469Z               ^
Fabric 1.21.11 build	Build Fabric artifact	2026-08-18T15:23:51.0002592Z     symbol:   method tag(TagKey<Item>)
Fabric 1.21.11 build	Build Fabric artifact	2026-08-18T15:23:51.0002691Z     location: class HexItemTagProvider
Fabric 1.21.11 build	Build Fabric artifact	2026-08-18T15:23:51.0003137Z   /home/runner/work/Redliner101/Redliner101/Common/src/main/java/at/petrak/hexcasting/datagen/tag/HexItemTagProvider.java:41: error: cannot find symbol
Fabric 1.21.11 build	Build Fabric artifact	2026-08-18T15:23:51.0003247Z           add(tag(HexTags.Items.PHIAL_BASE),
Fabric 1.21.11 build	Build Fabric artifact	2026-08-18T15:23:51.0003333Z               ^
Fabric 1.21.11 build	Build Fabric artifact	2026-08-18T15:23:51.0003500Z     symbol:   method tag(TagKey<Item>)
Fabric 1.21.11 build	Build Fabric artifact	2026-08-18T15:23:51.0003607Z     location: class HexItemTagProvider
Fabric 1.21.11 build	Build Fabric artifact	2026-08-18T15:23:51.0004056Z   /home/runner/work/Redliner101/Redliner101/Common/src/main/java/at/petrak/hexcasting/datagen/tag/HexItemTagProvider.java:43: error: cannot find symbol
Fabric 1.21.11 build	Build Fabric artifact	2026-08-18T15:23:51.0004199Z           add(tag(HexTags.Items.GRANTS_ROOT_ADVANCEMENT),
Fabric 1.21.11 build	Build Fabric artifact	2026-08-18T15:23:51.0004282Z               ^
Fabric 1.21.11 build	Build Fabric artifact	2026-08-18T15:23:51.0004377Z     symbol:   method tag(TagKey<Item>)
Fabric 1.21.11 build	Build Fabric artifact	2026-08-18T15:23:51.0004484Z     location: class HexItemTagProvider
Fabric 1.21.11 build	Build Fabric artifact	2026-08-18T15:23:51.0004930Z   /home/runner/work/Redliner101/Redliner101/Common/src/main/java/at/petrak/hexcasting/datagen/tag/HexItemTagProvider.java:46: error: cannot find symbol
Fabric 1.21.11 build	Build Fabric artifact	2026-08-18T15:23:51.0005053Z           add(tag(HexTags.Items.SEAL_MATERIALS),
Fabric 1.21.11 build	Build Fabric artifact	2026-08-18T15:23:51.0005173Z               ^
Fabric 1.21.11 build	Build Fabric artifact	2026-08-18T15:23:51.0005327Z     symbol:   method tag(TagKey<Item>)
Fabric 1.21.11 build	Build Fabric artifact	2026-08-18T15:23:51.0005470Z     location: class HexItemTagProvider
Fabric 1.21.11 build	Build Fabric artifact	2026-08-18T15:23:51.0006125Z   /home/runner/work/Redliner101/Redliner101/Common/src/main/java/at/petrak/hexcasting/datagen/tag/HexActionTagProvider.java:33: error: cannot find symbol
Fabric 1.21.11 build	Build Fabric artifact	2026-08-18T15:23:51.0006362Z               tag(ersatzActionTag(HexTags.Actions.REQUIRES_ENLIGHTENMENT)).add(key);
Fabric 1.21.11 build	Build Fabric artifact	2026-08-18T15:23:51.0006540Z               ^
Fabric 1.21.11 build	Build Fabric artifact	2026-08-18T15:23:51.0006724Z     symbol:   method tag(TagKey<ActionRegistryEntry>)
Fabric 1.21.11 build	Build Fabric artifact	2026-08-18T15:23:51.0006842Z     location: class HexActionTagProvider
Fabric 1.21.11 build	Build Fabric artifact	2026-08-18T15:23:51.0007277Z   /home/runner/work/Redliner101/Redliner101/Common/src/main/java/at/petrak/hexcasting/datagen/tag/HexActionTagProvider.java:34: error: cannot find symbol
Fabric 1.21.11 build	Build Fabric artifact	2026-08-18T15:23:51.0007480Z               tag(ersatzActionTag(HexTags.Actions.CAN_START_ENLIGHTEN)).add(key);
Fabric 1.21.11 build	Build Fabric artifact	2026-08-18T15:23:51.0007564Z               ^
Fabric 1.21.11 build	Build Fabric artifact	2026-08-18T15:23:51.0007691Z     symbol:   method tag(TagKey<ActionRegistryEntry>)
Fabric 1.21.11 build	Build Fabric artifact	2026-08-18T15:23:51.0007801Z     location: class HexActionTagProvider
Fabric 1.21.11 build	Build Fabric artifact	2026-08-18T15:23:51.0008247Z   /home/runner/work/Redliner101/Redliner101/Common/src/main/java/at/petrak/hexcasting/datagen/tag/HexActionTagProvider.java:35: error: cannot find symbol
Fabric 1.21.11 build	Build Fabric artifact	2026-08-18T15:23:51.0008447Z               tag(ersatzActionTag(HexTags.Actions.PER_WORLD_PATTERN)).add(key);
Fabric 1.21.11 build	Build Fabric artifact	2026-08-18T15:23:51.0008527Z               ^
Fabric 1.21.11 build	Build Fabric artifact	2026-08-18T15:23:51.0008657Z     symbol:   method tag(TagKey<ActionRegistryEntry>)
Fabric 1.21.11 build	Build Fabric artifact	2026-08-18T15:23:51.0008760Z     location: class HexActionTagProvider
Fabric 1.21.11 build	Build Fabric artifact	2026-08-18T15:23:51.0009213Z   /home/runner/work/Redliner101/Redliner101/Common/src/main/java/at/petrak/hexcasting/datagen/tag/HexBlockTagProvider.java:29: error: cannot find symbol
Fabric 1.21.11 build	Build Fabric artifact	2026-08-18T15:23:51.0009317Z           add(tag(HexTags.Blocks.IMPETI),
Fabric 1.21.11 build	Build Fabric artifact	2026-08-18T15:23:51.0009401Z               ^
Fabric 1.21.11 build	Build Fabric artifact	2026-08-18T15:23:51.0009498Z     symbol:   method tag(TagKey<Block>)
Fabric 1.21.11 build	Build Fabric artifact	2026-08-18T15:23:51.0009724Z     location: class HexBlockTagProvider
Fabric 1.21.11 build	Build Fabric artifact	2026-08-18T15:23:51.0010447Z   /home/runner/work/Redliner101/Redliner101/Common/src/main/java/at/petrak/hexcasting/datagen/tag/HexBlockTagProvider.java:31: error: cannot find symbol
Fabric 1.21.11 build	Build Fabric artifact	2026-08-18T15:23:51.0010568Z           add(tag(HexTags.Blocks.DIRECTRICES),
Fabric 1.21.11 build	Build Fabric artifact	2026-08-18T15:23:51.0010652Z               ^
Fabric 1.21.11 build	Build Fabric artifact	2026-08-18T15:23:51.0010747Z     symbol:   method tag(TagKey<Block>)
Fabric 1.21.11 build	Build Fabric artifact	2026-08-18T15:23:51.0010917Z     location: class HexBlockTagProvider
Fabric 1.21.11 build	Build Fabric artifact	2026-08-18T15:23:51.0011497Z   /home/runner/work/Redliner101/Redliner101/Common/src/main/java/at/petrak/hexcasting/datagen/tag/HexBlockTagProvider.java:33: error: cannot find symbol
Fabric 1.21.11 build	Build Fabric artifact	2026-08-18T15:23:51.0011670Z           tag(HexTags.Blocks.MINDFLAYED_CIRCLE_COMPONENTS)
Fabric 1.21.11 build	Build Fabric artifact	2026-08-18T15:23:51.0011746Z           ^
Fabric 1.21.11 build	Build Fabric artifact	2026-08-18T15:23:51.0011846Z     symbol:   method tag(TagKey<Block>)
Fabric 1.21.11 build	Build Fabric artifact	2026-08-18T15:23:51.0011941Z     location: class HexBlockTagProvider
Fabric 1.21.11 build	Build Fabric artifact	2026-08-18T15:23:51.0012378Z   /home/runner/work/Redliner101/Redliner101/Common/src/main/java/at/petrak/hexcasting/datagen/tag/HexBlockTagProvider.java:37: error: cannot find symbol
Fabric 1.21.11 build	Build Fabric artifact	2026-08-18T15:23:51.0012493Z           add(tag(BlockTags.MINEABLE_WITH_PICKAXE),
Fabric 1.21.11 build	Build Fabric artifact	2026-08-18T15:23:51.0012647Z               ^
Fabric 1.21.11 build	Build Fabric artifact	2026-08-18T15:23:51.0012740Z     symbol:   method tag(TagKey<Block>)
Fabric 1.21.11 build	Build Fabric artifact	2026-08-18T15:23:51.0012843Z     location: class HexBlockTagProvider
Fabric 1.21.11 build	Build Fabric artifact	2026-08-18T15:23:51.0013271Z   /home/runner/work/Redliner101/Redliner101/Common/src/main/java/at/petrak/hexcasting/datagen/tag/HexBlockTagProvider.java:49: error: cannot find symbol
Fabric 1.21.11 build	Build Fabric artifact	2026-08-18T15:23:51.0013395Z           add(tag(BlockTags.MINEABLE_WITH_SHOVEL),
Fabric 1.21.11 build	Build Fabric artifact	2026-08-18T15:23:51.0013476Z               ^
Fabric 1.21.11 build	Build Fabric artifact	2026-08-18T15:23:51.0013568Z     symbol:   method tag(TagKey<Block>)
Fabric 1.21.11 build	Build Fabric artifact	2026-08-18T15:23:51.0013670Z     location: class HexBlockTagProvider
Fabric 1.21.11 build	Build Fabric artifact	2026-08-18T15:23:51.0014100Z   /home/runner/work/Redliner101/Redliner101/Common/src/main/java/at/petrak/hexcasting/datagen/tag/HexBlockTagProvider.java:52: error: cannot find symbol
Fabric 1.21.11 build	Build Fabric artifact	2026-08-18T15:23:51.0014216Z           add(tag(BlockTags.MINEABLE_WITH_AXE),
Fabric 1.21.11 build	Build Fabric artifact	2026-08-18T15:23:51.0014289Z               ^
Fabric 1.21.11 build	Build Fabric artifact	2026-08-18T15:23:51.0014391Z     symbol:   method tag(TagKey<Block>)
Fabric 1.21.11 build	Build Fabric artifact	2026-08-18T15:23:51.0014489Z     location: class HexBlockTagProvider
Fabric 1.21.11 build	Build Fabric artifact	2026-08-18T15:23:51.0014926Z   /home/runner/work/Redliner101/Redliner101/Common/src/main/java/at/petrak/hexcasting/datagen/tag/HexBlockTagProvider.java:62: error: cannot find symbol
Fabric 1.21.11 build	Build Fabric artifact	2026-08-18T15:23:51.0015087Z           add(tag(BlockTags.MINEABLE_WITH_HOE),
Fabric 1.21.11 build	Build Fabric artifact	2026-08-18T15:23:51.0015171Z               ^
Fabric 1.21.11 build	Build Fabric artifact	2026-08-18T15:23:51.0015262Z     symbol:   method tag(TagKey<Block>)
Fabric 1.21.11 build	Build Fabric artifact	2026-08-18T15:23:51.0015366Z     location: class HexBlockTagProvider
Fabric 1.21.11 build	Build Fabric artifact	2026-08-18T15:23:51.0015786Z   /home/runner/work/Redliner101/Redliner101/Common/src/main/java/at/petrak/hexcasting/datagen/tag/HexBlockTagProvider.java:66: error: cannot find symbol
Fabric 1.21.11 build	Build Fabric artifact	2026-08-18T15:23:51.0015906Z           add(tag(BlockTags.CRYSTAL_SOUND_BLOCKS),
Fabric 1.21.11 build	Build Fabric artifact	2026-08-18T15:23:51.0015987Z               ^
Fabric 1.21.11 build	Build Fabric artifact	2026-08-18T15:23:51.0016078Z     symbol:   method tag(TagKey<Block>)
Fabric 1.21.11 build	Build Fabric artifact	2026-08-18T15:23:51.0016181Z     location: class HexBlockTagProvider
Fabric 1.21.11 build	Build Fabric artifact	2026-08-18T15:23:51.0016603Z   /home/runner/work/Redliner101/Redliner101/Common/src/main/java/at/petrak/hexcasting/datagen/tag/HexBlockTagProvider.java:70: error: cannot find symbol
Fabric 1.21.11 build	Build Fabric artifact	2026-08-18T15:23:51.0016719Z           add(tag(HexTags.Blocks.EDIFIED_LOGS),
Fabric 1.21.11 build	Build Fabric artifact	2026-08-18T15:23:51.0016791Z               ^
Fabric 1.21.11 build	Build Fabric artifact	2026-08-18T15:23:51.0016887Z     symbol:   method tag(TagKey<Block>)
Fabric 1.21.11 build	Build Fabric artifact	2026-08-18T15:23:51.0016986Z     location: class HexBlockTagProvider
Fabric 1.21.11 build	Build Fabric artifact	2026-08-18T15:23:51.0017867Z   /home/runner/work/Redliner101/Redliner101/Common/src/main/java/at/petrak/hexcasting/datagen/tag/HexBlockTagProvider.java:75: error: cannot find symbol
Fabric 1.21.11 build	Build Fabric artifact	2026-08-18T15:23:51.0017978Z           add(tag(BlockTags.LOGS),
Fabric 1.21.11 build	Build Fabric artifact	2026-08-18T15:23:51.0018063Z               ^
Fabric 1.21.11 build	Build Fabric artifact	2026-08-18T15:23:51.0018157Z     symbol:   method tag(TagKey<Block>)
Fabric 1.21.11 build	Build Fabric artifact	2026-08-18T15:23:51.0018265Z     location: class HexBlockTagProvider
Fabric 1.21.11 build	Build Fabric artifact	2026-08-18T15:23:51.0018819Z   /home/runner/work/Redliner101/Redliner101/Common/src/main/java/at/petrak/hexcasting/datagen/tag/HexBlockTagProvider.java:80: error: cannot find symbol
Fabric 1.21.11 build	Build Fabric artifact	2026-08-18T15:23:51.0018943Z           add(tag(BlockTags.LOGS_THAT_BURN),
Fabric 1.21.11 build	Build Fabric artifact	2026-08-18T15:23:51.0019026Z               ^
Fabric 1.21.11 build	Build Fabric artifact	2026-08-18T15:23:51.0019128Z     symbol:   method tag(TagKey<Block>)
Fabric 1.21.11 build	Build Fabric artifact	2026-08-18T15:23:51.0019226Z     location: class HexBlockTagProvider
Fabric 1.21.11 build	Build Fabric artifact	2026-08-18T15:23:51.0019794Z   /home/runner/work/Redliner101/Redliner101/Common/src/main/java/at/petrak/hexcasting/datagen/tag/HexBlockTagProvider.java:85: error: cannot find symbol
Fabric 1.21.11 build	Build Fabric artifact	2026-08-18T15:23:51.0019915Z           add(tag(BlockTags.LEAVES),
Fabric 1.21.11 build	Build Fabric artifact	2026-08-18T15:23:51.0019990Z               ^
Fabric 1.21.11 build	Build Fabric artifact	2026-08-18T15:23:51.0020088Z     symbol:   method tag(TagKey<Block>)
Fabric 1.21.11 build	Build Fabric artifact	2026-08-18T15:23:51.0020186Z     location: class HexBlockTagProvider
Fabric 1.21.11 build	Build Fabric artifact	2026-08-18T15:23:51.0020617Z   /home/runner/work/Redliner101/Redliner101/Common/src/main/java/at/petrak/hexcasting/datagen/tag/HexBlockTagProvider.java:89: error: cannot find symbol
Fabric 1.21.11 build	Build Fabric artifact	2026-08-18T15:23:51.0020713Z           add(tag(BlockTags.PLANKS),
Fabric 1.21.11 build	Build Fabric artifact	2026-08-18T15:23:51.0020793Z               ^
Fabric 1.21.11 build	Build Fabric artifact	2026-08-18T15:23:51.0020887Z     symbol:   method tag(TagKey<Block>)
Fabric 1.21.11 build	Build Fabric artifact	2026-08-18T15:23:51.0020994Z     location: class HexBlockTagProvider
Fabric 1.21.11 build	Build Fabric artifact	2026-08-18T15:23:51.0021488Z   /home/runner/work/Redliner101/Redliner101/Common/src/main/java/at/petrak/hexcasting/datagen/tag/HexBlockTagProvider.java:91: error: cannot find symbol
Fabric 1.21.11 build	Build Fabric artifact	2026-08-18T15:23:51.0021609Z           add(tag(HexTags.Blocks.EDIFIED_PLANKS),
Fabric 1.21.11 build	Build Fabric artifact	2026-08-18T15:23:51.0021687Z               ^
Fabric 1.21.11 build	Build Fabric artifact	2026-08-18T15:23:51.0021786Z     symbol:   method tag(TagKey<Block>)
Fabric 1.21.11 build	Build Fabric artifact	2026-08-18T15:23:51.0021882Z     location: class HexBlockTagProvider
Fabric 1.21.11 build	Build Fabric artifact	2026-08-18T15:23:51.0022317Z   /home/runner/work/Redliner101/Redliner101/Common/src/main/java/at/petrak/hexcasting/datagen/tag/HexBlockTagProvider.java:93: error: cannot find symbol
Fabric 1.21.11 build	Build Fabric artifact	2026-08-18T15:23:51.0022417Z           add(tag(BlockTags.SLABS),
Fabric 1.21.11 build	Build Fabric artifact	2026-08-18T15:23:51.0022493Z               ^
Fabric 1.21.11 build	Build Fabric artifact	2026-08-18T15:23:51.0022592Z     symbol:   method tag(TagKey<Block>)
Fabric 1.21.11 build	Build Fabric artifact	2026-08-18T15:23:51.0022688Z     location: class HexBlockTagProvider
Fabric 1.21.11 build	Build Fabric artifact	2026-08-18T15:23:51.0023146Z   /home/runner/work/Redliner101/Redliner101/Common/src/main/java/at/petrak/hexcasting/datagen/tag/HexBlockTagProvider.java:95: error: cannot find symbol
Fabric 1.21.11 build	Build Fabric artifact	2026-08-18T15:23:51.0023259Z           add(tag(BlockTags.WOODEN_SLABS),
Fabric 1.21.11 build	Build Fabric artifact	2026-08-18T15:23:51.0023343Z               ^
Fabric 1.21.11 build	Build Fabric artifact	2026-08-18T15:23:51.0023434Z     symbol:   method tag(TagKey<Block>)
Fabric 1.21.11 build	Build Fabric artifact	2026-08-18T15:23:51.0023595Z     location: class HexBlockTagProvider
Fabric 1.21.11 build	Build Fabric artifact	2026-08-18T15:23:51.0024020Z   /home/runner/work/Redliner101/Redliner101/Common/src/main/java/at/petrak/hexcasting/datagen/tag/HexBlockTagProvider.java:97: error: cannot find symbol
Fabric 1.21.11 build	Build Fabric artifact	2026-08-18T15:23:51.0024121Z           add(tag(BlockTags.STAIRS),
Fabric 1.21.11 build	Build Fabric artifact	2026-08-18T15:23:51.0024194Z               ^
Fabric 1.21.11 build	Build Fabric artifact	2026-08-18T15:23:51.0024293Z     symbol:   method tag(TagKey<Block>)
Fabric 1.21.11 build	Build Fabric artifact	2026-08-18T15:23:51.0024387Z     location: class HexBlockTagProvider
Fabric 1.21.11 build	Build Fabric artifact	2026-08-18T15:23:51.0024816Z   /home/runner/work/Redliner101/Redliner101/Common/src/main/java/at/petrak/hexcasting/datagen/tag/HexBlockTagProvider.java:99: error: cannot find symbol
Fabric 1.21.11 build	Build Fabric artifact	2026-08-18T15:23:51.0024906Z           add(tag(BlockTags.FENCES),
Fabric 1.21.11 build	Build Fabric artifact	2026-08-18T15:23:51.0024990Z               ^
Fabric 1.21.11 build	Build Fabric artifact	2026-08-18T15:23:51.0025087Z     symbol:   method tag(TagKey<Block>)
Fabric 1.21.11 build	Build Fabric artifact	2026-08-18T15:23:51.0025182Z     location: class HexBlockTagProvider
Fabric 1.21.11 build	Build Fabric artifact	2026-08-18T15:23:51.0025616Z   /home/runner/work/Redliner101/Redliner101/Common/src/main/java/at/petrak/hexcasting/datagen/tag/HexBlockTagProvider.java:101: error: cannot find symbol
Fabric 1.21.11 build	Build Fabric artifact	2026-08-18T15:23:51.0025719Z           add(tag(BlockTags.WOODEN_FENCES),
Fabric 1.21.11 build	Build Fabric artifact	2026-08-18T15:23:51.0025798Z               ^
Fabric 1.21.11 build	Build Fabric artifact	2026-08-18T15:23:51.0025887Z     symbol:   method tag(TagKey<Block>)
Fabric 1.21.11 build	Build Fabric artifact	2026-08-18T15:23:51.0025989Z     location: class HexBlockTagProvider
Fabric 1.21.11 build	Build Fabric artifact	2026-08-18T15:23:51.0026410Z   /home/runner/work/Redliner101/Redliner101/Common/src/main/java/at/petrak/hexcasting/datagen/tag/HexBlockTagProvider.java:103: error: cannot find symbol
Fabric 1.21.11 build	Build Fabric artifact	2026-08-18T15:23:51.0026514Z           add(tag(BlockTags.FENCE_GATES),
Fabric 1.21.11 build	Build Fabric artifact	2026-08-18T15:23:51.0026588Z               ^
Fabric 1.21.11 build	Build Fabric artifact	2026-08-18T15:23:51.0026687Z     symbol:   method tag(TagKey<Block>)
Fabric 1.21.11 build	Build Fabric artifact	2026-08-18T15:23:51.0026782Z     location: class HexBlockTagProvider
Fabric 1.21.11 build	Build Fabric artifact	2026-08-18T15:23:51.0027215Z   /home/runner/work/Redliner101/Redliner101/Common/src/main/java/at/petrak/hexcasting/datagen/tag/HexBlockTagProvider.java:105: error: cannot find symbol
Fabric 1.21.11 build	Build Fabric artifact	2026-08-18T15:23:51.0027331Z           add(tag(BlockTags.UNSTABLE_BOTTOM_CENTER),
Fabric 1.21.11 build	Build Fabric artifact	2026-08-18T15:23:51.0027415Z               ^
Fabric 1.21.11 build	Build Fabric artifact	2026-08-18T15:23:51.0027506Z     symbol:   method tag(TagKey<Block>)
Fabric 1.21.11 build	Build Fabric artifact	2026-08-18T15:23:51.0027607Z     location: class HexBlockTagProvider
Fabric 1.21.11 build	Build Fabric artifact	2026-08-18T15:23:51.0028042Z   /home/runner/work/Redliner101/Redliner101/Common/src/main/java/at/petrak/hexcasting/datagen/tag/HexBlockTagProvider.java:109: error: cannot find symbol
Fabric 1.21.11 build	Build Fabric artifact	2026-08-18T15:23:51.0028140Z           add(tag(BlockTags.WOODEN_FENCES),
Fabric 1.21.11 build	Build Fabric artifact	2026-08-18T15:23:51.0028221Z               ^
Fabric 1.21.11 build	Build Fabric artifact	2026-08-18T15:23:51.0028311Z     symbol:   method tag(TagKey<Block>)
Fabric 1.21.11 build	Build Fabric artifact	2026-08-18T15:23:51.0028414Z     location: class HexBlockTagProvider
Fabric 1.21.11 build	Build Fabric artifact	2026-08-18T15:23:51.0028841Z   /home/runner/work/Redliner101/Redliner101/Common/src/main/java/at/petrak/hexcasting/datagen/tag/HexBlockTagProvider.java:111: error: cannot find symbol
Fabric 1.21.11 build	Build Fabric artifact	2026-08-18T15:23:51.0029019Z           add(tag(BlockTags.WOODEN_STAIRS),
Fabric 1.21.11 build	Build Fabric artifact	2026-08-18T15:23:51.0029092Z               ^
Fabric 1.21.11 build	Build Fabric artifact	2026-08-18T15:23:51.0029190Z     symbol:   method tag(TagKey<Block>)
Fabric 1.21.11 build	Build Fabric artifact	2026-08-18T15:23:51.0029287Z     location: class HexBlockTagProvider
Fabric 1.21.11 build	Build Fabric artifact	2026-08-18T15:23:51.0029887Z   /home/runner/work/Redliner101/Redliner101/Common/src/main/java/at/petrak/hexcasting/datagen/tag/HexBlockTagProvider.java:113: error: cannot find symbol
Fabric 1.21.11 build	Build Fabric artifact	2026-08-18T15:23:51.0029990Z           add(tag(BlockTags.DOORS),
Fabric 1.21.11 build	Build Fabric artifact	2026-08-18T15:23:51.0030073Z               ^
Fabric 1.21.11 build	Build Fabric artifact	2026-08-18T15:23:51.0030167Z     symbol:   method tag(TagKey<Block>)
Fabric 1.21.11 build	Build Fabric artifact	2026-08-18T15:23:51.0030273Z     location: class HexBlockTagProvider
Fabric 1.21.11 build	Build Fabric artifact	2026-08-18T15:23:51.0030711Z   /home/runner/work/Redliner101/Redliner101/Common/src/main/java/at/petrak/hexcasting/datagen/tag/HexBlockTagProvider.java:115: error: cannot find symbol
Fabric 1.21.11 build	Build Fabric artifact	2026-08-18T15:23:51.0030819Z           add(tag(BlockTags.WOODEN_DOORS),
Fabric 1.21.11 build	Build Fabric artifact	2026-08-18T15:23:51.0030906Z               ^
Fabric 1.21.11 build	Build Fabric artifact	2026-08-18T15:23:51.0030999Z     symbol:   method tag(TagKey<Block>)
Fabric 1.21.11 build	Build Fabric artifact	2026-08-18T15:23:51.0031104Z     location: class HexBlockTagProvider
Fabric 1.21.11 build	Build Fabric artifact	2026-08-18T15:23:51.0031524Z   /home/runner/work/Redliner101/Redliner101/Common/src/main/java/at/petrak/hexcasting/datagen/tag/HexBlockTagProvider.java:117: error: cannot find symbol
Fabric 1.21.11 build	Build Fabric artifact	2026-08-18T15:23:51.0031690Z           add(tag(BlockTags.TRAPDOORS),
Fabric 1.21.11 build	Build Fabric artifact	2026-08-18T15:23:51.0031764Z               ^
Fabric 1.21.11 build	Build Fabric artifact	2026-08-18T15:23:51.0031866Z     symbol:   method tag(TagKey<Block>)
Fabric 1.21.11 build	Build Fabric artifact	2026-08-18T15:23:51.0031961Z     location: class HexBlockTagProvider
Fabric 1.21.11 build	Build Fabric artifact	2026-08-18T15:23:51.0032402Z   /home/runner/work/Redliner101/Redliner101/Common/src/main/java/at/petrak/hexcasting/datagen/tag/HexBlockTagProvider.java:119: error: cannot find symbol
Fabric 1.21.11 build	Build Fabric artifact	2026-08-18T15:23:51.0032506Z           add(tag(BlockTags.WOODEN_TRAPDOORS),
Fabric 1.21.11 build	Build Fabric artifact	2026-08-18T15:23:51.0032725Z               ^
Fabric 1.21.11 build	Build Fabric artifact	2026-08-18T15:23:51.0032830Z     symbol:   method tag(TagKey<Block>)
Fabric 1.21.11 build	Build Fabric artifact	2026-08-18T15:23:51.0032935Z     location: class HexBlockTagProvider
Fabric 1.21.11 build	Build Fabric artifact	2026-08-18T15:23:51.0033371Z   /home/runner/work/Redliner101/Redliner101/Common/src/main/java/at/petrak/hexcasting/datagen/tag/HexBlockTagProvider.java:121: error: cannot find symbol
Fabric 1.21.11 build	Build Fabric artifact	2026-08-18T15:23:51.0033487Z           add(tag(BlockTags.PRESSURE_PLATES),
Fabric 1.21.11 build	Build Fabric artifact	2026-08-18T15:23:51.0033570Z               ^
Fabric 1.21.11 build	Build Fabric artifact	2026-08-18T15:23:51.0033660Z     symbol:   method tag(TagKey<Block>)
Fabric 1.21.11 build	Build Fabric artifact	2026-08-18T15:23:51.0033760Z     location: class HexBlockTagProvider
Fabric 1.21.11 build	Build Fabric artifact	2026-08-18T15:23:51.0034319Z   /home/runner/work/Redliner101/Redliner101/Common/src/main/java/at/petrak/hexcasting/datagen/tag/HexBlockTagProvider.java:123: error: cannot find symbol
Fabric 1.21.11 build	Build Fabric artifact	2026-08-18T15:23:51.0034611Z           add(tag(BlockTags.WOODEN_PRESSURE_PLATES),
Fabric 1.21.11 build	Build Fabric artifact	2026-08-18T15:23:51.0034739Z               ^
Fabric 1.21.11 build	Build Fabric artifact	2026-08-18T15:23:51.0034875Z     symbol:   method tag(TagKey<Block>)
Fabric 1.21.11 build	Build Fabric artifact	2026-08-18T15:23:51.0035015Z     location: class HexBlockTagProvider
Fabric 1.21.11 build	Build Fabric artifact	2026-08-18T15:23:51.0035660Z   /home/runner/work/Redliner101/Redliner101/Common/src/main/java/at/petrak/hexcasting/datagen/tag/HexBlockTagProvider.java:125: error: cannot find symbol
Fabric 1.21.11 build	Build Fabric artifact	2026-08-18T15:23:51.0035799Z           add(tag(BlockTags.BUTTONS),
Fabric 1.21.11 build	Build Fabric artifact	2026-08-18T15:23:51.0035898Z               ^
Fabric 1.21.11 build	Build Fabric artifact	2026-08-18T15:23:51.0036026Z     symbol:   method tag(TagKey<Block>)
Fabric 1.21.11 build	Build Fabric artifact	2026-08-18T15:23:51.0036172Z     location: class HexBlockTagProvider
Fabric 1.21.11 build	Build Fabric artifact	2026-08-18T15:23:51.0036821Z   /home/runner/work/Redliner101/Redliner101/Common/src/main/java/at/petrak/hexcasting/datagen/tag/HexBlockTagProvider.java:127: error: cannot find symbol
Fabric 1.21.11 build	Build Fabric artifact	2026-08-18T15:23:51.0036970Z           add(tag(BlockTags.WOODEN_BUTTONS),
Fabric 1.21.11 build	Build Fabric artifact	2026-08-18T15:23:51.0037057Z               ^
Fabric 1.21.11 build	Build Fabric artifact	2026-08-18T15:23:51.0037190Z     symbol:   method tag(TagKey<Block>)
Fabric 1.21.11 build	Build Fabric artifact	2026-08-18T15:23:51.0037332Z     location: class HexBlockTagProvider
Fabric 1.21.11 build	Build Fabric artifact	2026-08-18T15:23:51.0037992Z   /home/runner/work/Redliner101/Redliner101/Common/src/main/java/at/petrak/hexcasting/datagen/tag/HexBlockTagProvider.java:130: error: cannot find symbol
Fabric 1.21.11 build	Build Fabric artifact	2026-08-18T15:23:51.0038157Z           add(tag(HexTags.Blocks.WATER_PLANTS),
Fabric 1.21.11 build	Build Fabric artifact	2026-08-18T15:23:51.0038374Z               ^
Fabric 1.21.11 build	Build Fabric artifact	2026-08-18T15:23:51.0038506Z     symbol:   method tag(TagKey<Block>)
Fabric 1.21.11 build	Build Fabric artifact	2026-08-18T15:23:51.0038650Z     location: class HexBlockTagProvider
Fabric 1.21.11 build	Build Fabric artifact	2026-08-18T15:23:51.0039308Z   /home/runner/work/Redliner101/Redliner101/Common/src/main/java/at/petrak/hexcasting/datagen/tag/HexBlockTagProvider.java:132: error: cannot find symbol
Fabric 1.21.11 build	Build Fabric artifact	2026-08-18T15:23:51.0039442Z           add(tag(HexTags.Blocks.CHEAP_TO_BREAK_BLOCK),
Fabric 1.21.11 build	Build Fabric artifact	2026-08-18T15:23:51.0039524Z               ^
Fabric 1.21.11 build	Build Fabric artifact	2026-08-18T15:23:51.0041245Z     symbol:   method tag(TagKey<Block>)
Fabric 1.21.11 build	Build Fabric artifact	2026-08-18T15:23:51.0041405Z     location: class HexBlockTagProvider
Fabric 1.21.11 build	Build Fabric artifact	2026-08-18T15:23:51.0041848Z   /home/runner/work/Redliner101/Redliner101/Common/src/main/java/at/petrak/hexcasting/datagen/tag/HexBlockTagProvider.java:135: error: cannot find symbol
Fabric 1.21.11 build	Build Fabric artifact	2026-08-18T15:23:51.0041967Z           add(tag(HexTags.Blocks.SLATE_BLOCKS),
Fabric 1.21.11 build	Build Fabric artifact	2026-08-18T15:23:51.0042039Z               ^
Fabric 1.21.11 build	Build Fabric artifact	2026-08-18T15:23:51.0042139Z     symbol:   method tag(TagKey<Block>)
Fabric 1.21.11 build	Build Fabric artifact	2026-08-18T15:23:51.0042246Z     location: class HexBlockTagProvider
Fabric 1.21.11 build	Build Fabric artifact	2026-08-18T15:23:51.0042696Z   /home/runner/work/Redliner101/Redliner101/Common/src/main/java/at/petrak/hexcasting/datagen/tag/HexBlockTagProvider.java:137: error: cannot find symbol
Fabric 1.21.11 build	Build Fabric artifact	2026-08-18T15:23:51.0042817Z           add(tag(HexTags.Blocks.AMETHYST_BLOCKS),
Fabric 1.21.11 build	Build Fabric artifact	2026-08-18T15:23:51.0042986Z               ^
Fabric 1.21.11 build	Build Fabric artifact	2026-08-18T15:23:51.0043086Z     symbol:   method tag(TagKey<Block>)
Fabric 1.21.11 build	Build Fabric artifact	2026-08-18T15:23:51.0043182Z     location: class HexBlockTagProvider
Fabric 1.21.11 build	Build Fabric artifact	2026-08-18T15:23:51.0043621Z   /home/runner/work/Redliner101/Redliner101/Common/src/main/java/at/petrak/hexcasting/datagen/tag/HexBlockTagProvider.java:139: error: cannot find symbol
Fabric 1.21.11 build	Build Fabric artifact	2026-08-18T15:23:51.0043753Z           add(tag(HexTags.Blocks.QUENCHED_ALLAY_BLOCKS),
Fabric 1.21.11 build	Build Fabric artifact	2026-08-18T15:23:51.0043835Z               ^
Fabric 1.21.11 build	Build Fabric artifact	2026-08-18T15:23:51.0043925Z     symbol:   method tag(TagKey<Block>)
Fabric 1.21.11 build	Build Fabric artifact	2026-08-18T15:23:51.0044031Z     location: class HexBlockTagProvider
Fabric 1.21.11 build	Build Fabric artifact	2026-08-18T15:23:51.0044468Z   /home/runner/work/Redliner101/Redliner101/Common/src/main/java/at/petrak/hexcasting/datagen/tag/HexBlockTagProvider.java:144: error: cannot find symbol
Fabric 1.21.11 build	Build Fabric artifact	2026-08-18T15:23:51.0044739Z           tag(createBrittle).addOptionalTag(BuiltInRegistries.BLOCK.getKey(HexBlocks.SLATE));
Fabric 1.21.11 build	Build Fabric artifact	2026-08-18T15:23:51.0044816Z           ^
Fabric 1.21.11 build	Build Fabric artifact	2026-08-18T15:23:51.0044923Z     symbol:   method tag(TagKey<Block>)
Fabric 1.21.11 build	Build Fabric artifact	2026-08-18T15:23:51.0045018Z     location: class HexBlockTagProvider
Fabric 1.21.11 build	Build Fabric artifact	2026-08-18T15:23:51.0045423Z   /home/runner/work/Redliner101/Redliner101/Common/src/main/java/at/petrak/hexcasting/api/utils/CodecHelper.java:13: error: cannot find symbol
Fabric 1.21.11 build	Build Fabric artifact	2026-08-18T15:23:51.0045523Z           return Codec.unit(value);
Fabric 1.21.11 build	Build Fabric artifact	2026-08-18T15:23:51.0045602Z                       ^
Fabric 1.21.11 build	Build Fabric artifact	2026-08-18T15:23:51.0045707Z     symbol:   method unit(Supplier<T>)
Fabric 1.21.11 build	Build Fabric artifact	2026-08-18T15:23:51.0045802Z     location: interface Codec
Fabric 1.21.11 build	Build Fabric artifact	2026-08-18T15:23:51.0045905Z     where T is a type-variable:
Fabric 1.21.11 build	Build Fabric artifact	2026-08-18T15:23:51.0046055Z       T extends Object declared in method <T>unit(Supplier<T>)
Fabric 1.21.11 build	Build Fabric artifact	2026-08-18T15:23:51.0046484Z   /home/runner/work/Redliner101/Redliner101/Common/src/main/java/at/petrak/hexcasting/mixin/MixinWanderingTrader.java:30: error: cannot find symbol
Fabric 1.21.11 build	Build Fabric artifact	2026-08-18T15:23:51.0046743Z           if (rand.nextFloat() < HexConfig.server().traderScrollChance() && self.getServer() != null) {
Fabric 1.21.11 build	Build Fabric artifact	2026-08-18T15:23:51.0046877Z                                                                                 ^
Fabric 1.21.11 build	Build Fabric artifact	2026-08-18T15:23:51.0046971Z     symbol:   method getServer()
Fabric 1.21.11 build	Build Fabric artifact	2026-08-18T15:23:51.0047104Z     location: variable self of type WanderingTrader
Fabric 1.21.11 build	Build Fabric artifact	2026-08-18T15:23:51.0047518Z   /home/runner/work/Redliner101/Redliner101/Common/src/main/java/at/petrak/hexcasting/mixin/MixinWanderingTrader.java:32: error: cannot find symbol
Fabric 1.21.11 build	Build Fabric artifact	2026-08-18T15:23:51.0047784Z               AddPerWorldPatternToScrollFunc.doStatic(scroll, rand, self.getServer().overworld());
Fabric 1.21.11 build	Build Fabric artifact	2026-08-18T15:23:51.0047905Z                                                                         ^
Fabric 1.21.11 build	Build Fabric artifact	2026-08-18T15:23:51.0047997Z     symbol:   method getServer()
Fabric 1.21.11 build	Build Fabric artifact	2026-08-18T15:23:51.0048124Z     location: variable self of type WanderingTrader
Fabric 1.21.11 build	Build Fabric artifact	2026-08-18T15:23:51.0048626Z   /home/runner/work/Redliner101/Redliner101/Common/src/main/java/at/petrak/hexcasting/server/ScrungledPatternsSave.java:71: error: cannot find symbol
Fabric 1.21.11 build	Build Fabric artifact	2026-08-18T15:23:51.0048805Z               inner.putString(TAG_KEY, entry.key().location().toString());
Fabric 1.21.11 build	Build Fabric artifact	2026-08-18T15:23:51.0048901Z                                                   ^
Fabric 1.21.11 build	Build Fabric artifact	2026-08-18T15:23:51.0048999Z     symbol:   method location()
Fabric 1.21.11 build	Build Fabric artifact	2026-08-18T15:23:51.0049126Z     location: class ResourceKey<ActionRegistryEntry>
Fabric 1.21.11 build	Build Fabric artifact	2026-08-18T15:23:51.0049562Z   /home/runner/work/Redliner101/Redliner101/Common/src/main/java/at/petrak/hexcasting/server/ScrungledPatternsSave.java:81: error: cannot find symbol
Fabric 1.21.11 build	Build Fabric artifact	2026-08-18T15:23:51.0049874Z           for (var sig : tag.getAllKeys()) {
Fabric 1.21.11 build	Build Fabric artifact	2026-08-18T15:23:51.0049980Z                             ^
Fabric 1.21.11 build	Build Fabric artifact	2026-08-18T15:23:51.0050076Z     symbol:   method getAllKeys()
Fabric 1.21.11 build	Build Fabric artifact	2026-08-18T15:23:51.0050197Z     location: variable tag of type CompoundTag
Fabric 1.21.11 build	Build Fabric artifact	2026-08-18T15:23:51.0050623Z   /home/runner/work/Redliner101/Redliner101/Common/src/main/java/at/petrak/hexcasting/server/ScrungledPatternsSave.java:109: error: cannot find symbol
Fabric 1.21.11 build	Build Fabric artifact	2026-08-18T15:23:51.0050852Z                   var scrungledPat = EulerPathFinder.findAltDrawing(entry.prototype(), seed);
Fabric 1.21.11 build	Build Fabric artifact	2026-08-18T15:23:51.0051070Z                                                                          ^
Fabric 1.21.11 build	Build Fabric artifact	2026-08-18T15:23:51.0051162Z     symbol:   method prototype()
Fabric 1.21.11 build	Build Fabric artifact	2026-08-18T15:23:51.0051362Z     location: variable entry of type Optional<Reference<ActionRegistryEntry>>
Fabric 1.21.11 build	Build Fabric artifact	2026-08-18T15:23:51.0051793Z   /home/runner/work/Redliner101/Redliner101/Common/src/main/java/at/petrak/hexcasting/datagen/tag/HexItemTagProvider.java:49: error: cannot find symbol
Fabric 1.21.11 build	Build Fabric artifact	2026-08-18T15:23:51.0051987Z           this.copy(HexTags.Blocks.EDIFIED_LOGS, HexTags.Items.EDIFIED_LOGS);
Fabric 1.21.11 build	Build Fabric artifact	2026-08-18T15:23:51.0052062Z               ^
Fabric 1.21.11 build	Build Fabric artifact	2026-08-18T15:23:51.0052187Z     symbol: method copy(TagKey<Block>,TagKey<Item>)
Fabric 1.21.11 build	Build Fabric artifact	2026-08-18T15:23:51.0052613Z   /home/runner/work/Redliner101/Redliner101/Common/src/main/java/at/petrak/hexcasting/datagen/tag/HexItemTagProvider.java:50: error: cannot find symbol
Fabric 1.21.11 build	Build Fabric artifact	2026-08-18T15:23:51.0052814Z           this.copy(HexTags.Blocks.EDIFIED_PLANKS, HexTags.Items.EDIFIED_PLANKS);
Fabric 1.21.11 build	Build Fabric artifact	2026-08-18T15:23:51.0052887Z               ^
Fabric 1.21.11 build	Build Fabric artifact	2026-08-18T15:23:51.0053015Z     symbol: method copy(TagKey<Block>,TagKey<Item>)
Fabric 1.21.11 build	Build Fabric artifact	2026-08-18T15:23:51.0053421Z   /home/runner/work/Redliner101/Redliner101/Common/src/main/java/at/petrak/hexcasting/datagen/tag/HexItemTagProvider.java:51: error: cannot find symbol
Fabric 1.21.11 build	Build Fabric artifact	2026-08-18T15:23:51.0053579Z           this.copy(HexTags.Blocks.IMPETI, HexTags.Items.IMPETI);
Fabric 1.21.11 build	Build Fabric artifact	2026-08-18T15:23:51.0053658Z               ^
Fabric 1.21.11 build	Build Fabric artifact	2026-08-18T15:23:51.0053772Z     symbol: method copy(TagKey<Block>,TagKey<Item>)
Fabric 1.21.11 build	Build Fabric artifact	2026-08-18T15:23:51.0054187Z   /home/runner/work/Redliner101/Redliner101/Common/src/main/java/at/petrak/hexcasting/datagen/tag/HexItemTagProvider.java:52: error: cannot find symbol
Fabric 1.21.11 build	Build Fabric artifact	2026-08-18T15:23:51.0054368Z           this.copy(HexTags.Blocks.DIRECTRICES, HexTags.Items.DIRECTRICES);
Fabric 1.21.11 build	Build Fabric artifact	2026-08-18T15:23:51.0054452Z               ^
Fabric 1.21.11 build	Build Fabric artifact	2026-08-18T15:23:51.0054563Z     symbol: method copy(TagKey<Block>,TagKey<Item>)
Fabric 1.21.11 build	Build Fabric artifact	2026-08-18T15:23:51.0054990Z   /home/runner/work/Redliner101/Redliner101/Common/src/main/java/at/petrak/hexcasting/datagen/tag/HexItemTagProvider.java:53: error: cannot find symbol
Fabric 1.21.11 build	Build Fabric artifact	2026-08-18T15:23:51.0055286Z           this.copy(HexTags.Blocks.MINDFLAYED_CIRCLE_COMPONENTS, HexTags.Items.MINDFLAYED_CIRCLE_COMPONENTS);
Fabric 1.21.11 build	Build Fabric artifact	2026-08-18T15:23:51.0055369Z               ^
Fabric 1.21.11 build	Build Fabric artifact	2026-08-18T15:23:51.0055483Z     symbol: method copy(TagKey<Block>,TagKey<Item>)
Fabric 1.21.11 build	Build Fabric artifact	2026-08-18T15:23:51.0055908Z   /home/runner/work/Redliner101/Redliner101/Common/src/main/java/at/petrak/hexcasting/datagen/tag/HexItemTagProvider.java:54: error: cannot find symbol
Fabric 1.21.11 build	Build Fabric artifact	2026-08-18T15:23:51.0056090Z           this.copy(HexTags.Blocks.SLATE_BLOCKS, HexTags.Items.SLATE_BLOCKS);
Fabric 1.21.11 build	Build Fabric artifact	2026-08-18T15:23:51.0056164Z               ^
Fabric 1.21.11 build	Build Fabric artifact	2026-08-18T15:23:51.0056283Z     symbol: method copy(TagKey<Block>,TagKey<Item>)
Fabric 1.21.11 build	Build Fabric artifact	2026-08-18T15:23:51.0056766Z   /home/runner/work/Redliner101/Redliner101/Common/src/main/java/at/petrak/hexcasting/datagen/tag/HexItemTagProvider.java:55: error: cannot find symbol
Fabric 1.21.11 build	Build Fabric artifact	2026-08-18T15:23:51.0056975Z           this.copy(HexTags.Blocks.AMETHYST_BLOCKS, HexTags.Items.AMETHYST_BLOCKS);
Fabric 1.21.11 build	Build Fabric artifact	2026-08-18T15:23:51.0057052Z               ^
Fabric 1.21.11 build	Build Fabric artifact	2026-08-18T15:23:51.0057172Z     symbol: method copy(TagKey<Block>,TagKey<Item>)
Fabric 1.21.11 build	Build Fabric artifact	2026-08-18T15:23:51.0057605Z   /home/runner/work/Redliner101/Redliner101/Common/src/main/java/at/petrak/hexcasting/datagen/tag/HexItemTagProvider.java:56: error: cannot find symbol
Fabric 1.21.11 build	Build Fabric artifact	2026-08-18T15:23:51.0057851Z           this.copy(HexTags.Blocks.QUENCHED_ALLAY_BLOCKS, HexTags.Items.QUENCHED_ALLAY_BLOCKS);
Fabric 1.21.11 build	Build Fabric artifact	2026-08-18T15:23:51.0057927Z               ^
Fabric 1.21.11 build	Build Fabric artifact	2026-08-18T15:23:51.0058051Z     symbol: method copy(TagKey<Block>,TagKey<Item>)
Fabric 1.21.11 build	Build Fabric artifact	2026-08-18T15:23:51.0058474Z   /home/runner/work/Redliner101/Redliner101/Common/src/main/java/at/petrak/hexcasting/datagen/tag/HexItemTagProvider.java:57: error: cannot find symbol
Fabric 1.21.11 build	Build Fabric artifact	2026-08-18T15:23:51.0058643Z           this.copy(BlockTags.LOGS_THAT_BURN, ItemTags.LOGS_THAT_BURN);
Fabric 1.21.11 build	Build Fabric artifact	2026-08-18T15:23:51.0058725Z               ^
Fabric 1.21.11 build	Build Fabric artifact	2026-08-18T15:23:51.0058838Z     symbol: method copy(TagKey<Block>,TagKey<Item>)
Fabric 1.21.11 build	Build Fabric artifact	2026-08-18T15:23:51.0059275Z   /home/runner/work/Redliner101/Redliner101/Common/src/main/java/at/petrak/hexcasting/datagen/tag/HexItemTagProvider.java:58: error: cannot find symbol
Fabric 1.21.11 build	Build Fabric artifact	2026-08-18T15:23:51.0059435Z           this.copy(BlockTags.LOGS, ItemTags.LOGS);
Fabric 1.21.11 build	Build Fabric artifact	2026-08-18T15:23:51.0059514Z               ^
Fabric 1.21.11 build	Build Fabric artifact	2026-08-18T15:23:51.0059796Z     symbol: method copy(TagKey<Block>,TagKey<Item>)
Fabric 1.21.11 build	Build Fabric artifact	2026-08-18T15:23:51.0060333Z   /home/runner/work/Redliner101/Redliner101/Common/src/main/java/at/petrak/hexcasting/datagen/tag/HexItemTagProvider.java:59: error: cannot find symbol
Fabric 1.21.11 build	Build Fabric artifact	2026-08-18T15:23:51.0060467Z           this.copy(BlockTags.PLANKS, ItemTags.PLANKS);
Fabric 1.21.11 build	Build Fabric artifact	2026-08-18T15:23:51.0060549Z               ^
Fabric 1.21.11 build	Build Fabric artifact	2026-08-18T15:23:51.0060662Z     symbol: method copy(TagKey<Block>,TagKey<Item>)
Fabric 1.21.11 build	Build Fabric artifact	2026-08-18T15:23:51.0061100Z   /home/runner/work/Redliner101/Redliner101/Common/src/main/java/at/petrak/hexcasting/datagen/tag/HexItemTagProvider.java:60: error: cannot find symbol
Fabric 1.21.11 build	Build Fabric artifact	2026-08-18T15:23:51.0061220Z           this.copy(BlockTags.SLABS, ItemTags.SLABS);
Fabric 1.21.11 build	Build Fabric artifact	2026-08-18T15:23:51.0061306Z               ^
Fabric 1.21.11 build	Build Fabric artifact	2026-08-18T15:23:51.0061434Z     symbol: method copy(TagKey<Block>,TagKey<Item>)
Fabric 1.21.11 build	Build Fabric artifact	2026-08-18T15:23:51.0061866Z   /home/runner/work/Redliner101/Redliner101/Common/src/main/java/at/petrak/hexcasting/datagen/tag/HexItemTagProvider.java:61: error: cannot find symbol
Fabric 1.21.11 build	Build Fabric artifact	2026-08-18T15:23:51.0062026Z           this.copy(BlockTags.WOODEN_SLABS, ItemTags.WOODEN_SLABS);
Fabric 1.21.11 build	Build Fabric artifact	2026-08-18T15:23:51.0062101Z               ^
Fabric 1.21.11 build	Build Fabric artifact	2026-08-18T15:23:51.0062223Z     symbol: method copy(TagKey<Block>,TagKey<Item>)
Fabric 1.21.11 build	Build Fabric artifact	2026-08-18T15:23:51.0062647Z   /home/runner/work/Redliner101/Redliner101/Common/src/main/java/at/petrak/hexcasting/datagen/tag/HexItemTagProvider.java:62: error: cannot find symbol
Fabric 1.21.11 build	Build Fabric artifact	2026-08-18T15:23:51.0062774Z           this.copy(BlockTags.DOORS, ItemTags.DOORS);
Fabric 1.21.11 build	Build Fabric artifact	2026-08-18T15:23:51.0062850Z               ^
Fabric 1.21.11 build	Build Fabric artifact	2026-08-18T15:23:51.0062968Z     symbol: method copy(TagKey<Block>,TagKey<Item>)
Fabric 1.21.11 build	Build Fabric artifact	2026-08-18T15:23:51.0063385Z   /home/runner/work/Redliner101/Redliner101/Common/src/main/java/at/petrak/hexcasting/datagen/tag/HexItemTagProvider.java:63: error: cannot find symbol
Fabric 1.21.11 build	Build Fabric artifact	2026-08-18T15:23:51.0063548Z           this.copy(BlockTags.WOODEN_DOORS, ItemTags.WOODEN_DOORS);
Fabric 1.21.11 build	Build Fabric artifact	2026-08-18T15:23:51.0063622Z               ^
Fabric 1.21.11 build	Build Fabric artifact	2026-08-18T15:23:51.0063741Z     symbol: method copy(TagKey<Block>,TagKey<Item>)
Fabric 1.21.11 build	Build Fabric artifact	2026-08-18T15:23:51.0064159Z   /home/runner/work/Redliner101/Redliner101/Common/src/main/java/at/petrak/hexcasting/datagen/tag/HexItemTagProvider.java:64: error: cannot find symbol
Fabric 1.21.11 build	Build Fabric artifact	2026-08-18T15:23:51.0064309Z           this.copy(BlockTags.TRAPDOORS, ItemTags.TRAPDOORS);
Fabric 1.21.11 build	Build Fabric artifact	2026-08-18T15:23:51.0064389Z               ^
Fabric 1.21.11 build	Build Fabric artifact	2026-08-18T15:23:51.0064501Z     symbol: method copy(TagKey<Block>,TagKey<Item>)
Fabric 1.21.11 build	Build Fabric artifact	2026-08-18T15:23:51.0064934Z   /home/runner/work/Redliner101/Redliner101/Common/src/main/java/at/petrak/hexcasting/datagen/tag/HexItemTagProvider.java:65: error: cannot find symbol
Fabric 1.21.11 build	Build Fabric artifact	2026-08-18T15:23:51.0065173Z           this.copy(BlockTags.WOODEN_TRAPDOORS, ItemTags.WOODEN_TRAPDOORS);
Fabric 1.21.11 build	Build Fabric artifact	2026-08-18T15:23:51.0065255Z               ^
Fabric 1.21.11 build	Build Fabric artifact	2026-08-18T15:23:51.0065371Z     symbol: method copy(TagKey<Block>,TagKey<Item>)
Fabric 1.21.11 build	Build Fabric artifact	2026-08-18T15:23:51.0065808Z   /home/runner/work/Redliner101/Redliner101/Common/src/main/java/at/petrak/hexcasting/datagen/tag/HexItemTagProvider.java:66: error: cannot find symbol
Fabric 1.21.11 build	Build Fabric artifact	2026-08-18T15:23:51.0065932Z           this.copy(BlockTags.LEAVES, ItemTags.LEAVES);
Fabric 1.21.11 build	Build Fabric artifact	2026-08-18T15:23:51.0066012Z               ^
Fabric 1.21.11 build	Build Fabric artifact	2026-08-18T15:23:51.0066125Z     symbol: method copy(TagKey<Block>,TagKey<Item>)
Fabric 1.21.11 build	Build Fabric artifact	2026-08-18T15:23:51.0066563Z   /home/runner/work/Redliner101/Redliner101/Common/src/main/java/at/petrak/hexcasting/datagen/tag/HexItemTagProvider.java:68: error: cannot find symbol
Fabric 1.21.11 build	Build Fabric artifact	2026-08-18T15:23:51.0066771Z           this.copy(BlockTags.WOODEN_PRESSURE_PLATES, ItemTags.WOODEN_PRESSURE_PLATES);
Fabric 1.21.11 build	Build Fabric artifact	2026-08-18T15:23:51.0066855Z               ^
Fabric 1.21.11 build	Build Fabric artifact	2026-08-18T15:23:51.0066966Z     symbol: method copy(TagKey<Block>,TagKey<Item>)
Fabric 1.21.11 build	Build Fabric artifact	2026-08-18T15:23:51.0067396Z   /home/runner/work/Redliner101/Redliner101/Common/src/main/java/at/petrak/hexcasting/datagen/tag/HexItemTagProvider.java:69: error: cannot find symbol
Fabric 1.21.11 build	Build Fabric artifact	2026-08-18T15:23:51.0067588Z           this.copy(BlockTags.BUTTONS, ItemTags.BUTTONS);
Fabric 1.21.11 build	Build Fabric artifact	2026-08-18T15:23:51.0067661Z               ^
Fabric 1.21.11 build	Build Fabric artifact	2026-08-18T15:23:51.0067780Z     symbol: method copy(TagKey<Block>,TagKey<Item>)
Fabric 1.21.11 build	Build Fabric artifact	2026-08-18T15:23:51.0068206Z   /home/runner/work/Redliner101/Redliner101/Common/src/main/java/at/petrak/hexcasting/datagen/tag/HexItemTagProvider.java:70: error: cannot find symbol
Fabric 1.21.11 build	Build Fabric artifact	2026-08-18T15:23:51.0068376Z           this.copy(BlockTags.WOODEN_BUTTONS, ItemTags.WOODEN_BUTTONS);
Fabric 1.21.11 build	Build Fabric artifact	2026-08-18T15:23:51.0068448Z               ^
Fabric 1.21.11 build	Build Fabric artifact	2026-08-18T15:23:51.0068567Z     symbol: method copy(TagKey<Block>,TagKey<Item>)
Fabric 1.21.11 build	Build Fabric artifact	2026-08-18T15:23:51.0069105Z   /home/runner/work/Redliner101/Redliner101/Common/src/main/java/at/petrak/hexcasting/interop/inline/InlinePatternData.java:47: error: HoverEvent is abstract; cannot be instantiated
Fabric 1.21.11 build	Build Fabric artifact	2026-08-18T15:23:51.0069415Z           HoverEvent he = new HoverEvent(HoverEvent.Action.SHOW_ITEM, new HoverEvent.ItemStackInfo(scrollStack));
Fabric 1.21.11 build	Build Fabric artifact	2026-08-18T15:23:51.0069501Z                           ^
Fabric 1.21.11 build	Build Fabric artifact	2026-08-18T15:23:51.0070158Z   /home/runner/work/Redliner101/Redliner101/Common/src/main/java/at/petrak/hexcasting/interop/inline/InlinePatternData.java:48: error: ClickEvent is abstract; cannot be instantiated
Fabric 1.21.11 build	Build Fabric artifact	2026-08-18T15:23:51.0070422Z           ClickEvent ce = new ClickEvent(ClickEvent.Action.COPY_TO_CLIPBOARD, pattern.toString());
Fabric 1.21.11 build	Build Fabric artifact	2026-08-18T15:23:51.0070508Z                           ^
Fabric 1.21.11 build	Build Fabric artifact	2026-08-18T15:23:51.0071190Z   /home/runner/work/Redliner101/Redliner101/Common/src/main/java/at/petrak/hexcasting/datagen/recipe/HexplatRecipes.java:59: error: HexplatRecipes is not abstract and does not override abstract method buildRecipes() in RecipeProvider
Fabric 1.21.11 build	Build Fabric artifact	2026-08-18T15:23:51.0071331Z   public class HexplatRecipes extends RecipeProvider {
Fabric 1.21.11 build	Build Fabric artifact	2026-08-18T15:23:51.0071419Z          ^
Fabric 1.21.11 build	Build Fabric artifact	2026-08-18T15:23:51.0072316Z   /home/runner/work/Redliner101/Redliner101/Common/src/main/java/at/petrak/hexcasting/datagen/recipe/builders/CreateCrushingRecipeBuilder.java:23: error: CreateCrushingRecipeBuilder is not abstract and does not override abstract method save(RecipeOutput,ResourceKey<Recipe<?>>) in RecipeBuilder
Fabric 1.21.11 build	Build Fabric artifact	2026-08-18T15:23:51.0072512Z   public class CreateCrushingRecipeBuilder implements RecipeBuilder {
Fabric 1.21.11 build	Build Fabric artifact	2026-08-18T15:23:51.0072588Z          ^
Fabric 1.21.11 build	Build Fabric artifact	2026-08-18T15:23:51.0073674Z   /home/runner/work/Redliner101/Redliner101/Common/src/main/java/at/petrak/hexcasting/datagen/recipe/builders/FarmersDelightCuttingRecipeBuilder.java:19: error: FarmersDelightCuttingRecipeBuilder is not abstract and does not override abstract method save(RecipeOutput,ResourceKey<Recipe<?>>) in RecipeBuilder
Fabric 1.21.11 build	Build Fabric artifact	2026-08-18T15:23:51.0073938Z   public class FarmersDelightCuttingRecipeBuilder implements RecipeBuilder {
Fabric 1.21.11 build	Build Fabric artifact	2026-08-18T15:23:51.0074020Z          ^
Fabric 1.21.11 build	Build Fabric artifact	2026-08-18T15:23:51.0075072Z   /home/runner/work/Redliner101/Redliner101/Common/src/main/java/at/petrak/hexcasting/datagen/recipe/builders/BrainsweepRecipeBuilder.java:21: error: BrainsweepRecipeBuilder is not abstract and does not override abstract method save(RecipeOutput,ResourceKey<Recipe<?>>) in RecipeBuilder
Fabric 1.21.11 build	Build Fabric artifact	2026-08-18T15:23:51.0075251Z   public class BrainsweepRecipeBuilder implements RecipeBuilder {
Fabric 1.21.11 build	Build Fabric artifact	2026-08-18T15:23:51.0075334Z          ^
Fabric 1.21.11 build	Build Fabric artifact	2026-08-18T15:23:51.0075986Z   /home/runner/work/Redliner101/Redliner101/Common/src/main/java/at/petrak/hexcasting/common/recipe/ingredient/brainsweep/VillagerIngredient.java:93: error: incompatible types: CompoundTag cannot be converted to ValueOutput
Fabric 1.21.11 build	Build Fabric artifact	2026-08-18T15:23:51.0076080Z           out.save(tag);
Fabric 1.21.11 build	Build Fabric artifact	2026-08-18T15:23:51.0076160Z                    ^
Fabric 1.21.11 build	Build Fabric artifact	2026-08-18T15:23:51.0076804Z   /home/runner/work/Redliner101/Redliner101/Common/src/main/java/at/petrak/hexcasting/interop/patchouli/AbstractPatternComponent.java:41: error: incompatible types: Matrix3x2fStack cannot be converted to PoseStack
Fabric 1.21.11 build	Build Fabric artifact	2026-08-18T15:23:51.0076929Z           PoseStack ps = graphics.pose();
Fabric 1.21.11 build	Build Fabric artifact	2026-08-18T15:23:51.0077017Z                                       ^
Fabric 1.21.11 build	Build Fabric artifact	2026-08-18T15:23:51.0077649Z   /home/runner/work/Redliner101/Redliner101/Common/src/main/java/at/petrak/hexcasting/interop/patchouli/AbstractPatternComponent.java:74: error: incompatible types: Matrix3x2fStack cannot be converted to PoseStack
Fabric 1.21.11 build	Build Fabric artifact	2026-08-18T15:23:51.0077954Z               PatternRenderer.renderPattern(pattern, graphics.pose(), patSets, patCols, 0, 4);
Fabric 1.21.11 build	Build Fabric artifact	2026-08-18T15:23:51.0078072Z                                                                   ^
Fabric 1.21.11 build	Build Fabric artifact	2026-08-18T15:23:51.0078688Z   /home/runner/work/Redliner101/Redliner101/Common/src/main/java/at/petrak/hexcasting/interop/patchouli/BrainsweepProcessor.java:71: error: incompatible types: CompoundTag cannot be converted to ValueOutput
Fabric 1.21.11 build	Build Fabric artifact	2026-08-18T15:23:51.0078784Z   					entity.save(tag);
Fabric 1.21.11 build	Build Fabric artifact	2026-08-18T15:23:51.0078862Z   					            ^
Fabric 1.21.11 build	Build Fabric artifact	2026-08-18T15:23:51.0079427Z   /home/runner/work/Redliner101/Redliner101/Common/src/main/java/at/petrak/hexcasting/interop/utils/PatternDrawingUtil.java:25: error: incompatible types: int cannot be converted to Matrix3x2f
Fabric 1.21.11 build	Build Fabric artifact	2026-08-18T15:23:51.0079539Z           poseStack.translate(x, y, 1);
Fabric 1.21.11 build	Build Fabric artifact	2026-08-18T15:23:51.0079754Z                                     ^
Fabric 1.21.11 build	Build Fabric artifact	2026-08-18T15:23:51.0080360Z   /home/runner/work/Redliner101/Redliner101/Common/src/main/java/at/petrak/hexcasting/interop/inline/InlinePatternRenderer.java:64: error: incompatible types: Style cannot be converted to InlineStyle
Fabric 1.21.11 build	Build Fabric artifact	2026-08-18T15:23:51.0080603Z           int glowyParentColor = ((InlineStyle) style).getComponent(InlineStyle.GLOWY_PARENT_COMP);
Fabric 1.21.11 build	Build Fabric artifact	2026-08-18T15:23:51.0080706Z                                                 ^
Fabric 1.21.11 build	Build Fabric artifact	2026-08-18T15:23:51.0081275Z   /home/runner/work/Redliner101/Redliner101/Common/src/main/java/at/petrak/hexcasting/interop/inline/InlinePatternRenderer.java:67: error: incompatible types: float cannot be converted to Matrix3x2f
Fabric 1.21.11 build	Build Fabric artifact	2026-08-18T15:23:51.0081499Z           drawContext.pose().translate(isGlowy ? -1f : 0, isGlowy ? -1.5f : -0.5f, 0f);
Fabric 1.21.11 build	Build Fabric artifact	2026-08-18T15:23:51.0081627Z                                                                                    ^
Fabric 1.21.11 build	Build Fabric artifact	2026-08-18T15:23:51.0082234Z   /home/runner/work/Redliner101/Redliner101/Common/src/main/java/at/petrak/hexcasting/interop/inline/InlinePatternRenderer.java:70: error: incompatible types: Matrix3x2fStack cannot be converted to PoseStack
Fabric 1.21.11 build	Build Fabric artifact	2026-08-18T15:23:51.0082476Z           boolean isFlat = InlineRenderer.isFlat(drawContext.pose(), trContext.layerType());
Fabric 1.21.11 build	Build Fabric artifact	2026-08-18T15:23:51.0082589Z                                                                  ^
Fabric 1.21.11 build	Build Fabric artifact	2026-08-18T15:23:51.0083158Z   /home/runner/work/Redliner101/Redliner101/Common/src/main/java/at/petrak/hexcasting/datagen/HexLootTables.java:97: error: incompatible types: TagKey<Item> cannot be converted to HolderGetter<Item>
Fabric 1.21.11 build	Build Fabric artifact	2026-08-18T15:23:51.0083349Z               ItemPredicate.Builder.item().of(ItemTags.CLUSTER_MAX_HARVESTABLES)
Fabric 1.21.11 build	Build Fabric artifact	2026-08-18T15:23:51.0083461Z                                                       ^
Fabric 1.21.11 build	Build Fabric artifact	2026-08-18T15:23:51.0084086Z   /home/runner/work/Redliner101/Redliner101/Common/src/main/java/at/petrak/hexcasting/datagen/recipe/HexplatRecipes.java:80: error: incompatible types: PackOutput cannot be converted to Provider
Fabric 1.21.11 build	Build Fabric artifact	2026-08-18T15:23:51.0084200Z           super(output, registries);
Fabric 1.21.11 build	Build Fabric artifact	2026-08-18T15:23:51.0084275Z                 ^
Fabric 1.21.11 build	Build Fabric artifact	2026-08-18T15:23:51.0084880Z   /home/runner/work/Redliner101/Redliner101/Common/src/main/java/at/petrak/hexcasting/datagen/recipe/HexplatRecipes.java:252: error: incompatible types: RecipeCategory cannot be converted to HolderGetter<Item>
Fabric 1.21.11 build	Build Fabric artifact	2026-08-18T15:23:51.0085109Z           ShapedRecipeBuilder.shaped(RecipeCategory.DECORATIONS, HexItems.SLATE, 6)
Fabric 1.21.11 build	Build Fabric artifact	2026-08-18T15:23:51.0085207Z                                                    ^
Fabric 1.21.11 build	Build Fabric artifact	2026-08-18T15:23:51.0085813Z   /home/runner/work/Redliner101/Redliner101/Common/src/main/java/at/petrak/hexcasting/datagen/recipe/HexplatRecipes.java:333: error: incompatible types: RecipeCategory cannot be converted to HolderGetter<Item>
Fabric 1.21.11 build	Build Fabric artifact	2026-08-18T15:23:51.0086020Z               ShapedRecipeBuilder.shaped(RecipeCategory.BUILDING_BLOCKS, wood, 3)
Fabric 1.21.11 build	Build Fabric artifact	2026-08-18T15:23:51.0086131Z                                                        ^
Fabric 1.21.11 build	Build Fabric artifact	2026-08-18T15:23:51.0086733Z   /home/runner/work/Redliner101/Redliner101/Common/src/main/java/at/petrak/hexcasting/datagen/recipe/HexplatRecipes.java:344: error: incompatible types: RecipeCategory cannot be converted to HolderGetter<Item>
Fabric 1.21.11 build	Build Fabric artifact	2026-08-18T15:23:51.0087050Z           ShapedRecipeBuilder.shaped(RecipeCategory.BUILDING_BLOCKS, HexBlocks.EDIFIED_TILE, 6)
Fabric 1.21.11 build	Build Fabric artifact	2026-08-18T15:23:51.0087146Z                                                    ^
Fabric 1.21.11 build	Build Fabric artifact	2026-08-18T15:23:51.0087762Z   /home/runner/work/Redliner101/Redliner101/Common/src/main/java/at/petrak/hexcasting/datagen/recipe/HexplatRecipes.java:351: error: incompatible types: RecipeCategory cannot be converted to HolderGetter<Item>
Fabric 1.21.11 build	Build Fabric artifact	2026-08-18T15:23:51.0087995Z           ShapedRecipeBuilder.shaped(RecipeCategory.REDSTONE, HexBlocks.EDIFIED_DOOR, 3)
Fabric 1.21.11 build	Build Fabric artifact	2026-08-18T15:23:51.0088094Z                                                    ^
Fabric 1.21.11 build	Build Fabric artifact	2026-08-18T15:23:51.0088810Z   /home/runner/work/Redliner101/Redliner101/Common/src/main/java/at/petrak/hexcasting/datagen/recipe/HexplatRecipes.java:358: error: incompatible types: RecipeCategory cannot be converted to HolderGetter<Item>
Fabric 1.21.11 build	Build Fabric artifact	2026-08-18T15:23:51.0089123Z           ShapedRecipeBuilder.shaped(RecipeCategory.REDSTONE, HexBlocks.EDIFIED_TRAPDOOR, 2)
Fabric 1.21.11 build	Build Fabric artifact	2026-08-18T15:23:51.0089251Z                                                    ^
Fabric 1.21.11 build	Build Fabric artifact	2026-08-18T15:23:51.0090021Z   /home/runner/work/Redliner101/Redliner101/Common/src/main/java/at/petrak/hexcasting/datagen/recipe/HexplatRecipes.java:364: error: incompatible types: RecipeCategory cannot be converted to HolderGetter<Item>
Fabric 1.21.11 build	Build Fabric artifact	2026-08-18T15:23:51.0090378Z           ShapedRecipeBuilder.shaped(RecipeCategory.BUILDING_BLOCKS, HexBlocks.EDIFIED_STAIRS, 4)
Fabric 1.21.11 build	Build Fabric artifact	2026-08-18T15:23:51.0090520Z                                                    ^
Fabric 1.21.11 build	Build Fabric artifact	2026-08-18T15:23:51.0091503Z   /home/runner/work/Redliner101/Redliner101/Common/src/main/java/at/petrak/hexcasting/datagen/recipe/HexplatRecipes.java:371: error: incompatible types: RecipeCategory cannot be converted to HolderGetter<Item>
Fabric 1.21.11 build	Build Fabric artifact	2026-08-18T15:23:51.0091921Z           ShapedRecipeBuilder.shaped(RecipeCategory.BUILDING_BLOCKS, HexBlocks.EDIFIED_FENCE, 3)
Fabric 1.21.11 build	Build Fabric artifact	2026-08-18T15:23:51.0092067Z                                                    ^
Fabric 1.21.11 build	Build Fabric artifact	2026-08-18T15:23:51.0093023Z   /home/runner/work/Redliner101/Redliner101/Common/src/main/java/at/petrak/hexcasting/datagen/recipe/HexplatRecipes.java:378: error: incompatible types: RecipeCategory cannot be converted to HolderGetter<Item>
Fabric 1.21.11 build	Build Fabric artifact	2026-08-18T15:23:51.0093451Z           ShapedRecipeBuilder.shaped(RecipeCategory.BUILDING_BLOCKS, HexBlocks.EDIFIED_FENCE_GATE, 1)
Fabric 1.21.11 build	Build Fabric artifact	2026-08-18T15:23:51.0093602Z                                                    ^
Fabric 1.21.11 build	Build Fabric artifact	2026-08-18T15:23:51.0094564Z   /home/runner/work/Redliner101/Redliner101/Common/src/main/java/at/petrak/hexcasting/datagen/recipe/HexplatRecipes.java:386: error: incompatible types: RecipeCategory cannot be converted to HolderGetter<Item>
Fabric 1.21.11 build	Build Fabric artifact	2026-08-18T15:23:51.0095086Z           ShapedRecipeBuilder.shaped(RecipeCategory.BUILDING_BLOCKS, HexBlocks.EDIFIED_SLAB, 6)
Fabric 1.21.11 build	Build Fabric artifact	2026-08-18T15:23:51.0095210Z                                                    ^
Fabric 1.21.11 build	Build Fabric artifact	2026-08-18T15:23:51.0096325Z   /home/runner/work/Redliner101/Redliner101/Common/src/main/java/at/petrak/hexcasting/datagen/recipe/HexplatRecipes.java:391: error: incompatible types: RecipeCategory cannot be converted to HolderGetter<Item>
Fabric 1.21.11 build	Build Fabric artifact	2026-08-18T15:23:51.0096808Z           ShapedRecipeBuilder.shaped(RecipeCategory.REDSTONE, HexBlocks.EDIFIED_PRESSURE_PLATE, 1)
Fabric 1.21.11 build	Build Fabric artifact	2026-08-18T15:23:51.0096951Z                                                    ^
Fabric 1.21.11 build	Build Fabric artifact	2026-08-18T15:23:51.0097936Z   /home/runner/work/Redliner101/Redliner101/Common/src/main/java/at/petrak/hexcasting/datagen/recipe/HexplatRecipes.java:430: error: incompatible types: RecipeCategory cannot be converted to HolderGetter<Item>
Fabric 1.21.11 build	Build Fabric artifact	2026-08-18T15:23:51.0098316Z           ShapedRecipeBuilder.shaped(RecipeCategory.REDSTONE, HexBlocks.AKASHIC_LIGATURE, 4)
Fabric 1.21.11 build	Build Fabric artifact	2026-08-18T15:23:51.0098471Z                                                    ^
Fabric 1.21.11 build	Build Fabric artifact	2026-08-18T15:23:51.0099984Z   /home/runner/work/Redliner101/Redliner101/Common/src/main/java/at/petrak/hexcasting/datagen/recipe/HexplatRecipes.java:479: error: incompatible types: ResourceKey<VillagerProfession> cannot be converted to @org.jetbrains.annotations.Nullable VillagerProfession
Fabric 1.21.11 build	Build Fabric artifact	2026-08-18T15:23:51.0100428Z               new VillagerIngredient(VillagerProfession.TOOLSMITH, null, 2),
Fabric 1.21.11 build	Build Fabric artifact	2026-08-18T15:23:51.0100591Z                                                        ^
Fabric 1.21.11 build	Build Fabric artifact	2026-08-18T15:23:51.0101798Z   /home/runner/work/Redliner101/Redliner101/Common/src/main/java/at/petrak/hexcasting/datagen/recipe/HexplatRecipes.java:485: error: incompatible types: ResourceKey<VillagerProfession> cannot be converted to @org.jetbrains.annotations.Nullable VillagerProfession
Fabric 1.21.11 build	Build Fabric artifact	2026-08-18T15:23:51.0102045Z               new VillagerIngredient(VillagerProfession.FLETCHER, null, 2),
Fabric 1.21.11 build	Build Fabric artifact	2026-08-18T15:23:51.0102188Z                                                        ^
Fabric 1.21.11 build	Build Fabric artifact	2026-08-18T15:23:51.0103409Z   /home/runner/work/Redliner101/Redliner101/Common/src/main/java/at/petrak/hexcasting/datagen/recipe/HexplatRecipes.java:491: error: incompatible types: ResourceKey<VillagerProfession> cannot be converted to @org.jetbrains.annotations.Nullable VillagerProfession
Fabric 1.21.11 build	Build Fabric artifact	2026-08-18T15:23:51.0103671Z               new VillagerIngredient(VillagerProfession.CLERIC, null, 2),
Fabric 1.21.11 build	Build Fabric artifact	2026-08-18T15:23:51.0103822Z                                                        ^
Fabric 1.21.11 build	Build Fabric artifact	2026-08-18T15:23:51.0104877Z   /home/runner/work/Redliner101/Redliner101/Common/src/main/java/at/petrak/hexcasting/datagen/recipe/HexplatRecipes.java:497: error: incompatible types: ResourceKey<VillagerProfession> cannot be converted to @org.jetbrains.annotations.Nullable VillagerProfession
Fabric 1.21.11 build	Build Fabric artifact	2026-08-18T15:23:51.0105132Z               new VillagerIngredient(VillagerProfession.MASON, null, 1),
Fabric 1.21.11 build	Build Fabric artifact	2026-08-18T15:23:51.0105265Z                                                        ^
Fabric 1.21.11 build	Build Fabric artifact	2026-08-18T15:23:51.0106324Z   /home/runner/work/Redliner101/Redliner101/Common/src/main/java/at/petrak/hexcasting/datagen/recipe/HexplatRecipes.java:503: error: incompatible types: ResourceKey<VillagerProfession> cannot be converted to @org.jetbrains.annotations.Nullable VillagerProfession
Fabric 1.21.11 build	Build Fabric artifact	2026-08-18T15:23:51.0106573Z                   new VillagerIngredient(VillagerProfession.SHEPHERD, null, 1),
Fabric 1.21.11 build	Build Fabric artifact	2026-08-18T15:23:51.0106717Z                                                            ^
Fabric 1.21.11 build	Build Fabric artifact	2026-08-18T15:23:51.0107851Z   /home/runner/work/Redliner101/Redliner101/Common/src/main/java/at/petrak/hexcasting/datagen/recipe/HexplatRecipes.java:509: error: incompatible types: ResourceKey<VillagerProfession> cannot be converted to @org.jetbrains.annotations.Nullable VillagerProfession
Fabric 1.21.11 build	Build Fabric artifact	2026-08-18T15:23:51.0108101Z               new VillagerIngredient(VillagerProfession.LIBRARIAN, null, 5),
Fabric 1.21.11 build	Build Fabric artifact	2026-08-18T15:23:51.0108233Z                                                        ^
Fabric 1.21.11 build	Build Fabric artifact	2026-08-18T15:23:51.0108988Z   /home/runner/work/Redliner101/Redliner101/Common/src/main/java/at/petrak/hexcasting/datagen/recipe/HexplatRecipes.java:619: error: incompatible types: ItemLike cannot be converted to HolderGetter<Item>
Fabric 1.21.11 build	Build Fabric artifact	2026-08-18T15:23:51.0109491Z           return paucalInventoryTrigger(ItemPredicate.Builder.item().of(itemLike).build());
Fabric 1.21.11 build	Build Fabric artifact	2026-08-18T15:23:51.0109846Z                                                                         ^
Fabric 1.21.11 build	Build Fabric artifact	2026-08-18T15:23:51.0110866Z   /home/runner/work/Redliner101/Redliner101/Common/src/main/java/at/petrak/hexcasting/datagen/recipe/HexplatRecipes.java:623: error: incompatible types: TagKey<Item> cannot be converted to HolderGetter<Item>
Fabric 1.21.11 build	Build Fabric artifact	2026-08-18T15:23:51.0111288Z           return paucalInventoryTrigger(ItemPredicate.Builder.item().of(itemLike).build());
Fabric 1.21.11 build	Build Fabric artifact	2026-08-18T15:23:51.0111467Z                                                                         ^
Fabric 1.21.11 build	Build Fabric artifact	2026-08-18T15:23:51.0112550Z   /home/runner/work/Redliner101/Redliner101/Common/src/main/java/at/petrak/hexcasting/datagen/recipe/HexplatRecipes.java:677: error: incompatible types: RecipeCategory cannot be converted to HolderGetter<Item>
Fabric 1.21.11 build	Build Fabric artifact	2026-08-18T15:23:51.0112836Z           var builder = ShapedRecipeBuilder.shaped(category, out, count);
Fabric 1.21.11 build	Build Fabric artifact	2026-08-18T15:23:51.0112988Z                                                    ^
Fabric 1.21.11 build	Build Fabric artifact	2026-08-18T15:23:51.0114197Z   /home/runner/work/Redliner101/Redliner101/Common/src/main/java/at/petrak/hexcasting/datagen/recipe/HexplatRecipes.java:703: error: incompatible types: RecipeCategory cannot be converted to HolderGetter<Item>
Fabric 1.21.11 build	Build Fabric artifact	2026-08-18T15:23:51.0114449Z           return ShapedRecipeBuilder.shaped(category, out, count)
Fabric 1.21.11 build	Build Fabric artifact	2026-08-18T15:23:51.0114599Z                                             ^
Fabric 1.21.11 build	Build Fabric artifact	2026-08-18T15:23:51.0115674Z   /home/runner/work/Redliner101/Redliner101/Common/src/main/java/at/petrak/hexcasting/datagen/recipe/HexplatRecipes.java:763: error: incompatible types: RecipeCategory cannot be converted to HolderGetter<Item>
Fabric 1.21.11 build	Build Fabric artifact	2026-08-18T15:23:51.0116005Z           ShapedRecipeBuilder.shaped(RecipeCategory.BUILDING_BLOCKS, bricks, 4)
Fabric 1.21.11 build	Build Fabric artifact	2026-08-18T15:23:51.0116142Z                                                    ^
Fabric 1.21.11 build	Build Fabric artifact	2026-08-18T15:23:51.0117046Z   /home/runner/work/Redliner101/Redliner101/Common/src/main/java/at/petrak/hexcasting/datagen/recipe/HexplatRecipes.java:783: error: incompatible types: RecipeCategory cannot be converted to HolderGetter<Item>
Fabric 1.21.11 build	Build Fabric artifact	2026-08-18T15:23:51.0117332Z           ShapedRecipeBuilder.shaped(RecipeCategory.BUILDING_BLOCKS, tiles, 4)
Fabric 1.21.11 build	Build Fabric artifact	2026-08-18T15:23:51.0117449Z                                                    ^
Fabric 1.21.11 build	Build Fabric artifact	2026-08-18T15:23:51.0118736Z   /home/runner/work/Redliner101/Redliner101/Common/src/main/java/at/petrak/hexcasting/datagen/recipe/HexplatRecipes.java:792: error: incompatible types: RecipeCategory cannot be converted to HolderGetter<Item>
Fabric 1.21.11 build	Build Fabric artifact	2026-08-18T15:23:51.0119105Z               ShapedRecipeBuilder.shaped(RecipeCategory.BUILDING_BLOCKS, pillar, 2)
Fabric 1.21.11 build	Build Fabric artifact	2026-08-18T15:23:51.0119263Z                                                        ^
Fabric 1.21.11 build	Build Fabric artifact	2026-08-18T15:23:51.0120604Z   /home/runner/work/Redliner101/Redliner101/Common/src/main/java/at/petrak/hexcasting/datagen/recipe/builders/CompatIngredientValue.java:30: error: incompatible types: no instance(s) of type variable(s) T exist so that Stream<T> conforms to HolderSet<Item>
Fabric 1.21.11 build	Build Fabric artifact	2026-08-18T15:23:51.0120938Z           return new Ingredient(Stream.of(new CompatIngredientValue(itemName)));
Fabric 1.21.11 build	Build Fabric artifact	2026-08-18T15:23:51.0121067Z                  ^
Fabric 1.21.11 build	Build Fabric artifact	2026-08-18T15:23:51.0121231Z     where T is a type-variable:
Fabric 1.21.11 build	Build Fabric artifact	2026-08-18T15:23:51.0121416Z       T extends Object declared in method <T>of(T)
Fabric 1.21.11 build	Build Fabric artifact	2026-08-18T15:23:51.0122482Z   /home/runner/work/Redliner101/Redliner101/Common/src/main/java/at/petrak/hexcasting/datagen/recipe/builders/BrainsweepRecipeBuilder.java:56: error: incompatible types: Identifier cannot be converted to ResourceKey<Recipe<?>>
Fabric 1.21.11 build	Build Fabric artifact	2026-08-18T15:23:51.0122727Z   				.addCriterion("has_the_recipe", RecipeUnlockedTrigger.unlocked(id))
Fabric 1.21.11 build	Build Fabric artifact	2026-08-18T15:23:51.0122858Z   				                                                               ^
Fabric 1.21.11 build	Build Fabric artifact	2026-08-18T15:23:51.0123530Z   /home/runner/work/Redliner101/Redliner101/Common/src/main/java/at/petrak/hexcasting/datagen/recipe/builders/BrainsweepRecipeBuilder.java:57: error: incompatible types: Identifier cannot be converted to ResourceKey<Recipe<?>>
Fabric 1.21.11 build	Build Fabric artifact	2026-08-18T15:23:51.0123782Z   				.rewards(AdvancementRewards.Builder.recipe(id))
Fabric 1.21.11 build	Build Fabric artifact	2026-08-18T15:23:51.0123893Z   				                                           ^
Fabric 1.21.11 build	Build Fabric artifact	2026-08-18T15:23:51.0124554Z   /home/runner/work/Redliner101/Redliner101/Common/src/main/java/at/petrak/hexcasting/datagen/recipe/builders/BrainsweepRecipeBuilder.java:62: error: incompatible types: Identifier cannot be converted to ResourceKey<Recipe<?>>
Fabric 1.21.11 build	Build Fabric artifact	2026-08-18T15:23:51.0124893Z   		recipeOutput.accept(id.withPrefix("brainsweep/"), recipe, advancement.build(id.withPrefix("recipes/brainsweep/")));
Fabric 1.21.11 build	Build Fabric artifact	2026-08-18T15:23:51.0124994Z   		                                 ^
Fabric 1.21.11 build	Build Fabric artifact	2026-08-18T15:23:51.0125540Z   /home/runner/work/Redliner101/Redliner101/Common/src/main/java/at/petrak/hexcasting/datagen/HexAdvancements.java:43: error: incompatible types: inference variable T has incompatible bounds
Fabric 1.21.11 build	Build Fabric artifact	2026-08-18T15:23:51.0125730Z               .display(new DisplayInfo(new ItemStack(Items.BUDDING_AMETHYST),
Fabric 1.21.11 build	Build Fabric artifact	2026-08-18T15:23:51.0125815Z                        ^
Fabric 1.21.11 build	Build Fabric artifact	2026-08-18T15:23:51.0125932Z       equality constraints: ResourceTexture
Fabric 1.21.11 build	Build Fabric artifact	2026-08-18T15:23:51.0126094Z       lower bounds: Identifier
Fabric 1.21.11 build	Build Fabric artifact	2026-08-18T15:23:51.0126202Z     where T is a type-variable:
Fabric 1.21.11 build	Build Fabric artifact	2026-08-18T15:23:51.0126314Z       T extends Object declared in method <T>of(T)
Fabric 1.21.11 build	Build Fabric artifact	2026-08-18T15:23:51.0126895Z   /home/runner/work/Redliner101/Redliner101/Common/src/main/java/at/petrak/hexcasting/datagen/HexAdvancements.java:50: error: incompatible types: TagKey<Item> cannot be converted to HolderGetter<Item>
Fabric 1.21.11 build	Build Fabric artifact	2026-08-18T15:23:51.0127137Z                   ItemPredicate.Builder.item().of(HexTags.Items.GRANTS_ROOT_ADVANCEMENT).build()))
Fabric 1.21.11 build	Build Fabric artifact	2026-08-18T15:23:51.0127255Z                                                                ^
Fabric 1.21.11 build	Build Fabric artifact	2026-08-18T15:23:51.0127813Z   /home/runner/work/Redliner101/Redliner101/Common/src/main/java/at/petrak/hexcasting/datagen/HexAdvancements.java:55: error: incompatible types: inference variable T has incompatible bounds
Fabric 1.21.11 build	Build Fabric artifact	2026-08-18T15:23:51.0128006Z               .display(new DisplayInfo(new ItemStack(HexItems.CREATIVE_UNLOCKER),
Fabric 1.21.11 build	Build Fabric artifact	2026-08-18T15:23:51.0128095Z                        ^
Fabric 1.21.11 build	Build Fabric artifact	2026-08-18T15:23:51.0128201Z       equality constraints: ResourceTexture
Fabric 1.21.11 build	Build Fabric artifact	2026-08-18T15:23:51.0128300Z       lower bounds: Identifier
Fabric 1.21.11 build	Build Fabric artifact	2026-08-18T15:23:51.0128395Z     where T is a type-variable:
Fabric 1.21.11 build	Build Fabric artifact	2026-08-18T15:23:51.0128516Z       T extends Object declared in method <T>of(T)
Fabric 1.21.11 build	Build Fabric artifact	2026-08-18T15:23:51.0129303Z   /home/runner/work/Redliner101/Redliner101/Common/src/main/java/at/petrak/hexcasting/datagen/HexAdvancements.java:62: error: incompatible types: ItemCreativeUnlocker cannot be converted to HolderGetter<Item>
Fabric 1.21.11 build	Build Fabric artifact	2026-08-18T15:23:51.0136730Z                   ItemPredicate.Builder.item().of(HexItems.CREATIVE_UNLOCKER).build()))
Fabric 1.21.11 build	Build Fabric artifact	2026-08-18T15:23:51.0137056Z                                                           ^
Fabric 1.21.11 build	Build Fabric artifact	2026-08-18T15:23:51.0137808Z   /home/runner/work/Redliner101/Redliner101/Common/src/main/java/at/petrak/hexcasting/datagen/HexAdvancements.java:123: error: incompatible types: ItemLoreFragment cannot be converted to HolderGetter<Item>
Fabric 1.21.11 build	Build Fabric artifact	2026-08-18T15:23:51.0138069Z                       Optional.of(ItemPredicate.Builder.item().of(HexItems.LORE_FRAGMENT).build()))))
Fabric 1.21.11 build	Build Fabric artifact	2026-08-18T15:23:51.0138204Z                                                                           ^
Fabric 1.21.11 build	Build Fabric artifact	2026-08-18T15:23:51.0138547Z   Note: Some messages have been simplified; recompile with -Xdiags:verbose to get full output
Fabric 1.21.11 build	Build Fabric artifact	2026-08-18T15:23:51.0139013Z   /home/runner/work/Redliner101/Redliner101/Common/src/main/java/at/petrak/hexcasting/datagen/tag/HexItemTagProvider.java:18: error: cannot find symbol
Fabric 1.21.11 build	Build Fabric artifact	2026-08-18T15:23:51.0139187Z   public class HexItemTagProvider extends ItemTagsProvider {
Fabric 1.21.11 build	Build Fabric artifact	2026-08-18T15:23:51.0139279Z                                           ^
Fabric 1.21.11 build	Build Fabric artifact	2026-08-18T15:23:51.0139389Z     symbol: class ItemTagsProvider
Fabric 1.21.11 build	Build Fabric artifact	2026-08-18T15:23:51.0139467Z   271 errors
Fabric 1.21.11 build	Build Fabric artifact	2026-08-18T15:23:51.0139855Z 
Fabric 1.21.11 build	Build Fabric artifact	2026-08-18T15:23:51.0139952Z * Try:
Fabric 1.21.11 build	Build Fabric artifact	2026-08-18T15:23:51.0140134Z > Check your code and dependencies to fix the compilation error(s)
Fabric 1.21.11 build	Build Fabric artifact	2026-08-18T15:23:51.0140251Z > Run with --scan to get full insights.
Fabric 1.21.11 build	Build Fabric artifact	2026-08-18T15:23:51.0140258Z 
Fabric 1.21.11 build	Build Fabric artifact	2026-08-18T15:23:51.0140345Z * Exception is:
Fabric 1.21.11 build	Build Fabric artifact	2026-08-18T15:23:51.0140631Z org.gradle.api.tasks.TaskExecutionException: Execution failed for task ':Common:compileJava'.
Fabric 1.21.11 build	Build Fabric artifact	2026-08-18T15:23:51.0141086Z 	at org.gradle.api.internal.tasks.execution.ExecuteActionsTaskExecuter.lambda$executeIfValid$1(ExecuteActionsTaskExecuter.java:130)
Fabric 1.21.11 build	Build Fabric artifact	2026-08-18T15:23:51.0141277Z 	at org.gradle.internal.Try$Failure.ifSuccessfulOrElse(Try.java:293)
Fabric 1.21.11 build	Build Fabric artifact	2026-08-18T15:23:51.0141700Z 	at org.gradle.api.internal.tasks.execution.ExecuteActionsTaskExecuter.executeIfValid(ExecuteActionsTaskExecuter.java:128)
Fabric 1.21.11 build	Build Fabric artifact	2026-08-18T15:23:51.0142066Z 	at org.gradle.api.internal.tasks.execution.ExecuteActionsTaskExecuter.execute(ExecuteActionsTaskExecuter.java:116)
Fabric 1.21.11 build	Build Fabric artifact	2026-08-18T15:23:51.0142547Z 	at org.gradle.api.internal.tasks.execution.ProblemsTaskPathTrackingTaskExecuter.execute(ProblemsTaskPathTrackingTaskExecuter.java:41)
Fabric 1.21.11 build	Build Fabric artifact	2026-08-18T15:23:51.0143096Z 	at org.gradle.api.internal.tasks.execution.FinalizePropertiesTaskExecuter.execute(FinalizePropertiesTaskExecuter.java:46)
Fabric 1.21.11 build	Build Fabric artifact	2026-08-18T15:23:51.0143669Z 	at org.gradle.api.internal.tasks.execution.ResolveTaskExecutionModeExecuter.execute(ResolveTaskExecutionModeExecuter.java:51)
Fabric 1.21.11 build	Build Fabric artifact	2026-08-18T15:23:51.0144062Z 	at org.gradle.api.internal.tasks.execution.SkipTaskWithNoActionsExecuter.execute(SkipTaskWithNoActionsExecuter.java:57)
Fabric 1.21.11 build	Build Fabric artifact	2026-08-18T15:23:51.0144404Z 	at org.gradle.api.internal.tasks.execution.SkipOnlyIfTaskExecuter.execute(SkipOnlyIfTaskExecuter.java:74)
Fabric 1.21.11 build	Build Fabric artifact	2026-08-18T15:23:51.0144772Z 	at org.gradle.api.internal.tasks.execution.CatchExceptionTaskExecuter.execute(CatchExceptionTaskExecuter.java:36)
Fabric 1.21.11 build	Build Fabric artifact	2026-08-18T15:23:51.0145127Z 	at org.gradle.api.internal.tasks.execution.EventFiringTaskExecuter$1.executeTask(EventFiringTaskExecuter.java:77)
Fabric 1.21.11 build	Build Fabric artifact	2026-08-18T15:23:51.0145466Z 	at org.gradle.api.internal.tasks.execution.EventFiringTaskExecuter$1.call(EventFiringTaskExecuter.java:55)
Fabric 1.21.11 build	Build Fabric artifact	2026-08-18T15:23:51.0145795Z 	at org.gradle.api.internal.tasks.execution.EventFiringTaskExecuter$1.call(EventFiringTaskExecuter.java:52)
Fabric 1.21.11 build	Build Fabric artifact	2026-08-18T15:23:51.0146255Z 	at org.gradle.internal.operations.DefaultBuildOperationRunner$CallableBuildOperationWorker.execute(DefaultBuildOperationRunner.java:210)
Fabric 1.21.11 build	Build Fabric artifact	2026-08-18T15:23:51.0146700Z 	at org.gradle.internal.operations.DefaultBuildOperationRunner$CallableBuildOperationWorker.execute(DefaultBuildOperationRunner.java:205)
Fabric 1.21.11 build	Build Fabric artifact	2026-08-18T15:23:51.0147053Z 	at org.gradle.internal.operations.DefaultBuildOperationRunner$2.execute(DefaultBuildOperationRunner.java:67)
Fabric 1.21.11 build	Build Fabric artifact	2026-08-18T15:23:51.0147392Z 	at org.gradle.internal.operations.DefaultBuildOperationRunner$2.execute(DefaultBuildOperationRunner.java:60)
Fabric 1.21.11 build	Build Fabric artifact	2026-08-18T15:23:51.0147745Z 	at org.gradle.internal.operations.DefaultBuildOperationRunner.execute(DefaultBuildOperationRunner.java:167)
Fabric 1.21.11 build	Build Fabric artifact	2026-08-18T15:23:51.0148224Z 	at org.gradle.internal.operations.DefaultBuildOperationRunner.execute(DefaultBuildOperationRunner.java:60)
Fabric 1.21.11 build	Build Fabric artifact	2026-08-18T15:23:51.0148703Z 	at org.gradle.internal.operations.DefaultBuildOperationRunner.call(DefaultBuildOperationRunner.java:54)
Fabric 1.21.11 build	Build Fabric artifact	2026-08-18T15:23:51.0149249Z 	at org.gradle.api.internal.tasks.execution.EventFiringTaskExecuter.execute(EventFiringTaskExecuter.java:52)
Fabric 1.21.11 build	Build Fabric artifact	2026-08-18T15:23:51.0149791Z 	at org.gradle.execution.plan.LocalTaskNodeExecutor.execute(LocalTaskNodeExecutor.java:42)
Fabric 1.21.11 build	Build Fabric artifact	2026-08-18T15:23:51.0150490Z 	at org.gradle.execution.taskgraph.DefaultTaskExecutionGraph$InvokeNodeExecutorsAction.execute(DefaultTaskExecutionGraph.java:331)
Fabric 1.21.11 build	Build Fabric artifact	2026-08-18T15:23:51.0151169Z 	at org.gradle.execution.taskgraph.DefaultTaskExecutionGraph$InvokeNodeExecutorsAction.execute(DefaultTaskExecutionGraph.java:318)
Fabric 1.21.11 build	Build Fabric artifact	2026-08-18T15:23:51.0151957Z 	at org.gradle.execution.taskgraph.DefaultTaskExecutionGraph$BuildOperationAwareExecutionAction.lambda$execute$0(DefaultTaskExecutionGraph.java:314)
Fabric 1.21.11 build	Build Fabric artifact	2026-08-18T15:23:51.0152571Z 	at org.gradle.internal.operations.CurrentBuildOperationRef.with(CurrentBuildOperationRef.java:85)
Fabric 1.21.11 build	Build Fabric artifact	2026-08-18T15:23:51.0153314Z 	at org.gradle.execution.taskgraph.DefaultTaskExecutionGraph$BuildOperationAwareExecutionAction.execute(DefaultTaskExecutionGraph.java:314)
Fabric 1.21.11 build	Build Fabric artifact	2026-08-18T15:23:51.0154074Z 	at org.gradle.execution.taskgraph.DefaultTaskExecutionGraph$BuildOperationAwareExecutionAction.execute(DefaultTaskExecutionGraph.java:303)
Fabric 1.21.11 build	Build Fabric artifact	2026-08-18T15:23:51.0154573Z 	at org.gradle.execution.plan.DefaultPlanExecutor$ExecutorWorker.execute(DefaultPlanExecutor.java:459)
Fabric 1.21.11 build	Build Fabric artifact	2026-08-18T15:23:51.0155043Z 	at org.gradle.execution.plan.DefaultPlanExecutor$ExecutorWorker.run(DefaultPlanExecutor.java:376)
Fabric 1.21.11 build	Build Fabric artifact	2026-08-18T15:23:51.0155445Z 	at org.gradle.internal.concurrent.ExecutorPolicy$CatchAndRecordFailures.onExecute(ExecutorPolicy.java:64)
Fabric 1.21.11 build	Build Fabric artifact	2026-08-18T15:23:51.0155743Z 	at org.gradle.internal.concurrent.AbstractManagedExecutor$1.run(AbstractManagedExecutor.java:48)
Fabric 1.21.11 build	Build Fabric artifact	2026-08-18T15:23:51.0156141Z Caused by: org.gradle.api.internal.tasks.compile.CompilationFailedException: Compilation failed; see the compiler output below.
Fabric 1.21.11 build	Build Fabric artifact	2026-08-18T15:23:51.0156788Z /home/runner/work/Redliner101/Redliner101/Common/src/main/java/at/petrak/hexcasting/common/command/RecalcPatternsCommand.java:16: error: method set in class DimensionDataStorage cannot be applied to given types;
Fabric 1.21.11 build	Build Fabric artifact	2026-08-18T15:23:51.0157004Z                 ds.set(ScrungledPatternsSave.TAG_SAVED_DATA,
Fabric 1.21.11 build	Build Fabric artifact	2026-08-18T15:23:51.0157086Z                   ^
Fabric 1.21.11 build	Build Fabric artifact	2026-08-18T15:23:51.0157191Z   required: SavedDataType<T>,T
Fabric 1.21.11 build	Build Fabric artifact	2026-08-18T15:23:51.0157302Z   found:    String,ScrungledPatternsSave
Fabric 1.21.11 build	Build Fabric artifact	2026-08-18T15:23:51.0157416Z   reason: cannot infer type-variable(s) T
Fabric 1.21.11 build	Build Fabric artifact	2026-08-18T15:23:51.0157594Z     (argument mismatch; String cannot be converted to SavedDataType<T>)
Fabric 1.21.11 build	Build Fabric artifact	2026-08-18T15:23:51.0157700Z   where T is a type-variable:
Fabric 1.21.11 build	Build Fabric artifact	2026-08-18T15:23:51.0157869Z     T extends SavedData declared in method <T>set(SavedDataType<T>,T)
Fabric 1.21.11 build	Build Fabric artifact	2026-08-18T15:23:51.0158469Z /home/runner/work/Redliner101/Redliner101/Common/src/main/java/at/petrak/hexcasting/common/recipe/ingredient/brainsweep/EntityTagIngredient.java:94: error: no suitable method found for create(Level)
Fabric 1.21.11 build	Build Fabric artifact	2026-08-18T15:23:51.0158584Z             return someTy.value().create(level);
Fabric 1.21.11 build	Build Fabric artifact	2026-08-18T15:23:51.0158680Z                                  ^
Fabric 1.21.11 build	Build Fabric artifact	2026-08-18T15:23:51.0159033Z     method EntityType.create(ServerLevel,Consumer<CAP#1>,BlockPos,EntitySpawnReason,boolean,boolean) is not applicable
Fabric 1.21.11 build	Build Fabric artifact	2026-08-18T15:23:51.0159182Z       (actual and formal argument lists differ in length)
Fabric 1.21.11 build	Build Fabric artifact	2026-08-18T15:23:51.0159363Z     method EntityType.create(Level,EntitySpawnReason) is not applicable
Fabric 1.21.11 build	Build Fabric artifact	2026-08-18T15:23:51.0159502Z       (actual and formal argument lists differ in length)
Fabric 1.21.11 build	Build Fabric artifact	2026-08-18T15:23:51.0159887Z     method EntityType.create(ValueInput,Level,EntitySpawnReason) is not applicable
Fabric 1.21.11 build	Build Fabric artifact	2026-08-18T15:23:51.0160027Z       (actual and formal argument lists differ in length)
Fabric 1.21.11 build	Build Fabric artifact	2026-08-18T15:23:51.0160296Z     method EntityType.create(EntityType<?>,ValueInput,Level,EntitySpawnReason) is not applicable
Fabric 1.21.11 build	Build Fabric artifact	2026-08-18T15:23:51.0160426Z       (actual and formal argument lists differ in length)
Fabric 1.21.11 build	Build Fabric artifact	2026-08-18T15:23:51.0160542Z   where CAP#1 is a fresh type-variable:
Fabric 1.21.11 build	Build Fabric artifact	2026-08-18T15:23:51.0160650Z     CAP#1 extends Entity from capture of ?
Fabric 1.21.11 build	Build Fabric artifact	2026-08-18T15:23:51.0161256Z /home/runner/work/Redliner101/Redliner101/Common/src/main/java/at/petrak/hexcasting/common/recipe/ingredient/brainsweep/EntityTypeIngredient.java:65: error: no suitable method found for create(Level)
Fabric 1.21.11 build	Build Fabric artifact	2026-08-18T15:23:51.0161369Z         return this.entityType.create(level);
Fabric 1.21.11 build	Build Fabric artifact	2026-08-18T15:23:51.0161466Z                               ^
Fabric 1.21.11 build	Build Fabric artifact	2026-08-18T15:23:51.0161805Z     method EntityType.create(ServerLevel,Consumer<CAP#1>,BlockPos,EntitySpawnReason,boolean,boolean) is not applicable
Fabric 1.21.11 build	Build Fabric artifact	2026-08-18T15:23:51.0161940Z       (actual and formal argument lists differ in length)
Fabric 1.21.11 build	Build Fabric artifact	2026-08-18T15:23:51.0162121Z     method EntityType.create(Level,EntitySpawnReason) is not applicable
Fabric 1.21.11 build	Build Fabric artifact	2026-08-18T15:23:51.0162250Z       (actual and formal argument lists differ in length)
Fabric 1.21.11 build	Build Fabric artifact	2026-08-18T15:23:51.0162534Z     method EntityType.create(ValueInput,Level,EntitySpawnReason) is not applicable
Fabric 1.21.11 build	Build Fabric artifact	2026-08-18T15:23:51.0162655Z       (actual and formal argument lists differ in length)
Fabric 1.21.11 build	Build Fabric artifact	2026-08-18T15:23:51.0162905Z     method EntityType.create(EntityType<?>,ValueInput,Level,EntitySpawnReason) is not applicable
Fabric 1.21.11 build	Build Fabric artifact	2026-08-18T15:23:51.0163029Z       (actual and formal argument lists differ in length)
Fabric 1.21.11 build	Build Fabric artifact	2026-08-18T15:23:51.0163138Z   where CAP#1 is a fresh type-variable:
Fabric 1.21.11 build	Build Fabric artifact	2026-08-18T15:23:51.0163240Z     CAP#1 extends Entity from capture of ?
Fabric 1.21.11 build	Build Fabric artifact	2026-08-18T15:23:51.0164168Z /home/runner/work/Redliner101/Redliner101/Common/src/main/java/at/petrak/hexcasting/interop/inline/InlinePatternRenderer.java:73: error: no suitable method found for renderPattern(@org.jetbrains.annotations.NotNull HexPattern,Matrix3x2fStack,isFlat ? n[...], 1)),isGlowy ? [...]TINGS,isGlowy ? [...]olor),int,int)
Fabric 1.21.11 build	Build Fabric artifact	2026-08-18T15:23:51.0164707Z         PatternRenderer.renderPattern(data.pattern, drawContext.pose(), isFlat ? null : new PatternRenderer.WorldlyBits(drawContext.bufferSource(), trContext.light(), new Vec3(0, 0, 1)),
Fabric 1.21.11 build	Build Fabric artifact	2026-08-18T15:23:51.0164801Z                        ^
Fabric 1.21.11 build	Build Fabric artifact	2026-08-18T15:23:51.0165222Z     method PatternRenderer.renderPattern(HexPattern,PoseStack,WorldlyBits,PatternSettings,PatternColors,double,int) is not applicable
Fabric 1.21.11 build	Build Fabric artifact	2026-08-18T15:23:51.0165562Z       (argument mismatch; Matrix3x2fStack cannot be converted to PoseStack)
Fabric 1.21.11 build	Build Fabric artifact	2026-08-18T15:23:51.0166142Z     method PatternRenderer.renderPattern(HexPatternLike,PoseStack,WorldlyBits,PatternSettings,PatternColors,double,int) is not applicable
Fabric 1.21.11 build	Build Fabric artifact	2026-08-18T15:23:51.0166456Z       (argument mismatch; @org.jetbrains.annotations.NotNull HexPattern cannot be converted to HexPatternLike)
Fabric 1.21.11 build	Build Fabric artifact	2026-08-18T15:23:51.0166978Z /home/runner/work/Redliner101/Redliner101/Common/src/main/java/at/petrak/hexcasting/datagen/recipe/HexplatRecipes.java:103: error: no suitable method found for of(TagKey<Item>)
Fabric 1.21.11 build	Build Fabric artifact	2026-08-18T15:23:51.0167296Z         staffRecipe(recipes, HexItems.STAFF_MINDSPLICE, Ingredient.of(HexTags.Items.MINDFLAYED_CIRCLE_COMPONENTS));
Fabric 1.21.11 build	Build Fabric artifact	2026-08-18T15:23:51.0167420Z                                                                   ^
Fabric 1.21.11 build	Build Fabric artifact	2026-08-18T15:23:51.0167546Z     method Ingredient.of(ItemLike) is not applicable
Fabric 1.21.11 build	Build Fabric artifact	2026-08-18T15:23:51.0167720Z       (argument mismatch; TagKey<Item> cannot be converted to ItemLike)
Fabric 1.21.11 build	Build Fabric artifact	2026-08-18T15:23:51.0167887Z     method Ingredient.of(ItemLike...) is not applicable
Fabric 1.21.11 build	Build Fabric artifact	2026-08-18T15:23:51.0168133Z       (varargs mismatch; TagKey<Item> cannot be converted to ItemLike)
Fabric 1.21.11 build	Build Fabric artifact	2026-08-18T15:23:51.0168388Z     method Ingredient.of(Stream<? extends ItemLike>) is not applicable
Fabric 1.21.11 build	Build Fabric artifact	2026-08-18T15:23:51.0168684Z       (argument mismatch; TagKey<Item> cannot be converted to Stream<? extends ItemLike>)
Fabric 1.21.11 build	Build Fabric artifact	2026-08-18T15:23:51.0168890Z     method Ingredient.of(HolderSet<Item>) is not applicable
Fabric 1.21.11 build	Build Fabric artifact	2026-08-18T15:23:51.0169136Z       (argument mismatch; TagKey<Item> cannot be converted to HolderSet<Item>)
Fabric 1.21.11 build	Build Fabric artifact	2026-08-18T15:23:51.0170100Z /home/runner/work/Redliner101/Redliner101/Common/src/main/java/at/petrak/hexcasting/datagen/recipe/HexplatRecipes.java:105: error: no suitable method found for shapeless(RecipeCategory,ItemThoughtKnot)
Fabric 1.21.11 build	Build Fabric artifact	2026-08-18T15:23:51.0170447Z         ShapelessRecipeBuilder.shapeless(RecipeCategory.TOOLS, HexItems.THOUGHT_KNOT)
Fabric 1.21.11 build	Build Fabric artifact	2026-08-18T15:23:51.0170575Z                               ^
Fabric 1.21.11 build	Build Fabric artifact	2026-08-18T15:23:51.0171013Z     method ShapelessRecipeBuilder.shapeless(HolderGetter<Item>,RecipeCategory,ItemStack) is not applicable
Fabric 1.21.11 build	Build Fabric artifact	2026-08-18T15:23:51.0171207Z       (actual and formal argument lists differ in length)
Fabric 1.21.11 build	Build Fabric artifact	2026-08-18T15:23:51.0171661Z     method ShapelessRecipeBuilder.shapeless(HolderGetter<Item>,RecipeCategory,ItemLike) is not applicable
Fabric 1.21.11 build	Build Fabric artifact	2026-08-18T15:23:51.0171858Z       (actual and formal argument lists differ in length)
Fabric 1.21.11 build	Build Fabric artifact	2026-08-18T15:23:51.0172350Z     method ShapelessRecipeBuilder.shapeless(HolderGetter<Item>,RecipeCategory,ItemLike,int) is not applicable
Fabric 1.21.11 build	Build Fabric artifact	2026-08-18T15:23:51.0172534Z       (actual and formal argument lists differ in length)
Fabric 1.21.11 build	Build Fabric artifact	2026-08-18T15:23:51.0173426Z /home/runner/work/Redliner101/Redliner101/Common/src/main/java/at/petrak/hexcasting/datagen/recipe/HexplatRecipes.java:110: error: no suitable method found for shaped(RecipeCategory,ItemFocus)
Fabric 1.21.11 build	Build Fabric artifact	2026-08-18T15:23:51.0173851Z         ShapedRecipeBuilder.shaped(RecipeCategory.TOOLS, HexItems.FOCUS)
Fabric 1.21.11 build	Build Fabric artifact	2026-08-18T15:23:51.0173987Z                            ^
Fabric 1.21.11 build	Build Fabric artifact	2026-08-18T15:23:51.0174432Z     method ShapedRecipeBuilder.shaped(HolderGetter<Item>,RecipeCategory,ItemLike) is not applicable
Fabric 1.21.11 build	Build Fabric artifact	2026-08-18T15:23:51.0174641Z       (actual and formal argument lists differ in length)
Fabric 1.21.11 build	Build Fabric artifact	2026-08-18T15:23:51.0175096Z     method ShapedRecipeBuilder.shaped(HolderGetter<Item>,RecipeCategory,ItemLike,int) is not applicable
Fabric 1.21.11 build	Build Fabric artifact	2026-08-18T15:23:51.0175308Z       (actual and formal argument lists differ in length)
Fabric 1.21.11 build	Build Fabric artifact	2026-08-18T15:23:51.0176225Z /home/runner/work/Redliner101/Redliner101/Common/src/main/java/at/petrak/hexcasting/datagen/recipe/HexplatRecipes.java:120: error: no suitable method found for shaped(RecipeCategory,ItemFocus)
Fabric 1.21.11 build	Build Fabric artifact	2026-08-18T15:23:51.0176540Z         ShapedRecipeBuilder.shaped(RecipeCategory.TOOLS, HexItems.FOCUS)
Fabric 1.21.11 build	Build Fabric artifact	2026-08-18T15:23:51.0176673Z                            ^
Fabric 1.21.11 build	Build Fabric artifact	2026-08-18T15:23:51.0177106Z     method ShapedRecipeBuilder.shaped(HolderGetter<Item>,RecipeCategory,ItemLike) is not applicable
Fabric 1.21.11 build	Build Fabric artifact	2026-08-18T15:23:51.0177408Z       (actual and formal argument lists differ in length)
Fabric 1.21.11 build	Build Fabric artifact	2026-08-18T15:23:51.0177880Z     method ShapedRecipeBuilder.shaped(HolderGetter<Item>,RecipeCategory,ItemLike,int) is not applicable
Fabric 1.21.11 build	Build Fabric artifact	2026-08-18T15:23:51.0178087Z       (actual and formal argument lists differ in length)
Fabric 1.21.11 build	Build Fabric artifact	2026-08-18T15:23:51.0179040Z /home/runner/work/Redliner101/Redliner101/Common/src/main/java/at/petrak/hexcasting/datagen/recipe/HexplatRecipes.java:131: error: no suitable method found for shaped(RecipeCategory,ItemSpellbook)
Fabric 1.21.11 build	Build Fabric artifact	2026-08-18T15:23:51.0179380Z         ShapedRecipeBuilder.shaped(RecipeCategory.TOOLS, HexItems.SPELLBOOK)
Fabric 1.21.11 build	Build Fabric artifact	2026-08-18T15:23:51.0179504Z                            ^
Fabric 1.21.11 build	Build Fabric artifact	2026-08-18T15:23:51.0180071Z     method ShapedRecipeBuilder.shaped(HolderGetter<Item>,RecipeCategory,ItemLike) is not applicable
Fabric 1.21.11 build	Build Fabric artifact	2026-08-18T15:23:51.0180226Z       (actual and formal argument lists differ in length)
Fabric 1.21.11 build	Build Fabric artifact	2026-08-18T15:23:51.0180513Z     method ShapedRecipeBuilder.shaped(HolderGetter<Item>,RecipeCategory,ItemLike,int) is not applicable
Fabric 1.21.11 build	Build Fabric artifact	2026-08-18T15:23:51.0180645Z       (actual and formal argument lists differ in length)
Fabric 1.21.11 build	Build Fabric artifact	2026-08-18T15:23:51.0181205Z /home/runner/work/Redliner101/Redliner101/Common/src/main/java/at/petrak/hexcasting/datagen/recipe/HexplatRecipes.java:155: error: no suitable method found for shaped(RecipeCategory,ItemArtifact)
Fabric 1.21.11 build	Build Fabric artifact	2026-08-18T15:23:51.0181416Z         ShapedRecipeBuilder.shaped(RecipeCategory.TOOLS, HexItems.ARTIFACT)
Fabric 1.21.11 build	Build Fabric artifact	2026-08-18T15:23:51.0181497Z                            ^
Fabric 1.21.11 build	Build Fabric artifact	2026-08-18T15:23:51.0181806Z     method ShapedRecipeBuilder.shaped(HolderGetter<Item>,RecipeCategory,ItemLike) is not applicable
Fabric 1.21.11 build	Build Fabric artifact	2026-08-18T15:23:51.0181958Z       (actual and formal argument lists differ in length)
Fabric 1.21.11 build	Build Fabric artifact	2026-08-18T15:23:51.0182280Z     method ShapedRecipeBuilder.shaped(HolderGetter<Item>,RecipeCategory,ItemLike,int) is not applicable
Fabric 1.21.11 build	Build Fabric artifact	2026-08-18T15:23:51.0182415Z       (actual and formal argument lists differ in length)
Fabric 1.21.11 build	Build Fabric artifact	2026-08-18T15:23:51.0182977Z /home/runner/work/Redliner101/Redliner101/Common/src/main/java/at/petrak/hexcasting/datagen/recipe/HexplatRecipes.java:169: error: no suitable method found for shaped(RecipeCategory,ItemAbacus)
Fabric 1.21.11 build	Build Fabric artifact	2026-08-18T15:23:51.0183191Z         ShapedRecipeBuilder.shaped(RecipeCategory.TOOLS, HexItems.ABACUS)
Fabric 1.21.11 build	Build Fabric artifact	2026-08-18T15:23:51.0183282Z                            ^
Fabric 1.21.11 build	Build Fabric artifact	2026-08-18T15:23:51.0183547Z     method ShapedRecipeBuilder.shaped(HolderGetter<Item>,RecipeCategory,ItemLike) is not applicable
Fabric 1.21.11 build	Build Fabric artifact	2026-08-18T15:23:51.0183679Z       (actual and formal argument lists differ in length)
Fabric 1.21.11 build	Build Fabric artifact	2026-08-18T15:23:51.0183967Z     method ShapedRecipeBuilder.shaped(HolderGetter<Item>,RecipeCategory,ItemLike,int) is not applicable
Fabric 1.21.11 build	Build Fabric artifact	2026-08-18T15:23:51.0184168Z       (actual and formal argument lists differ in length)
Fabric 1.21.11 build	Build Fabric artifact	2026-08-18T15:23:51.0184827Z /home/runner/work/Redliner101/Redliner101/Common/src/main/java/at/petrak/hexcasting/datagen/recipe/HexplatRecipes.java:179: error: no suitable method found for shaped(RecipeCategory,Item)
Fabric 1.21.11 build	Build Fabric artifact	2026-08-18T15:23:51.0185049Z         ShapedRecipeBuilder.shaped(RecipeCategory.FOOD, HexItems.SUBMARINE_SANDWICH)
Fabric 1.21.11 build	Build Fabric artifact	2026-08-18T15:23:51.0185145Z                            ^
Fabric 1.21.11 build	Build Fabric artifact	2026-08-18T15:23:51.0185409Z     method ShapedRecipeBuilder.shaped(HolderGetter<Item>,RecipeCategory,ItemLike) is not applicable
Fabric 1.21.11 build	Build Fabric artifact	2026-08-18T15:23:51.0185544Z       (actual and formal argument lists differ in length)
Fabric 1.21.11 build	Build Fabric artifact	2026-08-18T15:23:51.0185828Z     method ShapedRecipeBuilder.shaped(HolderGetter<Item>,RecipeCategory,ItemLike,int) is not applicable
Fabric 1.21.11 build	Build Fabric artifact	2026-08-18T15:23:51.0185962Z       (actual and formal argument lists differ in length)
Fabric 1.21.11 build	Build Fabric artifact	2026-08-18T15:23:51.0186540Z /home/runner/work/Redliner101/Redliner101/Common/src/main/java/at/petrak/hexcasting/datagen/recipe/HexplatRecipes.java:191: error: no suitable method found for shaped(RecipeCategory,ItemDyePigment)
Fabric 1.21.11 build	Build Fabric artifact	2026-08-18T15:23:51.0186714Z             ShapedRecipeBuilder.shaped(RecipeCategory.MISC, item)
Fabric 1.21.11 build	Build Fabric artifact	2026-08-18T15:23:51.0186811Z                                ^
Fabric 1.21.11 build	Build Fabric artifact	2026-08-18T15:23:51.0187076Z     method ShapedRecipeBuilder.shaped(HolderGetter<Item>,RecipeCategory,ItemLike) is not applicable
Fabric 1.21.11 build	Build Fabric artifact	2026-08-18T15:23:51.0187265Z       (actual and formal argument lists differ in length)
Fabric 1.21.11 build	Build Fabric artifact	2026-08-18T15:23:51.0187546Z     method ShapedRecipeBuilder.shaped(HolderGetter<Item>,RecipeCategory,ItemLike,int) is not applicable
Fabric 1.21.11 build	Build Fabric artifact	2026-08-18T15:23:51.0187675Z       (actual and formal argument lists differ in length)
Fabric 1.21.11 build	Build Fabric artifact	2026-08-18T15:23:51.0188227Z /home/runner/work/Redliner101/Redliner101/Common/src/main/java/at/petrak/hexcasting/datagen/recipe/HexplatRecipes.java:229: error: no suitable method found for shaped(RecipeCategory,ItemScroll)
Fabric 1.21.11 build	Build Fabric artifact	2026-08-18T15:23:51.0188460Z         ShapedRecipeBuilder.shaped(RecipeCategory.DECORATIONS, HexItems.SCROLL_SMOL)
Fabric 1.21.11 build	Build Fabric artifact	2026-08-18T15:23:51.0188540Z                            ^
Fabric 1.21.11 build	Build Fabric artifact	2026-08-18T15:23:51.0188813Z     method ShapedRecipeBuilder.shaped(HolderGetter<Item>,RecipeCategory,ItemLike) is not applicable
Fabric 1.21.11 build	Build Fabric artifact	2026-08-18T15:23:51.0188937Z       (actual and formal argument lists differ in length)
Fabric 1.21.11 build	Build Fabric artifact	2026-08-18T15:23:51.0189220Z     method ShapedRecipeBuilder.shaped(HolderGetter<Item>,RecipeCategory,ItemLike,int) is not applicable
Fabric 1.21.11 build	Build Fabric artifact	2026-08-18T15:23:51.0189349Z       (actual and formal argument lists differ in length)
Fabric 1.21.11 build	Build Fabric artifact	2026-08-18T15:23:51.0190207Z /home/runner/work/Redliner101/Redliner101/Common/src/main/java/at/petrak/hexcasting/datagen/recipe/HexplatRecipes.java:236: error: no suitable method found for shaped(RecipeCategory,ItemScroll)
Fabric 1.21.11 build	Build Fabric artifact	2026-08-18T15:23:51.0190548Z         ShapedRecipeBuilder.shaped(RecipeCategory.DECORATIONS, HexItems.SCROLL_MEDIUM)
Fabric 1.21.11 build	Build Fabric artifact	2026-08-18T15:23:51.0190644Z                            ^
Fabric 1.21.11 build	Build Fabric artifact	2026-08-18T15:23:51.0191070Z     method ShapedRecipeBuilder.shaped(HolderGetter<Item>,RecipeCategory,ItemLike) is not applicable
Fabric 1.21.11 build	Build Fabric artifact	2026-08-18T15:23:51.0191244Z       (actual and formal argument lists differ in length)
Fabric 1.21.11 build	Build Fabric artifact	2026-08-18T15:23:51.0191682Z     method ShapedRecipeBuilder.shaped(HolderGetter<Item>,RecipeCategory,ItemLike,int) is not applicable
Fabric 1.21.11 build	Build Fabric artifact	2026-08-18T15:23:51.0191858Z       (actual and formal argument lists differ in length)
Fabric 1.21.11 build	Build Fabric artifact	2026-08-18T15:23:51.0192748Z /home/runner/work/Redliner101/Redliner101/Common/src/main/java/at/petrak/hexcasting/datagen/recipe/HexplatRecipes.java:244: error: no suitable method found for shaped(RecipeCategory,ItemScroll)
Fabric 1.21.11 build	Build Fabric artifact	2026-08-18T15:23:51.0193133Z         ShapedRecipeBuilder.shaped(RecipeCategory.DECORATIONS, HexItems.SCROLL_LARGE)
Fabric 1.21.11 build	Build Fabric artifact	2026-08-18T15:23:51.0193247Z                            ^
Fabric 1.21.11 build	Build Fabric artifact	2026-08-18T15:23:51.0193693Z     method ShapedRecipeBuilder.shaped(HolderGetter<Item>,RecipeCategory,ItemLike) is not applicable
Fabric 1.21.11 build	Build Fabric artifact	2026-08-18T15:23:51.0193888Z       (actual and formal argument lists differ in length)
Fabric 1.21.11 build	Build Fabric artifact	2026-08-18T15:23:51.0194356Z     method ShapedRecipeBuilder.shaped(HolderGetter<Item>,RecipeCategory,ItemLike,int) is not applicable
Fabric 1.21.11 build	Build Fabric artifact	2026-08-18T15:23:51.0194554Z       (actual and formal argument lists differ in length)
Fabric 1.21.11 build	Build Fabric artifact	2026-08-18T15:23:51.0195619Z /home/runner/work/Redliner101/Redliner101/Common/src/main/java/at/petrak/hexcasting/datagen/recipe/HexplatRecipes.java:259: error: no suitable method found for shaped(RecipeCategory,ItemJewelerHammer)
Fabric 1.21.11 build	Build Fabric artifact	2026-08-18T15:23:51.0195968Z         ShapedRecipeBuilder.shaped(RecipeCategory.TOOLS, HexItems.JEWELER_HAMMER)
Fabric 1.21.11 build	Build Fabric artifact	2026-08-18T15:23:51.0196094Z                            ^
Fabric 1.21.11 build	Build Fabric artifact	2026-08-18T15:23:51.0196517Z     method ShapedRecipeBuilder.shaped(HolderGetter<Item>,RecipeCategory,ItemLike) is not applicable
Fabric 1.21.11 build	Build Fabric artifact	2026-08-18T15:23:51.0196711Z       (actual and formal argument lists differ in length)
Fabric 1.21.11 build	Build Fabric artifact	2026-08-18T15:23:51.0197172Z     method ShapedRecipeBuilder.shaped(HolderGetter<Item>,RecipeCategory,ItemLike,int) is not applicable
Fabric 1.21.11 build	Build Fabric artifact	2026-08-18T15:23:51.0197381Z       (actual and formal argument lists differ in length)
Fabric 1.21.11 build	Build Fabric artifact	2026-08-18T15:23:51.0198289Z /home/runner/work/Redliner101/Redliner101/Common/src/main/java/at/petrak/hexcasting/datagen/recipe/HexplatRecipes.java:269: error: no suitable method found for shapeless(RecipeCategory,Item,int)
Fabric 1.21.11 build	Build Fabric artifact	2026-08-18T15:23:51.0198617Z         ShapelessRecipeBuilder.shapeless(RecipeCategory.MISC, HexItems.AMETHYST_DUST,
Fabric 1.21.11 build	Build Fabric artifact	2026-08-18T15:23:51.0198742Z                               ^
Fabric 1.21.11 build	Build Fabric artifact	2026-08-18T15:23:51.0199200Z     method ShapelessRecipeBuilder.shapeless(HolderGetter<Item>,RecipeCategory,ItemStack) is not applicable
Fabric 1.21.11 build	Build Fabric artifact	2026-08-18T15:23:51.0200061Z       (argument mismatch; RecipeCategory cannot be converted to HolderGetter<Item>)
Fabric 1.21.11 build	Build Fabric artifact	2026-08-18T15:23:51.0200568Z     method ShapelessRecipeBuilder.shapeless(HolderGetter<Item>,RecipeCategory,ItemLike) is not applicable
Fabric 1.21.11 build	Build Fabric artifact	2026-08-18T15:23:51.0200921Z       (argument mismatch; RecipeCategory cannot be converted to HolderGetter<Item>)
Fabric 1.21.11 build	Build Fabric artifact	2026-08-18T15:23:51.0201862Z /home/runner/work/Redliner101/Redliner101/Common/src/main/java/at/petrak/hexcasting/datagen/recipe/HexplatRecipes.java:275: error: no suitable method found for shapeless(RecipeCategory,Item,int)
Fabric 1.21.11 build	Build Fabric artifact	2026-08-18T15:23:51.0202229Z         ShapelessRecipeBuilder.shapeless(RecipeCategory.MISC, Items.AMETHYST_SHARD,
Fabric 1.21.11 build	Build Fabric artifact	2026-08-18T15:23:51.0202364Z                               ^
Fabric 1.21.11 build	Build Fabric artifact	2026-08-18T15:23:51.0202807Z     method ShapelessRecipeBuilder.shapeless(HolderGetter<Item>,RecipeCategory,ItemStack) is not applicable
Fabric 1.21.11 build	Build Fabric artifact	2026-08-18T15:23:51.0203115Z       (argument mismatch; RecipeCategory cannot be converted to HolderGetter<Item>)
Fabric 1.21.11 build	Build Fabric artifact	2026-08-18T15:23:51.0203582Z     method ShapelessRecipeBuilder.shapeless(HolderGetter<Item>,RecipeCategory,ItemLike) is not applicable
Fabric 1.21.11 build	Build Fabric artifact	2026-08-18T15:23:51.0203899Z       (argument mismatch; RecipeCategory cannot be converted to HolderGetter<Item>)
Fabric 1.21.11 build	Build Fabric artifact	2026-08-18T15:23:51.0205080Z /home/runner/work/Redliner101/Redliner101/Common/src/main/java/at/petrak/hexcasting/datagen/recipe/HexplatRecipes.java:281: error: no suitable method found for shapeless(RecipeCategory,Item,int)
Fabric 1.21.11 build	Build Fabric artifact	2026-08-18T15:23:51.0205494Z         ShapelessRecipeBuilder.shapeless(RecipeCategory.MISC, HexItems.CHARGED_AMETHYST,
Fabric 1.21.11 build	Build Fabric artifact	2026-08-18T15:23:51.0205756Z                               ^
Fabric 1.21.11 build	Build Fabric artifact	2026-08-18T15:23:51.0206279Z     method ShapelessRecipeBuilder.shapeless(HolderGetter<Item>,RecipeCategory,ItemStack) is not applicable
Fabric 1.21.11 build	Build Fabric artifact	2026-08-18T15:23:51.0206720Z       (argument mismatch; RecipeCategory cannot be converted to HolderGetter<Item>)
Fabric 1.21.11 build	Build Fabric artifact	2026-08-18T15:23:51.0207305Z     method ShapelessRecipeBuilder.shapeless(HolderGetter<Item>,RecipeCategory,ItemLike) is not applicable
Fabric 1.21.11 build	Build Fabric artifact	2026-08-18T15:23:51.0207612Z       (argument mismatch; RecipeCategory cannot be converted to HolderGetter<Item>)
Fabric 1.21.11 build	Build Fabric artifact	2026-08-18T15:23:51.0208608Z /home/runner/work/Redliner101/Redliner101/Common/src/main/java/at/petrak/hexcasting/datagen/recipe/HexplatRecipes.java:288: error: no suitable method found for shaped(RecipeCategory,Block)
Fabric 1.21.11 build	Build Fabric artifact	2026-08-18T15:23:51.0209128Z         ShapedRecipeBuilder.shaped(RecipeCategory.BUILDING_BLOCKS, HexBlocks.SLATE_BLOCK)
Fabric 1.21.11 build	Build Fabric artifact	2026-08-18T15:23:51.0209260Z                            ^
Fabric 1.21.11 build	Build Fabric artifact	2026-08-18T15:23:51.0209930Z     method ShapedRecipeBuilder.shaped(HolderGetter<Item>,RecipeCategory,ItemLike) is not applicable
Fabric 1.21.11 build	Build Fabric artifact	2026-08-18T15:23:51.0219544Z       (actual and formal argument lists differ in length)
Fabric 1.21.11 build	Build Fabric artifact	2026-08-18T15:23:51.0220420Z     method ShapedRecipeBuilder.shaped(HolderGetter<Item>,RecipeCategory,ItemLike,int) is not applicable
Fabric 1.21.11 build	Build Fabric artifact	2026-08-18T15:23:51.0220633Z       (actual and formal argument lists differ in length)
Fabric 1.21.11 build	Build Fabric artifact	2026-08-18T15:23:51.0221580Z /home/runner/work/Redliner101/Redliner101/Common/src/main/java/at/petrak/hexcasting/datagen/recipe/HexplatRecipes.java:304: error: no suitable method found for shapeless(RecipeCategory,Block,int)
Fabric 1.21.11 build	Build Fabric artifact	2026-08-18T15:23:51.0222067Z         ShapelessRecipeBuilder.shapeless(RecipeCategory.BUILDING_BLOCKS, HexBlocks.ANCIENT_SCROLL_PAPER, 8)
Fabric 1.21.11 build	Build Fabric artifact	2026-08-18T15:23:51.0222188Z                               ^
Fabric 1.21.11 build	Build Fabric artifact	2026-08-18T15:23:51.0222761Z     method ShapelessRecipeBuilder.shapeless(HolderGetter<Item>,RecipeCategory,ItemStack) is not applicable
Fabric 1.21.11 build	Build Fabric artifact	2026-08-18T15:23:51.0223090Z       (argument mismatch; RecipeCategory cannot be converted to HolderGetter<Item>)
Fabric 1.21.11 build	Build Fabric artifact	2026-08-18T15:23:51.0223583Z     method ShapelessRecipeBuilder.shapeless(HolderGetter<Item>,RecipeCategory,ItemLike) is not applicable
Fabric 1.21.11 build	Build Fabric artifact	2026-08-18T15:23:51.0223908Z       (argument mismatch; RecipeCategory cannot be converted to HolderGetter<Item>)
Fabric 1.21.11 build	Build Fabric artifact	2026-08-18T15:23:51.0224743Z /home/runner/work/Redliner101/Redliner101/Common/src/main/java/at/petrak/hexcasting/datagen/recipe/HexplatRecipes.java:315: error: no suitable method found for shapeless(RecipeCategory,Block,int)
Fabric 1.21.11 build	Build Fabric artifact	2026-08-18T15:23:51.0225355Z         ShapelessRecipeBuilder.shapeless(RecipeCategory.DECORATIONS, HexBlocks.ANCIENT_SCROLL_PAPER_LANTERN, 8)
Fabric 1.21.11 build	Build Fabric artifact	2026-08-18T15:23:51.0225466Z                               ^
Fabric 1.21.11 build	Build Fabric artifact	2026-08-18T15:23:51.0225867Z     method ShapelessRecipeBuilder.shapeless(HolderGetter<Item>,RecipeCategory,ItemStack) is not applicable
Fabric 1.21.11 build	Build Fabric artifact	2026-08-18T15:23:51.0226146Z       (argument mismatch; RecipeCategory cannot be converted to HolderGetter<Item>)
Fabric 1.21.11 build	Build Fabric artifact	2026-08-18T15:23:51.0226555Z     method ShapelessRecipeBuilder.shapeless(HolderGetter<Item>,RecipeCategory,ItemLike) is not applicable
Fabric 1.21.11 build	Build Fabric artifact	2026-08-18T15:23:51.0226817Z       (argument mismatch; RecipeCategory cannot be converted to HolderGetter<Item>)
Fabric 1.21.11 build	Build Fabric artifact	2026-08-18T15:23:51.0227620Z /home/runner/work/Redliner101/Redliner101/Common/src/main/java/at/petrak/hexcasting/datagen/recipe/HexplatRecipes.java:326: error: no suitable method found for shapeless(RecipeCategory,Block,int)
Fabric 1.21.11 build	Build Fabric artifact	2026-08-18T15:23:51.0228005Z         ShapelessRecipeBuilder.shapeless(RecipeCategory.BUILDING_BLOCKS, HexBlocks.EDIFIED_PLANKS, 4)
Fabric 1.21.11 build	Build Fabric artifact	2026-08-18T15:23:51.0228112Z                               ^
Fabric 1.21.11 build	Build Fabric artifact	2026-08-18T15:23:51.0228506Z     method ShapelessRecipeBuilder.shapeless(HolderGetter<Item>,RecipeCategory,ItemStack) is not applicable
Fabric 1.21.11 build	Build Fabric artifact	2026-08-18T15:23:51.0228775Z       (argument mismatch; RecipeCategory cannot be converted to HolderGetter<Item>)
Fabric 1.21.11 build	Build Fabric artifact	2026-08-18T15:23:51.0229162Z     method ShapelessRecipeBuilder.shapeless(HolderGetter<Item>,RecipeCategory,ItemLike) is not applicable
Fabric 1.21.11 build	Build Fabric artifact	2026-08-18T15:23:51.0229431Z       (argument mismatch; RecipeCategory cannot be converted to HolderGetter<Item>)
Fabric 1.21.11 build	Build Fabric artifact	2026-08-18T15:23:51.0230308Z /home/runner/work/Redliner101/Redliner101/Common/src/main/java/at/petrak/hexcasting/datagen/recipe/HexplatRecipes.java:396: error: no suitable method found for shapeless(RecipeCategory,ButtonBlock)
Fabric 1.21.11 build	Build Fabric artifact	2026-08-18T15:23:51.0230664Z         ShapelessRecipeBuilder.shapeless(RecipeCategory.REDSTONE, HexBlocks.EDIFIED_BUTTON)
Fabric 1.21.11 build	Build Fabric artifact	2026-08-18T15:23:51.0230802Z                               ^
Fabric 1.21.11 build	Build Fabric artifact	2026-08-18T15:23:51.0231275Z     method ShapelessRecipeBuilder.shapeless(HolderGetter<Item>,RecipeCategory,ItemStack) is not applicable
Fabric 1.21.11 build	Build Fabric artifact	2026-08-18T15:23:51.0231487Z       (actual and formal argument lists differ in length)
Fabric 1.21.11 build	Build Fabric artifact	2026-08-18T15:23:51.0231973Z     method ShapelessRecipeBuilder.shapeless(HolderGetter<Item>,RecipeCategory,ItemLike) is not applicable
Fabric 1.21.11 build	Build Fabric artifact	2026-08-18T15:23:51.0232184Z       (actual and formal argument lists differ in length)
Fabric 1.21.11 build	Build Fabric artifact	2026-08-18T15:23:51.0232692Z     method ShapelessRecipeBuilder.shapeless(HolderGetter<Item>,RecipeCategory,ItemLike,int) is not applicable
Fabric 1.21.11 build	Build Fabric artifact	2026-08-18T15:23:51.0232906Z       (actual and formal argument lists differ in length)
Fabric 1.21.11 build	Build Fabric artifact	2026-08-18T15:23:51.0233991Z /home/runner/work/Redliner101/Redliner101/Common/src/main/java/at/petrak/hexcasting/datagen/recipe/HexplatRecipes.java:401: error: no suitable method found for shaped(RecipeCategory,BlockEmptyImpetus)
Fabric 1.21.11 build	Build Fabric artifact	2026-08-18T15:23:51.0234369Z         ShapedRecipeBuilder.shaped(RecipeCategory.REDSTONE, HexBlocks.IMPETUS_EMPTY)
Fabric 1.21.11 build	Build Fabric artifact	2026-08-18T15:23:51.0234501Z                            ^
Fabric 1.21.11 build	Build Fabric artifact	2026-08-18T15:23:51.0234945Z     method ShapedRecipeBuilder.shaped(HolderGetter<Item>,RecipeCategory,ItemLike) is not applicable
Fabric 1.21.11 build	Build Fabric artifact	2026-08-18T15:23:51.0235148Z       (actual and formal argument lists differ in length)
Fabric 1.21.11 build	Build Fabric artifact	2026-08-18T15:23:51.0235621Z     method ShapedRecipeBuilder.shaped(HolderGetter<Item>,RecipeCategory,ItemLike,int) is not applicable
Fabric 1.21.11 build	Build Fabric artifact	2026-08-18T15:23:51.0235844Z       (actual and formal argument lists differ in length)
Fabric 1.21.11 build	Build Fabric artifact	2026-08-18T15:23:51.0236793Z /home/runner/work/Redliner101/Redliner101/Common/src/main/java/at/petrak/hexcasting/datagen/recipe/HexplatRecipes.java:411: error: no suitable method found for shaped(RecipeCategory,BlockEmptyDirectrix)
Fabric 1.21.11 build	Build Fabric artifact	2026-08-18T15:23:51.0237136Z         ShapedRecipeBuilder.shaped(RecipeCategory.REDSTONE, HexBlocks.EMPTY_DIRECTRIX)
Fabric 1.21.11 build	Build Fabric artifact	2026-08-18T15:23:51.0237251Z                            ^
Fabric 1.21.11 build	Build Fabric artifact	2026-08-18T15:23:51.0237794Z     method ShapedRecipeBuilder.shaped(HolderGetter<Item>,RecipeCategory,ItemLike) is not applicable
Fabric 1.21.11 build	Build Fabric artifact	2026-08-18T15:23:51.0237981Z       (actual and formal argument lists differ in length)
Fabric 1.21.11 build	Build Fabric artifact	2026-08-18T15:23:51.0238454Z     method ShapedRecipeBuilder.shaped(HolderGetter<Item>,RecipeCategory,ItemLike,int) is not applicable
Fabric 1.21.11 build	Build Fabric artifact	2026-08-18T15:23:51.0238655Z       (actual and formal argument lists differ in length)
Fabric 1.21.11 build	Build Fabric artifact	2026-08-18T15:23:51.0239802Z /home/runner/work/Redliner101/Redliner101/Common/src/main/java/at/petrak/hexcasting/datagen/recipe/HexplatRecipes.java:421: error: no suitable method found for shaped(RecipeCategory,BlockAkashicBookshelf)
Fabric 1.21.11 build	Build Fabric artifact	2026-08-18T15:23:51.0240226Z         ShapedRecipeBuilder.shaped(RecipeCategory.REDSTONE, HexBlocks.AKASHIC_BOOKSHELF)
Fabric 1.21.11 build	Build Fabric artifact	2026-08-18T15:23:51.0240363Z                            ^
Fabric 1.21.11 build	Build Fabric artifact	2026-08-18T15:23:51.0240831Z     method ShapedRecipeBuilder.shaped(HolderGetter<Item>,RecipeCategory,ItemLike) is not applicable
Fabric 1.21.11 build	Build Fabric artifact	2026-08-18T15:23:51.0241026Z       (actual and formal argument lists differ in length)
Fabric 1.21.11 build	Build Fabric artifact	2026-08-18T15:23:51.0241491Z     method ShapedRecipeBuilder.shaped(HolderGetter<Item>,RecipeCategory,ItemLike,int) is not applicable
Fabric 1.21.11 build	Build Fabric artifact	2026-08-18T15:23:51.0241676Z       (actual and formal argument lists differ in length)
Fabric 1.21.11 build	Build Fabric artifact	2026-08-18T15:23:51.0242598Z /home/runner/work/Redliner101/Redliner101/Common/src/main/java/at/petrak/hexcasting/datagen/recipe/HexplatRecipes.java:452: error: no suitable method found for shapeless(RecipeCategory,Item,int)
Fabric 1.21.11 build	Build Fabric artifact	2026-08-18T15:23:51.0243159Z         ShapelessRecipeBuilder.shapeless(RecipeCategory.BUILDING_BLOCKS, HexBlocks.SLATE_AMETHYST_BRICKS.asItem(), 2)
Fabric 1.21.11 build	Build Fabric artifact	2026-08-18T15:23:51.0243286Z                               ^
Fabric 1.21.11 build	Build Fabric artifact	2026-08-18T15:23:51.0243810Z     method ShapelessRecipeBuilder.shapeless(HolderGetter<Item>,RecipeCategory,ItemStack) is not applicable
Fabric 1.21.11 build	Build Fabric artifact	2026-08-18T15:23:51.0244145Z       (argument mismatch; RecipeCategory cannot be converted to HolderGetter<Item>)
Fabric 1.21.11 build	Build Fabric artifact	2026-08-18T15:23:51.0244641Z     method ShapelessRecipeBuilder.shapeless(HolderGetter<Item>,RecipeCategory,ItemLike) is not applicable
Fabric 1.21.11 build	Build Fabric artifact	2026-08-18T15:23:51.0244969Z       (argument mismatch; RecipeCategory cannot be converted to HolderGetter<Item>)
Fabric 1.21.11 build	Build Fabric artifact	2026-08-18T15:23:51.0245921Z /home/runner/work/Redliner101/Redliner101/Common/src/main/java/at/petrak/hexcasting/datagen/recipe/HexplatRecipes.java:457: error: no suitable method found for shapeless(RecipeCategory,Item,int)
Fabric 1.21.11 build	Build Fabric artifact	2026-08-18T15:23:51.0246515Z         ShapelessRecipeBuilder.shapeless(RecipeCategory.BUILDING_BLOCKS, HexBlocks.SLATE_AMETHYST_BRICKS_SMALL.asItem(), 2)
Fabric 1.21.11 build	Build Fabric artifact	2026-08-18T15:23:51.0246645Z                               ^
Fabric 1.21.11 build	Build Fabric artifact	2026-08-18T15:23:51.0247138Z     method ShapelessRecipeBuilder.shapeless(HolderGetter<Item>,RecipeCategory,ItemStack) is not applicable
Fabric 1.21.11 build	Build Fabric artifact	2026-08-18T15:23:51.0247475Z       (argument mismatch; RecipeCategory cannot be converted to HolderGetter<Item>)
Fabric 1.21.11 build	Build Fabric artifact	2026-08-18T15:23:51.0248225Z     method ShapelessRecipeBuilder.shapeless(HolderGetter<Item>,RecipeCategory,ItemLike) is not applicable
Fabric 1.21.11 build	Build Fabric artifact	2026-08-18T15:23:51.0248545Z       (argument mismatch; RecipeCategory cannot be converted to HolderGetter<Item>)
Fabric 1.21.11 build	Build Fabric artifact	2026-08-18T15:23:51.0249502Z /home/runner/work/Redliner101/Redliner101/Common/src/main/java/at/petrak/hexcasting/datagen/recipe/HexplatRecipes.java:462: error: no suitable method found for shapeless(RecipeCategory,Item,int)
Fabric 1.21.11 build	Build Fabric artifact	2026-08-18T15:23:51.0250203Z         ShapelessRecipeBuilder.shapeless(RecipeCategory.BUILDING_BLOCKS, HexBlocks.SLATE_AMETHYST_TILES.asItem(), 2)
Fabric 1.21.11 build	Build Fabric artifact	2026-08-18T15:23:51.0250350Z                               ^
Fabric 1.21.11 build	Build Fabric artifact	2026-08-18T15:23:51.0250849Z     method ShapelessRecipeBuilder.shapeless(HolderGetter<Item>,RecipeCategory,ItemStack) is not applicable
Fabric 1.21.11 build	Build Fabric artifact	2026-08-18T15:23:51.0251168Z       (argument mismatch; RecipeCategory cannot be converted to HolderGetter<Item>)
Fabric 1.21.11 build	Build Fabric artifact	2026-08-18T15:23:51.0251650Z     method ShapelessRecipeBuilder.shapeless(HolderGetter<Item>,RecipeCategory,ItemLike) is not applicable
Fabric 1.21.11 build	Build Fabric artifact	2026-08-18T15:23:51.0251986Z       (argument mismatch; RecipeCategory cannot be converted to HolderGetter<Item>)
Fabric 1.21.11 build	Build Fabric artifact	2026-08-18T15:23:51.0252950Z /home/runner/work/Redliner101/Redliner101/Common/src/main/java/at/petrak/hexcasting/datagen/recipe/HexplatRecipes.java:467: error: no suitable method found for shapeless(RecipeCategory,Item,int)
Fabric 1.21.11 build	Build Fabric artifact	2026-08-18T15:23:51.0253655Z         ShapelessRecipeBuilder.shapeless(RecipeCategory.BUILDING_BLOCKS, HexBlocks.SLATE_AMETHYST_PILLAR.asItem(), 2)
Fabric 1.21.11 build	Build Fabric artifact	2026-08-18T15:23:51.0253786Z                               ^
Fabric 1.21.11 build	Build Fabric artifact	2026-08-18T15:23:51.0254282Z     method ShapelessRecipeBuilder.shapeless(HolderGetter<Item>,RecipeCategory,ItemStack) is not applicable
Fabric 1.21.11 build	Build Fabric artifact	2026-08-18T15:23:51.0254613Z       (argument mismatch; RecipeCategory cannot be converted to HolderGetter<Item>)
Fabric 1.21.11 build	Build Fabric artifact	2026-08-18T15:23:51.0255106Z     method ShapelessRecipeBuilder.shapeless(HolderGetter<Item>,RecipeCategory,ItemLike) is not applicable
Fabric 1.21.11 build	Build Fabric artifact	2026-08-18T15:23:51.0255449Z       (argument mismatch; RecipeCategory cannot be converted to HolderGetter<Item>)
Fabric 1.21.11 build	Build Fabric artifact	2026-08-18T15:23:51.0256353Z /home/runner/work/Redliner101/Redliner101/Common/src/main/java/at/petrak/hexcasting/datagen/recipe/HexplatRecipes.java:476: error: no suitable method found for save(RecipeOutput,Identifier)
Fabric 1.21.11 build	Build Fabric artifact	2026-08-18T15:23:51.0256560Z             .save(recipes, modLoc("budding_amethyst"));
Fabric 1.21.11 build	Build Fabric artifact	2026-08-18T15:23:51.0256683Z             ^
Fabric 1.21.11 build	Build Fabric artifact	2026-08-18T15:23:51.0257046Z     method RecipeBuilder.save(RecipeOutput,ResourceKey<Recipe<?>>) is not applicable
Fabric 1.21.11 build	Build Fabric artifact	2026-08-18T15:23:51.0257377Z       (argument mismatch; Identifier cannot be converted to ResourceKey<Recipe<?>>)
Fabric 1.21.11 build	Build Fabric artifact	2026-08-18T15:23:51.0257666Z     method RecipeBuilder.save(RecipeOutput,String) is not applicable
Fabric 1.21.11 build	Build Fabric artifact	2026-08-18T15:23:51.0257927Z       (argument mismatch; Identifier cannot be converted to String)
Fabric 1.21.11 build	Build Fabric artifact	2026-08-18T15:23:51.0258849Z /home/runner/work/Redliner101/Redliner101/Common/src/main/java/at/petrak/hexcasting/datagen/recipe/HexplatRecipes.java:482: error: no suitable method found for save(RecipeOutput,Identifier)
Fabric 1.21.11 build	Build Fabric artifact	2026-08-18T15:23:51.0259089Z             .save(recipes, modLoc("impetus_rightclick"));
Fabric 1.21.11 build	Build Fabric artifact	2026-08-18T15:23:51.0259202Z             ^
Fabric 1.21.11 build	Build Fabric artifact	2026-08-18T15:23:51.0259584Z     method RecipeBuilder.save(RecipeOutput,ResourceKey<Recipe<?>>) is not applicable
Fabric 1.21.11 build	Build Fabric artifact	2026-08-18T15:23:51.0260078Z       (argument mismatch; Identifier cannot be converted to ResourceKey<Recipe<?>>)
Fabric 1.21.11 build	Build Fabric artifact	2026-08-18T15:23:51.0260377Z     method RecipeBuilder.save(RecipeOutput,String) is not applicable
Fabric 1.21.11 build	Build Fabric artifact	2026-08-18T15:23:51.0260627Z       (argument mismatch; Identifier cannot be converted to String)
Fabric 1.21.11 build	Build Fabric artifact	2026-08-18T15:23:51.0261559Z /home/runner/work/Redliner101/Redliner101/Common/src/main/java/at/petrak/hexcasting/datagen/recipe/HexplatRecipes.java:488: error: no suitable method found for save(RecipeOutput,Identifier)
Fabric 1.21.11 build	Build Fabric artifact	2026-08-18T15:23:51.0261746Z             .save(recipes, modLoc("impetus_look"));
Fabric 1.21.11 build	Build Fabric artifact	2026-08-18T15:23:51.0261853Z             ^
Fabric 1.21.11 build	Build Fabric artifact	2026-08-18T15:23:51.0262149Z     method RecipeBuilder.save(RecipeOutput,ResourceKey<Recipe<?>>) is not applicable
Fabric 1.21.11 build	Build Fabric artifact	2026-08-18T15:23:51.0262636Z       (argument mismatch; Identifier cannot be converted to ResourceKey<Recipe<?>>)
Fabric 1.21.11 build	Build Fabric artifact	2026-08-18T15:23:51.0262937Z     method RecipeBuilder.save(RecipeOutput,String) is not applicable
Fabric 1.21.11 build	Build Fabric artifact	2026-08-18T15:23:51.0263183Z       (argument mismatch; Identifier cannot be converted to String)
Fabric 1.21.11 build	Build Fabric artifact	2026-08-18T15:23:51.0264129Z /home/runner/work/Redliner101/Redliner101/Common/src/main/java/at/petrak/hexcasting/datagen/recipe/HexplatRecipes.java:494: error: no suitable method found for save(RecipeOutput,Identifier)
Fabric 1.21.11 build	Build Fabric artifact	2026-08-18T15:23:51.0264338Z             .save(recipes, modLoc("impetus_storedplayer"));
Fabric 1.21.11 build	Build Fabric artifact	2026-08-18T15:23:51.0264459Z             ^
Fabric 1.21.11 build	Build Fabric artifact	2026-08-18T15:23:51.0264819Z     method RecipeBuilder.save(RecipeOutput,ResourceKey<Recipe<?>>) is not applicable
Fabric 1.21.11 build	Build Fabric artifact	2026-08-18T15:23:51.0265145Z       (argument mismatch; Identifier cannot be converted to ResourceKey<Recipe<?>>)
Fabric 1.21.11 build	Build Fabric artifact	2026-08-18T15:23:51.0265410Z     method RecipeBuilder.save(RecipeOutput,String) is not applicable
Fabric 1.21.11 build	Build Fabric artifact	2026-08-18T15:23:51.0265662Z       (argument mismatch; Identifier cannot be converted to String)
Fabric 1.21.11 build	Build Fabric artifact	2026-08-18T15:23:51.0266591Z /home/runner/work/Redliner101/Redliner101/Common/src/main/java/at/petrak/hexcasting/datagen/recipe/HexplatRecipes.java:500: error: no suitable method found for save(RecipeOutput,Identifier)
Fabric 1.21.11 build	Build Fabric artifact	2026-08-18T15:23:51.0266952Z             .save(recipes, modLoc("directrix_redstone"));
Fabric 1.21.11 build	Build Fabric artifact	2026-08-18T15:23:51.0267071Z             ^
Fabric 1.21.11 build	Build Fabric artifact	2026-08-18T15:23:51.0267420Z     method RecipeBuilder.save(RecipeOutput,ResourceKey<Recipe<?>>) is not applicable
Fabric 1.21.11 build	Build Fabric artifact	2026-08-18T15:23:51.0267674Z       (argument mismatch; Identifier cannot be converted to ResourceKey<Recipe<?>>)
Fabric 1.21.11 build	Build Fabric artifact	2026-08-18T15:23:51.0267895Z     method RecipeBuilder.save(RecipeOutput,String) is not applicable
Fabric 1.21.11 build	Build Fabric artifact	2026-08-18T15:23:51.0268099Z       (argument mismatch; Identifier cannot be converted to String)
Fabric 1.21.11 build	Build Fabric artifact	2026-08-18T15:23:51.0268914Z /home/runner/work/Redliner101/Redliner101/Common/src/main/java/at/petrak/hexcasting/datagen/recipe/HexplatRecipes.java:506: error: no suitable method found for save(RecipeOutput,Identifier)
Fabric 1.21.11 build	Build Fabric artifact	2026-08-18T15:23:51.0269131Z                 .save(recipes, modLoc("directrix_boolean"));
Fabric 1.21.11 build	Build Fabric artifact	2026-08-18T15:23:51.0269245Z                 ^
Fabric 1.21.11 build	Build Fabric artifact	2026-08-18T15:23:51.0269745Z     method RecipeBuilder.save(RecipeOutput,ResourceKey<Recipe<?>>) is not applicable
Fabric 1.21.11 build	Build Fabric artifact	2026-08-18T15:23:51.0270080Z       (argument mismatch; Identifier cannot be converted to ResourceKey<Recipe<?>>)
Fabric 1.21.11 build	Build Fabric artifact	2026-08-18T15:23:51.0270355Z     method RecipeBuilder.save(RecipeOutput,String) is not applicable
Fabric 1.21.11 build	Build Fabric artifact	2026-08-18T15:23:51.0270616Z       (argument mismatch; Identifier cannot be converted to String)
Fabric 1.21.11 build	Build Fabric artifact	2026-08-18T15:23:51.0271531Z /home/runner/work/Redliner101/Redliner101/Common/src/main/java/at/petrak/hexcasting/datagen/recipe/HexplatRecipes.java:512: error: no suitable method found for save(RecipeOutput,Identifier)
Fabric 1.21.11 build	Build Fabric artifact	2026-08-18T15:23:51.0271728Z             .save(recipes, modLoc("akashic_record"));
Fabric 1.21.11 build	Build Fabric artifact	2026-08-18T15:23:51.0271838Z             ^
Fabric 1.21.11 build	Build Fabric artifact	2026-08-18T15:23:51.0272212Z     method RecipeBuilder.save(RecipeOutput,ResourceKey<Recipe<?>>) is not applicable
Fabric 1.21.11 build	Build Fabric artifact	2026-08-18T15:23:51.0272541Z       (argument mismatch; Identifier cannot be converted to ResourceKey<Recipe<?>>)
Fabric 1.21.11 build	Build Fabric artifact	2026-08-18T15:23:51.0272820Z     method RecipeBuilder.save(RecipeOutput,String) is not applicable
Fabric 1.21.11 build	Build Fabric artifact	2026-08-18T15:23:51.0273055Z       (argument mismatch; Identifier cannot be converted to String)
Fabric 1.21.11 build	Build Fabric artifact	2026-08-18T15:23:51.0274001Z /home/runner/work/Redliner101/Redliner101/Common/src/main/java/at/petrak/hexcasting/datagen/recipe/HexplatRecipes.java:519: error: no suitable method found for save(RecipeOutput,Identifier)
Fabric 1.21.11 build	Build Fabric artifact	2026-08-18T15:23:51.0274175Z             .save(recipes, modLoc("quench_allay"));
Fabric 1.21.11 build	Build Fabric artifact	2026-08-18T15:23:51.0274295Z             ^
Fabric 1.21.11 build	Build Fabric artifact	2026-08-18T15:23:51.0274661Z     method RecipeBuilder.save(RecipeOutput,ResourceKey<Recipe<?>>) is not applicable
Fabric 1.21.11 build	Build Fabric artifact	2026-08-18T15:23:51.0274987Z       (argument mismatch; Identifier cannot be converted to ResourceKey<Recipe<?>>)
Fabric 1.21.11 build	Build Fabric artifact	2026-08-18T15:23:51.0275271Z     method RecipeBuilder.save(RecipeOutput,String) is not applicable
Fabric 1.21.11 build	Build Fabric artifact	2026-08-18T15:23:51.0275682Z       (argument mismatch; Identifier cannot be converted to String)
Fabric 1.21.11 build	Build Fabric artifact	2026-08-18T15:23:51.0276610Z /home/runner/work/Redliner101/Redliner101/Common/src/main/java/at/petrak/hexcasting/datagen/recipe/HexplatRecipes.java:558: error: no suitable method found for save(RecipeOutput,Identifier)
Fabric 1.21.11 build	Build Fabric artifact	2026-08-18T15:23:51.0277559Z                 .save(recipes, modLoc("compat/farmersdelight/cutting/" + BuiltInRegistries.BLOCK.getKey(log).getPath()));
Fabric 1.21.11 build	Build Fabric artifact	2026-08-18T15:23:51.0277695Z                 ^
Fabric 1.21.11 build	Build Fabric artifact	2026-08-18T15:23:51.0278034Z     method RecipeBuilder.save(RecipeOutput,ResourceKey<Recipe<?>>) is not applicable
Fabric 1.21.11 build	Build Fabric artifact	2026-08-18T15:23:51.0278362Z       (argument mismatch; Identifier cannot be converted to ResourceKey<Recipe<?>>)
Fabric 1.21.11 build	Build Fabric artifact	2026-08-18T15:23:51.0278636Z     method RecipeBuilder.save(RecipeOutput,String) is not applicable
Fabric 1.21.11 build	Build Fabric artifact	2026-08-18T15:23:51.0278885Z       (argument mismatch; Identifier cannot be converted to String)
Fabric 1.21.11 build	Build Fabric artifact	2026-08-18T15:23:51.0279919Z /home/runner/work/Redliner101/Redliner101/Common/src/main/java/at/petrak/hexcasting/datagen/recipe/HexplatRecipes.java:568: error: no suitable method found for save(RecipeOutput,Identifier)
Fabric 1.21.11 build	Build Fabric artifact	2026-08-18T15:23:51.0280240Z             .save(recipes, modLoc("compat/farmersdelight/cutting/akashic_wood"));
Fabric 1.21.11 build	Build Fabric artifact	2026-08-18T15:23:51.0280517Z             ^
Fabric 1.21.11 build	Build Fabric artifact	2026-08-18T15:23:51.0280884Z     method RecipeBuilder.save(RecipeOutput,ResourceKey<Recipe<?>>) is not applicable
Fabric 1.21.11 build	Build Fabric artifact	2026-08-18T15:23:51.0281232Z       (argument mismatch; Identifier cannot be converted to ResourceKey<Recipe<?>>)
Fabric 1.21.11 build	Build Fabric artifact	2026-08-18T15:23:51.0281510Z     method RecipeBuilder.save(RecipeOutput,String) is not applicable
Fabric 1.21.11 build	Build Fabric artifact	2026-08-18T15:23:51.0281765Z       (argument mismatch; Identifier cannot be converted to String)
Fabric 1.21.11 build	Build Fabric artifact	2026-08-18T15:23:51.0282715Z /home/runner/work/Redliner101/Redliner101/Common/src/main/java/at/petrak/hexcasting/datagen/recipe/HexplatRecipes.java:575: error: no suitable method found for save(RecipeOutput,Identifier)
Fabric 1.21.11 build	Build Fabric artifact	2026-08-18T15:23:51.0283041Z             .save(recipes, modLoc("compat/farmersdelight/cutting/akashic_trapdoor"));
Fabric 1.21.11 build	Build Fabric artifact	2026-08-18T15:23:51.0283158Z             ^
Fabric 1.21.11 build	Build Fabric artifact	2026-08-18T15:23:51.0283524Z     method RecipeBuilder.save(RecipeOutput,ResourceKey<Recipe<?>>) is not applicable
Fabric 1.21.11 build	Build Fabric artifact	2026-08-18T15:23:51.0283862Z       (argument mismatch; Identifier cannot be converted to ResourceKey<Recipe<?>>)
Fabric 1.21.11 build	Build Fabric artifact	2026-08-18T15:23:51.0284142Z     method RecipeBuilder.save(RecipeOutput,String) is not applicable
Fabric 1.21.11 build	Build Fabric artifact	2026-08-18T15:23:51.0284403Z       (argument mismatch; Identifier cannot be converted to String)
Fabric 1.21.11 build	Build Fabric artifact	2026-08-18T15:23:51.0285339Z /home/runner/work/Redliner101/Redliner101/Common/src/main/java/at/petrak/hexcasting/datagen/recipe/HexplatRecipes.java:582: error: no suitable method found for save(RecipeOutput,Identifier)
Fabric 1.21.11 build	Build Fabric artifact	2026-08-18T15:23:51.0288336Z             .save(recipes, modLoc("compat/farmersdelight/cutting/akashic_door"));
Fabric 1.21.11 build	Build Fabric artifact	2026-08-18T15:23:51.0288483Z             ^
Fabric 1.21.11 build	Build Fabric artifact	2026-08-18T15:23:51.0317162Z     method RecipeBuilder.save(RecipeOutput,ResourceKey<Recipe<?>>) is not applicable
Fabric 1.21.11 build	Build Fabric artifact	2026-08-18T15:23:51.0317857Z       (argument mismatch; Identifier cannot be converted to ResourceKey<Recipe<?>>)
Fabric 1.21.11 build	Build Fabric artifact	2026-08-18T15:23:51.0318191Z     method RecipeBuilder.save(RecipeOutput,String) is not applicable
Fabric 1.21.11 build	Build Fabric artifact	2026-08-18T15:23:51.0318450Z       (argument mismatch; Identifier cannot be converted to String)
Fabric 1.21.11 build	Build Fabric artifact	2026-08-18T15:23:51.0319466Z /home/runner/work/Redliner101/Redliner101/Common/src/main/java/at/petrak/hexcasting/datagen/recipe/HexplatRecipes.java:590: error: no suitable method found for shaped(RecipeCategory,ItemStaff)
Fabric 1.21.11 build	Build Fabric artifact	2026-08-18T15:23:51.0319897Z         ShapedRecipeBuilder.shaped(RecipeCategory.TOOLS, staff)
Fabric 1.21.11 build	Build Fabric artifact	2026-08-18T15:23:51.0320036Z                            ^
Fabric 1.21.11 build	Build Fabric artifact	2026-08-18T15:23:51.0320553Z     method ShapedRecipeBuilder.shaped(HolderGetter<Item>,RecipeCategory,ItemLike) is not applicable
Fabric 1.21.11 build	Build Fabric artifact	2026-08-18T15:23:51.0320768Z       (actual and formal argument lists differ in length)
Fabric 1.21.11 build	Build Fabric artifact	2026-08-18T15:23:51.0321326Z     method ShapedRecipeBuilder.shaped(HolderGetter<Item>,RecipeCategory,ItemLike,int) is not applicable
Fabric 1.21.11 build	Build Fabric artifact	2026-08-18T15:23:51.0321817Z       (actual and formal argument lists differ in length)
Fabric 1.21.11 build	Build Fabric artifact	2026-08-18T15:23:51.0323103Z /home/runner/work/Redliner101/Redliner101/Common/src/main/java/at/petrak/hexcasting/datagen/recipe/HexplatRecipes.java:603: error: no suitable method found for shaped(RecipeCategory,ItemPridePigment)
Fabric 1.21.11 build	Build Fabric artifact	2026-08-18T15:23:51.0323421Z         ShapedRecipeBuilder.shaped(RecipeCategory.MISC, colorizer)
Fabric 1.21.11 build	Build Fabric artifact	2026-08-18T15:23:51.0323561Z                            ^
Fabric 1.21.11 build	Build Fabric artifact	2026-08-18T15:23:51.0324064Z     method ShapedRecipeBuilder.shaped(HolderGetter<Item>,RecipeCategory,ItemLike) is not applicable
Fabric 1.21.11 build	Build Fabric artifact	2026-08-18T15:23:51.0324286Z       (actual and formal argument lists differ in length)
Fabric 1.21.11 build	Build Fabric artifact	2026-08-18T15:23:51.0324809Z     method ShapedRecipeBuilder.shaped(HolderGetter<Item>,RecipeCategory,ItemLike,int) is not applicable
Fabric 1.21.11 build	Build Fabric artifact	2026-08-18T15:23:51.0325015Z       (actual and formal argument lists differ in length)
Fabric 1.21.11 build	Build Fabric artifact	2026-08-18T15:23:51.0325908Z /home/runner/work/Redliner101/Redliner101/Common/src/main/java/at/petrak/hexcasting/datagen/recipe/HexplatRecipes.java:648: error: no suitable method found for of(TagKey<Item>)
Fabric 1.21.11 build	Build Fabric artifact	2026-08-18T15:23:51.0326246Z         return ring(category, out, count, Ingredient.of(outer), ingredientOf(inner));
Fabric 1.21.11 build	Build Fabric artifact	2026-08-18T15:23:51.0326399Z                                                     ^
Fabric 1.21.11 build	Build Fabric artifact	2026-08-18T15:23:51.0326723Z     method Ingredient.of(ItemLike) is not applicable
Fabric 1.21.11 build	Build Fabric artifact	2026-08-18T15:23:51.0327023Z       (argument mismatch; TagKey<Item> cannot be converted to ItemLike)
Fabric 1.21.11 build	Build Fabric artifact	2026-08-18T15:23:51.0327240Z     method Ingredient.of(ItemLike...) is not applicable
Fabric 1.21.11 build	Build Fabric artifact	2026-08-18T15:23:51.0327534Z       (varargs mismatch; TagKey<Item> cannot be converted to ItemLike)
Fabric 1.21.11 build	Build Fabric artifact	2026-08-18T15:23:51.0327834Z     method Ingredient.of(Stream<? extends ItemLike>) is not applicable
Fabric 1.21.11 build	Build Fabric artifact	2026-08-18T15:23:51.0328237Z       (argument mismatch; TagKey<Item> cannot be converted to Stream<? extends ItemLike>)
Fabric 1.21.11 build	Build Fabric artifact	2026-08-18T15:23:51.0328489Z     method Ingredient.of(HolderSet<Item>) is not applicable
Fabric 1.21.11 build	Build Fabric artifact	2026-08-18T15:23:51.0328824Z       (argument mismatch; TagKey<Item> cannot be converted to HolderSet<Item>)
Fabric 1.21.11 build	Build Fabric artifact	2026-08-18T15:23:51.0330104Z /home/runner/work/Redliner101/Redliner101/Common/src/main/java/at/petrak/hexcasting/datagen/recipe/HexplatRecipes.java:715: error: no suitable method found for of(TagKey<Item>)
Fabric 1.21.11 build	Build Fabric artifact	2026-08-18T15:23:51.0330467Z         return stack(category, out, count, Ingredient.of(top), Ingredient.of(bottom));
Fabric 1.21.11 build	Build Fabric artifact	2026-08-18T15:23:51.0330623Z                                                      ^
Fabric 1.21.11 build	Build Fabric artifact	2026-08-18T15:23:51.0330818Z     method Ingredient.of(ItemLike) is not applicable
Fabric 1.21.11 build	Build Fabric artifact	2026-08-18T15:23:51.0331095Z       (argument mismatch; TagKey<Item> cannot be converted to ItemLike)
Fabric 1.21.11 build	Build Fabric artifact	2026-08-18T15:23:51.0331301Z     method Ingredient.of(ItemLike...) is not applicable
Fabric 1.21.11 build	Build Fabric artifact	2026-08-18T15:23:51.0331570Z       (varargs mismatch; TagKey<Item> cannot be converted to ItemLike)
Fabric 1.21.11 build	Build Fabric artifact	2026-08-18T15:23:51.0331845Z     method Ingredient.of(Stream<? extends ItemLike>) is not applicable
Fabric 1.21.11 build	Build Fabric artifact	2026-08-18T15:23:51.0332210Z       (argument mismatch; TagKey<Item> cannot be converted to Stream<? extends ItemLike>)
Fabric 1.21.11 build	Build Fabric artifact	2026-08-18T15:23:51.0332441Z     method Ingredient.of(HolderSet<Item>) is not applicable
Fabric 1.21.11 build	Build Fabric artifact	2026-08-18T15:23:51.0332729Z       (argument mismatch; TagKey<Item> cannot be converted to HolderSet<Item>)
Fabric 1.21.11 build	Build Fabric artifact	2026-08-18T15:23:51.0333624Z /home/runner/work/Redliner101/Redliner101/Common/src/main/java/at/petrak/hexcasting/datagen/recipe/HexplatRecipes.java:715: error: no suitable method found for of(TagKey<Item>)
Fabric 1.21.11 build	Build Fabric artifact	2026-08-18T15:23:51.0333955Z         return stack(category, out, count, Ingredient.of(top), Ingredient.of(bottom));
Fabric 1.21.11 build	Build Fabric artifact	2026-08-18T15:23:51.0334133Z                                                                          ^
Fabric 1.21.11 build	Build Fabric artifact	2026-08-18T15:23:51.0334323Z     method Ingredient.of(ItemLike) is not applicable
Fabric 1.21.11 build	Build Fabric artifact	2026-08-18T15:23:51.0334587Z       (argument mismatch; TagKey<Item> cannot be converted to ItemLike)
Fabric 1.21.11 build	Build Fabric artifact	2026-08-18T15:23:51.0334783Z     method Ingredient.of(ItemLike...) is not applicable
Fabric 1.21.11 build	Build Fabric artifact	2026-08-18T15:23:51.0335043Z       (varargs mismatch; TagKey<Item> cannot be converted to ItemLike)
Fabric 1.21.11 build	Build Fabric artifact	2026-08-18T15:23:51.0335468Z     method Ingredient.of(Stream<? extends ItemLike>) is not applicable
Fabric 1.21.11 build	Build Fabric artifact	2026-08-18T15:23:51.0335826Z       (argument mismatch; TagKey<Item> cannot be converted to Stream<? extends ItemLike>)
Fabric 1.21.11 build	Build Fabric artifact	2026-08-18T15:23:51.0336046Z     method Ingredient.of(HolderSet<Item>) is not applicable
Fabric 1.21.11 build	Build Fabric artifact	2026-08-18T15:23:51.0336349Z       (argument mismatch; TagKey<Item> cannot be converted to HolderSet<Item>)
Fabric 1.21.11 build	Build Fabric artifact	2026-08-18T15:23:51.0337208Z /home/runner/work/Redliner101/Redliner101/Common/src/main/java/at/petrak/hexcasting/datagen/recipe/HexplatRecipes.java:728: error: no suitable method found for of(TagKey<Item>)
Fabric 1.21.11 build	Build Fabric artifact	2026-08-18T15:23:51.0337447Z         return stick(category, out, count, Ingredient.of(input));
Fabric 1.21.11 build	Build Fabric artifact	2026-08-18T15:23:51.0337595Z                                                      ^
Fabric 1.21.11 build	Build Fabric artifact	2026-08-18T15:23:51.0337790Z     method Ingredient.of(ItemLike) is not applicable
Fabric 1.21.11 build	Build Fabric artifact	2026-08-18T15:23:51.0338056Z       (argument mismatch; TagKey<Item> cannot be converted to ItemLike)
Fabric 1.21.11 build	Build Fabric artifact	2026-08-18T15:23:51.0338249Z     method Ingredient.of(ItemLike...) is not applicable
Fabric 1.21.11 build	Build Fabric artifact	2026-08-18T15:23:51.0338503Z       (varargs mismatch; TagKey<Item> cannot be converted to ItemLike)
Fabric 1.21.11 build	Build Fabric artifact	2026-08-18T15:23:51.0338764Z     method Ingredient.of(Stream<? extends ItemLike>) is not applicable
Fabric 1.21.11 build	Build Fabric artifact	2026-08-18T15:23:51.0339119Z       (argument mismatch; TagKey<Item> cannot be converted to Stream<? extends ItemLike>)
Fabric 1.21.11 build	Build Fabric artifact	2026-08-18T15:23:51.0339436Z     method Ingredient.of(HolderSet<Item>) is not applicable
Fabric 1.21.11 build	Build Fabric artifact	2026-08-18T15:23:51.0339866Z       (argument mismatch; TagKey<Item> cannot be converted to HolderSet<Item>)
Fabric 1.21.11 build	Build Fabric artifact	2026-08-18T15:23:51.0340818Z /home/runner/work/Redliner101/Redliner101/Common/src/main/java/at/petrak/hexcasting/datagen/recipe/HexplatRecipes.java:735: error: no suitable method found for shaped(RecipeCategory,ItemLike)
Fabric 1.21.11 build	Build Fabric artifact	2026-08-18T15:23:51.0341090Z         var pack = ShapedRecipeBuilder.shaped(category, compressed)
Fabric 1.21.11 build	Build Fabric artifact	2026-08-18T15:23:51.0341214Z                                       ^
Fabric 1.21.11 build	Build Fabric artifact	2026-08-18T15:23:51.0341686Z     method ShapedRecipeBuilder.shaped(HolderGetter<Item>,RecipeCategory,ItemLike) is not applicable
Fabric 1.21.11 build	Build Fabric artifact	2026-08-18T15:23:51.0341901Z       (actual and formal argument lists differ in length)
Fabric 1.21.11 build	Build Fabric artifact	2026-08-18T15:23:51.0342371Z     method ShapedRecipeBuilder.shaped(HolderGetter<Item>,RecipeCategory,ItemLike,int) is not applicable
Fabric 1.21.11 build	Build Fabric artifact	2026-08-18T15:23:51.0342584Z       (actual and formal argument lists differ in length)
Fabric 1.21.11 build	Build Fabric artifact	2026-08-18T15:23:51.0343585Z /home/runner/work/Redliner101/Redliner101/Common/src/main/java/at/petrak/hexcasting/datagen/recipe/HexplatRecipes.java:744: error: no suitable method found for shapeless(RecipeCategory,ItemLike,int)
Fabric 1.21.11 build	Build Fabric artifact	2026-08-18T15:23:51.0343909Z         ShapelessRecipeBuilder.shapeless(category, free, largeSize ? 9 : 4)
Fabric 1.21.11 build	Build Fabric artifact	2026-08-18T15:23:51.0344031Z                               ^
Fabric 1.21.11 build	Build Fabric artifact	2026-08-18T15:23:51.0344534Z     method ShapelessRecipeBuilder.shapeless(HolderGetter<Item>,RecipeCategory,ItemStack) is not applicable
Fabric 1.21.11 build	Build Fabric artifact	2026-08-18T15:23:51.0344869Z       (argument mismatch; RecipeCategory cannot be converted to HolderGetter<Item>)
Fabric 1.21.11 build	Build Fabric artifact	2026-08-18T15:23:51.0345368Z     method ShapelessRecipeBuilder.shapeless(HolderGetter<Item>,RecipeCategory,ItemLike) is not applicable
Fabric 1.21.11 build	Build Fabric artifact	2026-08-18T15:23:51.0345715Z       (argument mismatch; RecipeCategory cannot be converted to HolderGetter<Item>)
Fabric 1.21.11 build	Build Fabric artifact	2026-08-18T15:23:51.0346795Z /home/runner/work/Redliner101/Redliner101/Common/src/main/java/at/petrak/hexcasting/datagen/recipe/HexplatRecipes.java:756: error: no suitable method found for of(@org.jetbrains.annotations.Nullable TagKey<Item>)
Fabric 1.21.11 build	Build Fabric artifact	2026-08-18T15:23:51.0347005Z         return item == null ? null : Ingredient.of(item);
Fabric 1.21.11 build	Build Fabric artifact	2026-08-18T15:23:51.0347138Z                                                ^
Fabric 1.21.11 build	Build Fabric artifact	2026-08-18T15:23:51.0347334Z     method Ingredient.of(ItemLike) is not applicable
Fabric 1.21.11 build	Build Fabric artifact	2026-08-18T15:23:51.0347795Z       (argument mismatch; @org.jetbrains.annotations.Nullable TagKey<Item> cannot be converted to ItemLike)
Fabric 1.21.11 build	Build Fabric artifact	2026-08-18T15:23:51.0348006Z     method Ingredient.of(ItemLike...) is not applicable
Fabric 1.21.11 build	Build Fabric artifact	2026-08-18T15:23:51.0348467Z       (varargs mismatch; @org.jetbrains.annotations.Nullable TagKey<Item> cannot be converted to ItemLike)
Fabric 1.21.11 build	Build Fabric artifact	2026-08-18T15:23:51.0348886Z     method Ingredient.of(Stream<? extends ItemLike>) is not applicable
Fabric 1.21.11 build	Build Fabric artifact	2026-08-18T15:23:51.0349436Z       (argument mismatch; @org.jetbrains.annotations.Nullable TagKey<Item> cannot be converted to Stream<? extends ItemLike>)
Fabric 1.21.11 build	Build Fabric artifact	2026-08-18T15:23:51.0349811Z     method Ingredient.of(HolderSet<Item>) is not applicable
Fabric 1.21.11 build	Build Fabric artifact	2026-08-18T15:23:51.0350319Z       (argument mismatch; @org.jetbrains.annotations.Nullable TagKey<Item> cannot be converted to HolderSet<Item>)
Fabric 1.21.11 build	Build Fabric artifact	2026-08-18T15:23:51.0351254Z /home/runner/work/Redliner101/Redliner101/Common/src/main/java/at/petrak/hexcasting/datagen/recipe/HexplatRecipes.java:771: error: no suitable method found for shapeless(RecipeCategory,Item)
Fabric 1.21.11 build	Build Fabric artifact	2026-08-18T15:23:51.0351608Z         ShapelessRecipeBuilder.shapeless(RecipeCategory.BUILDING_BLOCKS, bricks)
Fabric 1.21.11 build	Build Fabric artifact	2026-08-18T15:23:51.0379864Z                               ^
Fabric 1.21.11 build	Build Fabric artifact	2026-08-18T15:23:51.0380574Z     method ShapelessRecipeBuilder.shapeless(HolderGetter<Item>,RecipeCategory,ItemStack) is not applicable
Fabric 1.21.11 build	Build Fabric artifact	2026-08-18T15:23:51.0380818Z       (actual and formal argument lists differ in length)
Fabric 1.21.11 build	Build Fabric artifact	2026-08-18T15:23:51.0381348Z     method ShapelessRecipeBuilder.shapeless(HolderGetter<Item>,RecipeCategory,ItemLike) is not applicable
Fabric 1.21.11 build	Build Fabric artifact	2026-08-18T15:23:51.0381736Z       (actual and formal argument lists differ in length)
Fabric 1.21.11 build	Build Fabric artifact	2026-08-18T15:23:51.0382333Z     method ShapelessRecipeBuilder.shapeless(HolderGetter<Item>,RecipeCategory,ItemLike,int) is not applicable
Fabric 1.21.11 build	Build Fabric artifact	2026-08-18T15:23:51.0382566Z       (actual and formal argument lists differ in length)
Fabric 1.21.11 build	Build Fabric artifact	2026-08-18T15:23:51.0383546Z /home/runner/work/Redliner101/Redliner101/Common/src/main/java/at/petrak/hexcasting/datagen/recipe/HexplatRecipes.java:777: error: no suitable method found for shapeless(RecipeCategory,Item)
Fabric 1.21.11 build	Build Fabric artifact	2026-08-18T15:23:51.0383934Z         ShapelessRecipeBuilder.shapeless(RecipeCategory.BUILDING_BLOCKS, smallBricks)
Fabric 1.21.11 build	Build Fabric artifact	2026-08-18T15:23:51.0384047Z                               ^
Fabric 1.21.11 build	Build Fabric artifact	2026-08-18T15:23:51.0384553Z     method ShapelessRecipeBuilder.shapeless(HolderGetter<Item>,RecipeCategory,ItemStack) is not applicable
Fabric 1.21.11 build	Build Fabric artifact	2026-08-18T15:23:51.0384764Z       (actual and formal argument lists differ in length)
Fabric 1.21.11 build	Build Fabric artifact	2026-08-18T15:23:51.0385286Z     method ShapelessRecipeBuilder.shapeless(HolderGetter<Item>,RecipeCategory,ItemLike) is not applicable
Fabric 1.21.11 build	Build Fabric artifact	2026-08-18T15:23:51.0385493Z       (actual and formal argument lists differ in length)
Fabric 1.21.11 build	Build Fabric artifact	2026-08-18T15:23:51.0386045Z     method ShapelessRecipeBuilder.shapeless(HolderGetter<Item>,RecipeCategory,ItemLike,int) is not applicable
Fabric 1.21.11 build	Build Fabric artifact	2026-08-18T15:23:51.0386242Z       (actual and formal argument lists differ in length)
Fabric 1.21.11 build	Build Fabric artifact	2026-08-18T15:23:51.0387164Z /home/runner/work/Redliner101/Redliner101/Common/src/main/java/at/petrak/hexcasting/datagen/recipe/HexplatRecipes.java:804: error: no suitable method found for of(TagKey<Item>)
Fabric 1.21.11 build	Build Fabric artifact	2026-08-18T15:23:51.0387694Z             SingleItemRecipeBuilder.stonecutting(Ingredient.of(tagKey), RecipeCategory.BUILDING_BLOCKS, result)
Fabric 1.21.11 build	Build Fabric artifact	2026-08-18T15:23:51.0387864Z                                                            ^
Fabric 1.21.11 build	Build Fabric artifact	2026-08-18T15:23:51.0388075Z     method Ingredient.of(ItemLike) is not applicable
Fabric 1.21.11 build	Build Fabric artifact	2026-08-18T15:23:51.0388328Z       (argument mismatch; TagKey<Item> cannot be converted to ItemLike)
Fabric 1.21.11 build	Build Fabric artifact	2026-08-18T15:23:51.0388515Z     method Ingredient.of(ItemLike...) is not applicable
Fabric 1.21.11 build	Build Fabric artifact	2026-08-18T15:23:51.0388733Z       (varargs mismatch; TagKey<Item> cannot be converted to ItemLike)
Fabric 1.21.11 build	Build Fabric artifact	2026-08-18T15:23:51.0388965Z     method Ingredient.of(Stream<? extends ItemLike>) is not applicable
Fabric 1.21.11 build	Build Fabric artifact	2026-08-18T15:23:51.0389247Z       (argument mismatch; TagKey<Item> cannot be converted to Stream<? extends ItemLike>)
Fabric 1.21.11 build	Build Fabric artifact	2026-08-18T15:23:51.0389446Z     method Ingredient.of(HolderSet<Item>) is not applicable
Fabric 1.21.11 build	Build Fabric artifact	2026-08-18T15:23:51.0389899Z       (argument mismatch; TagKey<Item> cannot be converted to HolderSet<Item>)
Fabric 1.21.11 build	Build Fabric artifact	2026-08-18T15:23:51.0390667Z /home/runner/work/Redliner101/Redliner101/Common/src/main/java/at/petrak/hexcasting/datagen/recipe/builders/CreateCrushingRecipeBuilder.java:50: error: no suitable method found for of(ItemStack)
Fabric 1.21.11 build	Build Fabric artifact	2026-08-18T15:23:51.0390981Z         return withInput(Ingredient.of(stack));
Fabric 1.21.11 build	Build Fabric artifact	2026-08-18T15:23:51.0391104Z                                    ^
Fabric 1.21.11 build	Build Fabric artifact	2026-08-18T15:23:51.0391273Z     method Ingredient.of(ItemLike) is not applicable
Fabric 1.21.11 build	Build Fabric artifact	2026-08-18T15:23:51.0391484Z       (argument mismatch; ItemStack cannot be converted to ItemLike)
Fabric 1.21.11 build	Build Fabric artifact	2026-08-18T15:23:51.0391653Z     method Ingredient.of(ItemLike...) is not applicable
Fabric 1.21.11 build	Build Fabric artifact	2026-08-18T15:23:51.0391870Z       (varargs mismatch; ItemStack cannot be converted to ItemLike)
Fabric 1.21.11 build	Build Fabric artifact	2026-08-18T15:23:51.0392119Z     method Ingredient.of(Stream<? extends ItemLike>) is not applicable
Fabric 1.21.11 build	Build Fabric artifact	2026-08-18T15:23:51.0392435Z       (argument mismatch; ItemStack cannot be converted to Stream<? extends ItemLike>)
Fabric 1.21.11 build	Build Fabric artifact	2026-08-18T15:23:51.0392645Z     method Ingredient.of(HolderSet<Item>) is not applicable
Fabric 1.21.11 build	Build Fabric artifact	2026-08-18T15:23:51.0392928Z       (argument mismatch; ItemStack cannot be converted to HolderSet<Item>)
Fabric 1.21.11 build	Build Fabric artifact	2026-08-18T15:23:51.0393876Z /home/runner/work/Redliner101/Redliner101/Common/src/main/java/at/petrak/hexcasting/datagen/recipe/builders/FarmersDelightCuttingRecipeBuilder.java:47: error: no suitable method found for of(ItemStack)
Fabric 1.21.11 build	Build Fabric artifact	2026-08-18T15:23:51.0394045Z         return withInput(Ingredient.of(stack));
Fabric 1.21.11 build	Build Fabric artifact	2026-08-18T15:23:51.0394178Z                                    ^
Fabric 1.21.11 build	Build Fabric artifact	2026-08-18T15:23:51.0394468Z     method Ingredient.of(ItemLike) is not applicable
Fabric 1.21.11 build	Build Fabric artifact	2026-08-18T15:23:51.0394690Z       (argument mismatch; ItemStack cannot be converted to ItemLike)
Fabric 1.21.11 build	Build Fabric artifact	2026-08-18T15:23:51.0394872Z     method Ingredient.of(ItemLike...) is not applicable
Fabric 1.21.11 build	Build Fabric artifact	2026-08-18T15:23:51.0395105Z       (varargs mismatch; ItemStack cannot be converted to ItemLike)
Fabric 1.21.11 build	Build Fabric artifact	2026-08-18T15:23:51.0395347Z     method Ingredient.of(Stream<? extends ItemLike>) is not applicable
Fabric 1.21.11 build	Build Fabric artifact	2026-08-18T15:23:51.0395674Z       (argument mismatch; ItemStack cannot be converted to Stream<? extends ItemLike>)
Fabric 1.21.11 build	Build Fabric artifact	2026-08-18T15:23:51.0395906Z     method Ingredient.of(HolderSet<Item>) is not applicable
Fabric 1.21.11 build	Build Fabric artifact	2026-08-18T15:23:51.0396197Z       (argument mismatch; ItemStack cannot be converted to HolderSet<Item>)
Fabric 1.21.11 build	Build Fabric artifact	2026-08-18T15:23:51.0396422Z Note: Recompile with -Xlint:deprecation for details.
Fabric 1.21.11 build	Build Fabric artifact	2026-08-18T15:23:51.0397081Z /home/runner/work/Redliner101/Redliner101/Common/src/main/java/at/petrak/hexcasting/common/lib/hex/HexActions.java:278: error: invalid method reference
Fabric 1.21.11 build	Build Fabric artifact	2026-08-18T15:23:51.0398035Z         new OpMakePackagedSpell(s -> (s.is(HexItems.CYPHER)||s.is(HexItems.ANCIENT_CYPHER)), HexItems.CYPHER::getDescription, MediaConstants.CRYSTAL_UNIT)
Fabric 1.21.11 build	Build Fabric artifact	2026-08-18T15:23:51.0398255Z                                                                                              ^
Fabric 1.21.11 build	Build Fabric artifact	2026-08-18T15:23:51.0398400Z   cannot find symbol
Fabric 1.21.11 build	Build Fabric artifact	2026-08-18T15:23:51.0398566Z     symbol:   method getDescription()
Fabric 1.21.11 build	Build Fabric artifact	2026-08-18T15:23:51.0398718Z     location: class ItemCypher
Fabric 1.21.11 build	Build Fabric artifact	2026-08-18T15:23:51.0399412Z /home/runner/work/Redliner101/Redliner101/Common/src/main/java/at/petrak/hexcasting/common/lib/HexItems.java:191: error: invalid method reference
Fabric 1.21.11 build	Build Fabric artifact	2026-08-18T15:23:51.0399843Z         keyList.sort(Comparator.comparing(ResourceKey::location));
Fabric 1.21.11 build	Build Fabric artifact	2026-08-18T15:23:51.0400021Z                                           ^
Fabric 1.21.11 build	Build Fabric artifact	2026-08-18T15:23:51.0400152Z   cannot find symbol
Fabric 1.21.11 build	Build Fabric artifact	2026-08-18T15:23:51.0400313Z     symbol:   method location()
Fabric 1.21.11 build	Build Fabric artifact	2026-08-18T15:23:51.0400456Z     location: class ResourceKey
Fabric 1.21.11 build	Build Fabric artifact	2026-08-18T15:23:51.0401229Z /home/runner/work/Redliner101/Redliner101/Common/src/main/java/at/petrak/hexcasting/interop/utils/PatternDrawingUtil.java:28: error: invalid method reference
Fabric 1.21.11 build	Build Fabric artifact	2026-08-18T15:23:51.0401558Z         RenderSystem.setShader(GameRenderer::getPositionColorShader);
Fabric 1.21.11 build	Build Fabric artifact	2026-08-18T15:23:51.0401702Z                                ^
Fabric 1.21.11 build	Build Fabric artifact	2026-08-18T15:23:51.0401820Z   cannot find symbol
Fabric 1.21.11 build	Build Fabric artifact	2026-08-18T15:23:51.0402010Z     symbol:   method getPositionColorShader()
Fabric 1.21.11 build	Build Fabric artifact	2026-08-18T15:23:51.0402151Z     location: class GameRenderer
Fabric 1.21.11 build	Build Fabric artifact	2026-08-18T15:23:51.0402745Z /home/runner/work/Redliner101/Redliner101/Common/src/main/java/at/petrak/hexcasting/client/RegisterClientStuff.java:292: error: cannot find symbol
Fabric 1.21.11 build	Build Fabric artifact	2026-08-18T15:23:51.0403146Z     public static void onModelBake(ModelBakery loader, Map<Identifier, BlockStateModel> map) {
Fabric 1.21.11 build	Build Fabric artifact	2026-08-18T15:23:51.0403451Z                                    ^
Fabric 1.21.11 build	Build Fabric artifact	2026-08-18T15:23:51.0403595Z   symbol:   class ModelBakery
Fabric 1.21.11 build	Build Fabric artifact	2026-08-18T15:23:51.0403765Z   location: class RegisterClientStuff
Fabric 1.21.11 build	Build Fabric artifact	2026-08-18T15:23:51.0404495Z /home/runner/work/Redliner101/Redliner101/Common/src/main/java/at/petrak/hexcasting/common/blocks/BlockConjuredLight.java:66: error: cannot find symbol
Fabric 1.21.11 build	Build Fabric artifact	2026-08-18T15:23:51.0404780Z         @Nonnull BlockState facingState, @Nonnull RandomSource random) {
Fabric 1.21.11 build	Build Fabric artifact	2026-08-18T15:23:51.0404933Z                                                   ^
Fabric 1.21.11 build	Build Fabric artifact	2026-08-18T15:23:51.0405084Z   symbol:   class RandomSource
Fabric 1.21.11 build	Build Fabric artifact	2026-08-18T15:23:51.0405247Z   location: class BlockConjuredLight
Fabric 1.21.11 build	Build Fabric artifact	2026-08-18T15:23:51.0405989Z /home/runner/work/Redliner101/Redliner101/Common/src/main/java/at/petrak/hexcasting/common/blocks/circles/BlockSlate.java:207: error: cannot find symbol
Fabric 1.21.11 build	Build Fabric artifact	2026-08-18T15:23:51.0406525Z         BlockPos pCurrentPos, Direction pFacing, BlockPos pFacingPos, BlockState pFacingState, RandomSource pRandom) {
Fabric 1.21.11 build	Build Fabric artifact	2026-08-18T15:23:51.0406745Z                                                                                                ^
Fabric 1.21.11 build	Build Fabric artifact	2026-08-18T15:23:51.0406891Z   symbol:   class RandomSource
Fabric 1.21.11 build	Build Fabric artifact	2026-08-18T15:23:51.0407034Z   location: class BlockSlate
Fabric 1.21.11 build	Build Fabric artifact	2026-08-18T15:23:51.0407850Z /home/runner/work/Redliner101/Redliner101/Common/src/main/java/at/petrak/hexcasting/common/lib/HexFeatureConfigs.java:5: error: cannot find symbol
Fabric 1.21.11 build	Build Fabric artifact	2026-08-18T15:23:51.0408135Z import net.minecraft.util.random.SimpleWeightedRandomList;
Fabric 1.21.11 build	Build Fabric artifact	2026-08-18T15:23:51.0408263Z                                 ^
Fabric 1.21.11 build	Build Fabric artifact	2026-08-18T15:23:51.0408419Z   symbol:   class SimpleWeightedRandomList
Fabric 1.21.11 build	Build Fabric artifact	2026-08-18T15:23:51.0408581Z   location: package net.minecraft.util.random
Fabric 1.21.11 build	Build Fabric artifact	2026-08-18T15:23:51.0409317Z /home/runner/work/Redliner101/Redliner101/Common/src/main/java/at/petrak/hexcasting/datagen/recipe/builders/CompatIngredientValue.java:12: error: cannot find symbol
Fabric 1.21.11 build	Build Fabric artifact	2026-08-18T15:23:51.0409591Z public class CompatIngredientValue implements Ingredient.Value {
Fabric 1.21.11 build	Build Fabric artifact	2026-08-18T15:23:51.0486507Z                                                         ^
Fabric 1.21.11 build	Build Fabric artifact	2026-08-18T15:23:51.0486649Z   symbol:   class Value
Fabric 1.21.11 build	Build Fabric artifact	2026-08-18T15:23:51.0486804Z   location: class Ingredient
Fabric 1.21.11 build	Build Fabric artifact	2026-08-18T15:23:51.0487586Z /home/runner/work/Redliner101/Redliner101/Common/src/main/java/at/petrak/hexcasting/datagen/tag/HexItemTagProvider.java:9: error: cannot find symbol
Fabric 1.21.11 build	Build Fabric artifact	2026-08-18T15:23:51.0487839Z import net.minecraft.data.tags.ItemTagsProvider;
Fabric 1.21.11 build	Build Fabric artifact	2026-08-18T15:23:51.0487965Z                               ^
Fabric 1.21.11 build	Build Fabric artifact	2026-08-18T15:23:51.0488126Z   symbol:   class ItemTagsProvider
Fabric 1.21.11 build	Build Fabric artifact	2026-08-18T15:23:51.0488300Z   location: package net.minecraft.data.tags
Fabric 1.21.11 build	Build Fabric artifact	2026-08-18T15:23:51.0489054Z /home/runner/work/Redliner101/Redliner101/Common/src/main/java/at/petrak/hexcasting/datagen/tag/HexItemTagProvider.java:21: error: cannot find symbol
Fabric 1.21.11 build	Build Fabric artifact	2026-08-18T15:23:51.0489993Z     public HexItemTagProvider(PackOutput output, CompletableFuture<HolderLookup.Provider> lookup, CompletableFuture<TagLookup<Block>> pBlockTagsProvider, IXplatTags xtags) {
Fabric 1.21.11 build	Build Fabric artifact	2026-08-18T15:23:51.0490254Z                                                                                                                     ^
Fabric 1.21.11 build	Build Fabric artifact	2026-08-18T15:23:51.0490377Z   symbol:   class TagLookup
Fabric 1.21.11 build	Build Fabric artifact	2026-08-18T15:23:51.0490500Z   location: class HexItemTagProvider
Fabric 1.21.11 build	Build Fabric artifact	2026-08-18T15:23:51.0491187Z /home/runner/work/Redliner101/Redliner101/Common/src/main/java/at/petrak/hexcasting/datagen/tag/HexItemTagProvider.java:73: error: cannot find symbol
Fabric 1.21.11 build	Build Fabric artifact	2026-08-18T15:23:51.0491402Z     void add(TagAppender<Item> appender, Item... items) {
Fabric 1.21.11 build	Build Fabric artifact	2026-08-18T15:23:51.0491524Z              ^
Fabric 1.21.11 build	Build Fabric artifact	2026-08-18T15:23:51.0491671Z   symbol:   class TagAppender
Fabric 1.21.11 build	Build Fabric artifact	2026-08-18T15:23:51.0491830Z   location: class HexItemTagProvider
Fabric 1.21.11 build	Build Fabric artifact	2026-08-18T15:23:51.0492536Z /home/runner/work/Redliner101/Redliner101/Common/src/main/java/at/petrak/hexcasting/datagen/tag/HexBlockTagProvider.java:147: error: cannot find symbol
Fabric 1.21.11 build	Build Fabric artifact	2026-08-18T15:23:51.0492880Z     void add(TagsProvider.TagAppender<Block> appender, Block... blocks) {
Fabric 1.21.11 build	Build Fabric artifact	2026-08-18T15:23:51.0493287Z                          ^
Fabric 1.21.11 build	Build Fabric artifact	2026-08-18T15:23:51.0493440Z   symbol:   class TagAppender
Fabric 1.21.11 build	Build Fabric artifact	2026-08-18T15:23:51.0493587Z   location: class TagsProvider
Fabric 1.21.11 build	Build Fabric artifact	2026-08-18T15:23:51.0494316Z /home/runner/work/Redliner101/Redliner101/Common/src/main/java/at/petrak/hexcasting/common/lib/HexFeatureConfigs.java:35: error: cannot find symbol
Fabric 1.21.11 build	Build Fabric artifact	2026-08-18T15:23:51.0494576Z                         SimpleWeightedRandomList.<BlockState>builder()
Fabric 1.21.11 build	Build Fabric artifact	2026-08-18T15:23:51.0494703Z                         ^
Fabric 1.21.11 build	Build Fabric artifact	2026-08-18T15:23:51.0494908Z   symbol:   variable SimpleWeightedRandomList
Fabric 1.21.11 build	Build Fabric artifact	2026-08-18T15:23:51.0495064Z   location: class HexFeatureConfigs
Fabric 1.21.11 build	Build Fabric artifact	2026-08-18T15:23:51.0495713Z /home/runner/work/Redliner101/Redliner101/Common/src/main/java/at/petrak/hexcasting/common/lib/hex/HexActions.java:308: error: cannot find symbol
Fabric 1.21.11 build	Build Fabric artifact	2026-08-18T15:23:51.0496219Z         HexPattern.fromAngles("qqqqqadwawaw", HexDir.SOUTH_EAST), new OpPotionEffect(MobEffects.MOVEMENT_SLOWDOWN,
Fabric 1.21.11 build	Build Fabric artifact	2026-08-18T15:23:51.0496437Z                                                                                                ^
Fabric 1.21.11 build	Build Fabric artifact	2026-08-18T15:23:51.0496588Z   symbol:   variable MOVEMENT_SLOWDOWN
Fabric 1.21.11 build	Build Fabric artifact	2026-08-18T15:23:51.0496727Z   location: class MobEffects
Fabric 1.21.11 build	Build Fabric artifact	2026-08-18T15:23:51.0497396Z /home/runner/work/Redliner101/Redliner101/Common/src/main/java/at/petrak/hexcasting/common/lib/hex/HexActions.java:325: error: cannot find symbol
Fabric 1.21.11 build	Build Fabric artifact	2026-08-18T15:23:51.0497993Z         HexPattern.fromAngles("qaawawaeqqqdd", HexDir.SOUTH_EAST), new OpPotionEffect(MobEffects.DIG_SPEED,
Fabric 1.21.11 build	Build Fabric artifact	2026-08-18T15:23:51.0498207Z                                                                                                 ^
Fabric 1.21.11 build	Build Fabric artifact	2026-08-18T15:23:51.0498362Z   symbol:   variable DIG_SPEED
Fabric 1.21.11 build	Build Fabric artifact	2026-08-18T15:23:51.0498506Z   location: class MobEffects
Fabric 1.21.11 build	Build Fabric artifact	2026-08-18T15:23:51.0499261Z /home/runner/work/Redliner101/Redliner101/Common/src/main/java/at/petrak/hexcasting/common/lib/hex/HexActions.java:329: error: cannot find symbol
Fabric 1.21.11 build	Build Fabric artifact	2026-08-18T15:23:51.0499874Z         HexPattern.fromAngles("aawawaeqqqqdd", HexDir.EAST), new OpPotionEffect(MobEffects.DAMAGE_BOOST,
Fabric 1.21.11 build	Build Fabric artifact	2026-08-18T15:23:51.0500100Z                                                                                           ^
Fabric 1.21.11 build	Build Fabric artifact	2026-08-18T15:23:51.0500262Z   symbol:   variable DAMAGE_BOOST
Fabric 1.21.11 build	Build Fabric artifact	2026-08-18T15:23:51.0500399Z   location: class MobEffects
Fabric 1.21.11 build	Build Fabric artifact	2026-08-18T15:23:51.0501215Z /home/runner/work/Redliner101/Redliner101/Common/src/main/java/at/petrak/hexcasting/interop/patchouli/MultiCraftingProcessor.java:77: error: cannot find symbol
Fabric 1.21.11 build	Build Fabric artifact	2026-08-18T15:23:51.0501411Z                         ingredients.add(Ingredient.EMPTY);
Fabric 1.21.11 build	Build Fabric artifact	2026-08-18T15:23:51.0501566Z                                                   ^
Fabric 1.21.11 build	Build Fabric artifact	2026-08-18T15:23:51.0501707Z   symbol:   variable EMPTY
Fabric 1.21.11 build	Build Fabric artifact	2026-08-18T15:23:51.0501856Z   location: class Ingredient
Fabric 1.21.11 build	Build Fabric artifact	2026-08-18T15:23:51.0502652Z /home/runner/work/Redliner101/Redliner101/Common/src/main/java/at/petrak/hexcasting/interop/patchouli/MultiCraftingProcessor.java:81: error: cannot find symbol
Fabric 1.21.11 build	Build Fabric artifact	2026-08-18T15:23:51.0503049Z                         ingredients.add(list.size() > realIndex ? list.get(realIndex) : Ingredient.EMPTY);
Fabric 1.21.11 build	Build Fabric artifact	2026-08-18T15:23:51.0503274Z                                                                                                   ^
Fabric 1.21.11 build	Build Fabric artifact	2026-08-18T15:23:51.0503414Z   symbol:   variable EMPTY
Fabric 1.21.11 build	Build Fabric artifact	2026-08-18T15:23:51.0503572Z   location: class Ingredient
Fabric 1.21.11 build	Build Fabric artifact	2026-08-18T15:23:51.0504380Z /home/runner/work/Redliner101/Redliner101/Common/src/main/java/at/petrak/hexcasting/interop/patchouli/MultiCraftingProcessor.java:86: error: cannot find symbol
Fabric 1.21.11 build	Build Fabric artifact	2026-08-18T15:23:51.0504736Z                     ingredients.add(list.size() > index ? list.get(index) : Ingredient.EMPTY);
Fabric 1.21.11 build	Build Fabric artifact	2026-08-18T15:23:51.0504931Z                                                                                       ^
Fabric 1.21.11 build	Build Fabric artifact	2026-08-18T15:23:51.0505081Z   symbol:   variable EMPTY
Fabric 1.21.11 build	Build Fabric artifact	2026-08-18T15:23:51.0505224Z   location: class Ingredient
Fabric 1.21.11 build	Build Fabric artifact	2026-08-18T15:23:51.0506001Z /home/runner/work/Redliner101/Redliner101/Common/src/main/java/at/petrak/hexcasting/interop/inline/InlinePatternData.java:47: error: cannot find symbol
Fabric 1.21.11 build	Build Fabric artifact	2026-08-18T15:23:51.0506651Z         HoverEvent he = new HoverEvent(HoverEvent.Action.SHOW_ITEM, new HoverEvent.ItemStackInfo(scrollStack));
Fabric 1.21.11 build	Build Fabric artifact	2026-08-18T15:23:51.0506852Z                                                                                   ^
Fabric 1.21.11 build	Build Fabric artifact	2026-08-18T15:23:51.0507012Z   symbol:   class ItemStackInfo
Fabric 1.21.11 build	Build Fabric artifact	2026-08-18T15:23:51.0507151Z   location: interface HoverEvent
Fabric 1.21.11 build	Build Fabric artifact	2026-08-18T15:23:51.0507829Z /home/runner/work/Redliner101/Redliner101/Common/src/main/java/at/petrak/hexcasting/datagen/HexLootTables.java:77: error: cannot find symbol
Fabric 1.21.11 build	Build Fabric artifact	2026-08-18T15:23:51.0508279Z                 .apply(CopyComponentsFunction.copyComponents(CopyComponentsFunction.Source.BLOCK_ENTITY)
Fabric 1.21.11 build	Build Fabric artifact	2026-08-18T15:23:51.0508460Z                                                                                    ^
Fabric 1.21.11 build	Build Fabric artifact	2026-08-18T15:23:51.0508600Z   symbol:   variable Source
Fabric 1.21.11 build	Build Fabric artifact	2026-08-18T15:23:51.0508779Z   location: class CopyComponentsFunction
Fabric 1.21.11 build	Build Fabric artifact	2026-08-18T15:23:51.0509501Z /home/runner/work/Redliner101/Redliner101/Common/src/main/java/at/petrak/hexcasting/datagen/HexLootTables.java:90: error: cannot find symbol
Fabric 1.21.11 build	Build Fabric artifact	2026-08-18T15:23:51.0540185Z                     ItemSubPredicates.ENCHANTMENTS,
Fabric 1.21.11 build	Build Fabric artifact	2026-08-18T15:23:51.0540404Z                     ^
Fabric 1.21.11 build	Build Fabric artifact	2026-08-18T15:23:51.0540602Z   symbol:   variable ItemSubPredicates
Fabric 1.21.11 build	Build Fabric artifact	2026-08-18T15:23:51.0541001Z   location: class HexLootTables
Fabric 1.21.11 build	Build Fabric artifact	2026-08-18T15:23:51.0541688Z /home/runner/work/Redliner101/Redliner101/Common/src/main/java/at/petrak/hexcasting/datagen/HexLootTables.java:91: error: cannot find symbol
Fabric 1.21.11 build	Build Fabric artifact	2026-08-18T15:23:51.0541910Z                     ItemEnchantmentsPredicate.enchantments(
Fabric 1.21.11 build	Build Fabric artifact	2026-08-18T15:23:51.0542033Z                     ^
Fabric 1.21.11 build	Build Fabric artifact	2026-08-18T15:23:51.0542227Z   symbol:   variable ItemEnchantmentsPredicate
Fabric 1.21.11 build	Build Fabric artifact	2026-08-18T15:23:51.0542367Z   location: class HexLootTables
Fabric 1.21.11 build	Build Fabric artifact	2026-08-18T15:23:51.0543030Z /home/runner/work/Redliner101/Redliner101/Common/src/main/java/at/petrak/hexcasting/datagen/HexLootTables.java:153: error: cannot find symbol
Fabric 1.21.11 build	Build Fabric artifact	2026-08-18T15:23:51.0543233Z                                 ItemSubPredicates.ENCHANTMENTS,
Fabric 1.21.11 build	Build Fabric artifact	2026-08-18T15:23:51.0543377Z                                 ^
Fabric 1.21.11 build	Build Fabric artifact	2026-08-18T15:23:51.0543527Z   symbol:   variable ItemSubPredicates
Fabric 1.21.11 build	Build Fabric artifact	2026-08-18T15:23:51.0543669Z   location: class HexLootTables
Fabric 1.21.11 build	Build Fabric artifact	2026-08-18T15:23:51.0544328Z /home/runner/work/Redliner101/Redliner101/Common/src/main/java/at/petrak/hexcasting/datagen/HexLootTables.java:154: error: cannot find symbol
Fabric 1.21.11 build	Build Fabric artifact	2026-08-18T15:23:51.0544582Z                                 ItemEnchantmentsPredicate.enchantments(
Fabric 1.21.11 build	Build Fabric artifact	2026-08-18T15:23:51.0544696Z                                 ^
Fabric 1.21.11 build	Build Fabric artifact	2026-08-18T15:23:51.0544858Z   symbol:   variable ItemEnchantmentsPredicate
Fabric 1.21.11 build	Build Fabric artifact	2026-08-18T15:23:51.0545001Z   location: class HexLootTables
Fabric 1.21.11 build	Build Fabric artifact	2026-08-18T15:23:51.0545794Z /home/runner/work/Redliner101/Redliner101/Common/src/main/java/at/petrak/hexcasting/api/casting/eval/env/PlayerBasedMishapEnv.java:61: error: cannot find symbol
Fabric 1.21.11 build	Build Fabric artifact	2026-08-18T15:23:51.0546150Z         this.caster.addEffect(new MobEffectInstance(MobEffects.CONFUSION, ticks));
Fabric 1.21.11 build	Build Fabric artifact	2026-08-18T15:23:51.0546323Z                                                               ^
Fabric 1.21.11 build	Build Fabric artifact	2026-08-18T15:23:51.0546484Z   symbol:   variable CONFUSION
Fabric 1.21.11 build	Build Fabric artifact	2026-08-18T15:23:51.0546625Z   location: class MobEffects
Fabric 1.21.11 build	Build Fabric artifact	2026-08-18T15:23:51.0547354Z /home/runner/work/Redliner101/Redliner101/Common/src/main/java/at/petrak/hexcasting/server/ScrungledPatternsSave.java:121: error: cannot find symbol
Fabric 1.21.11 build	Build Fabric artifact	2026-08-18T15:23:51.0547509Z             new SavedData.Factory<>(
Fabric 1.21.11 build	Build Fabric artifact	2026-08-18T15:23:51.0547640Z                          ^
Fabric 1.21.11 build	Build Fabric artifact	2026-08-18T15:23:51.0547772Z   symbol:   class Factory
Fabric 1.21.11 build	Build Fabric artifact	2026-08-18T15:23:51.0547919Z   location: class SavedData
Fabric 1.21.11 build	Build Fabric artifact	2026-08-18T15:23:51.0548927Z /home/runner/work/Redliner101/Redliner101/Common/src/main/java/at/petrak/hexcasting/api/advancements/MinMaxLongs.java:16: error: <T>createCodec(Codec<T>) is not public in Bounds; cannot be accessed from outside package
Fabric 1.21.11 build	Build Fabric artifact	2026-08-18T15:23:51.0549116Z             MinMaxBounds.Bounds.createCodec(Codec.LONG)
Fabric 1.21.11 build	Build Fabric artifact	2026-08-18T15:23:51.0549222Z                                ^
Fabric 1.21.11 build	Build Fabric artifact	2026-08-18T15:23:51.0549373Z   where T is a type-variable:
Fabric 1.21.11 build	Build Fabric artifact	2026-08-18T15:23:51.0549963Z     T extends Number,Comparable<T> declared in method <T>createCodec(Codec<T>)
Fabric 1.21.11 build	Build Fabric artifact	2026-08-18T15:23:51.0550185Z Note: Recompile with -Xlint:unchecked for details.
Fabric 1.21.11 build	Build Fabric artifact	2026-08-18T15:23:51.0550403Z Note: Some input files use or override a deprecated API.
Fabric 1.21.11 build	Build Fabric artifact	2026-08-18T15:23:51.0551310Z /home/runner/work/Redliner101/Redliner101/Common/src/main/java/at/petrak/hexcasting/common/blocks/BlockConjured.java:88: error: method does not override or implement a method from a supertype
Fabric 1.21.11 build	Build Fabric artifact	2026-08-18T15:23:51.0551426Z     @Override
Fabric 1.21.11 build	Build Fabric artifact	2026-08-18T15:23:51.0551536Z     ^
Fabric 1.21.11 build	Build Fabric artifact	2026-08-18T15:23:51.0556510Z /home/runner/work/Redliner101/Redliner101/Common/src/main/java/at/petrak/hexcasting/common/blocks/akashic/BlockAkashicBookshelf.java:102: error: method does not override or implement a method from a supertype
Fabric 1.21.11 build	Build Fabric artifact	2026-08-18T15:23:51.0556682Z     @Override
Fabric 1.21.11 build	Build Fabric artifact	2026-08-18T15:23:51.0556798Z     ^
Fabric 1.21.11 build	Build Fabric artifact	2026-08-18T15:23:51.0557802Z /home/runner/work/Redliner101/Redliner101/Common/src/main/java/at/petrak/hexcasting/common/blocks/circles/BlockSlate.java:62: error: method does not override or implement a method from a supertype
Fabric 1.21.11 build	Build Fabric artifact	2026-08-18T15:23:51.0557952Z     @Override
Fabric 1.21.11 build	Build Fabric artifact	2026-08-18T15:23:51.0558054Z     ^
Fabric 1.21.11 build	Build Fabric artifact	2026-08-18T15:23:51.0558918Z /home/runner/work/Redliner101/Redliner101/Common/src/main/java/at/petrak/hexcasting/datagen/recipe/HexplatRecipes.java:85: error: method does not override or implement a method from a supertype
Fabric 1.21.11 build	Build Fabric artifact	2026-08-18T15:23:51.0559223Z     @Override
Fabric 1.21.11 build	Build Fabric artifact	2026-08-18T15:23:51.0559318Z     ^
Fabric 1.21.11 build	Build Fabric artifact	2026-08-18T15:23:51.0560504Z /home/runner/work/Redliner101/Redliner101/Common/src/main/java/at/petrak/hexcasting/datagen/recipe/builders/CreateCrushingRecipeBuilder.java:101: error: method does not override or implement a method from a supertype
Fabric 1.21.11 build	Build Fabric artifact	2026-08-18T15:23:51.0560640Z     @Override
Fabric 1.21.11 build	Build Fabric artifact	2026-08-18T15:23:51.0560753Z     ^
Fabric 1.21.11 build	Build Fabric artifact	2026-08-18T15:23:51.0584904Z /home/runner/work/Redliner101/Redliner101/Common/src/main/java/at/petrak/hexcasting/datagen/recipe/builders/FarmersDelightCuttingRecipeBuilder.java:103: error: method does not override or implement a method from a supertype
Fabric 1.21.11 build	Build Fabric artifact	2026-08-18T15:23:51.0585157Z     @Override
Fabric 1.21.11 build	Build Fabric artifact	2026-08-18T15:23:51.0585272Z     ^
Fabric 1.21.11 build	Build Fabric artifact	2026-08-18T15:23:51.0588665Z /home/runner/work/Redliner101/Redliner101/Common/src/main/java/at/petrak/hexcasting/datagen/recipe/builders/BrainsweepRecipeBuilder.java:53: error: method does not override or implement a method from a supertype
Fabric 1.21.11 build	Build Fabric artifact	2026-08-18T15:23:51.0588817Z 	@Override
Fabric 1.21.11 build	Build Fabric artifact	2026-08-18T15:23:51.0588919Z 	^
Fabric 1.21.11 build	Build Fabric artifact	2026-08-18T15:23:51.0589983Z /home/runner/work/Redliner101/Redliner101/Common/src/main/java/at/petrak/hexcasting/datagen/tag/HexItemTagProvider.java:26: error: method does not override or implement a method from a supertype
Fabric 1.21.11 build	Build Fabric artifact	2026-08-18T15:23:51.0590111Z     @Override
Fabric 1.21.11 build	Build Fabric artifact	2026-08-18T15:23:51.0590214Z     ^
Fabric 1.21.11 build	Build Fabric artifact	2026-08-18T15:23:51.0591137Z /home/runner/work/Redliner101/Redliner101/Common/src/main/java/at/petrak/hexcasting/server/ScrungledPatternsSave.java:65: error: method does not override or implement a method from a supertype
Fabric 1.21.11 build	Build Fabric artifact	2026-08-18T15:23:51.0591253Z     @Override
Fabric 1.21.11 build	Build Fabric artifact	2026-08-18T15:23:51.0591356Z     ^
Fabric 1.21.11 build	Build Fabric artifact	2026-08-18T15:23:51.0591614Z Note: Some input files use unchecked or unsafe operations.
Fabric 1.21.11 build	Build Fabric artifact	2026-08-18T15:23:51.0592369Z /home/runner/work/Redliner101/Redliner101/Common/src/main/java/at/petrak/hexcasting/common/msgs/MsgNewSpellPatternS2C.java:41: error: cannot find symbol
Fabric 1.21.11 build	Build Fabric artifact	2026-08-18T15:23:51.0592749Z                     mc.getSoundManager().stop(HexSounds.CASTING_AMBIANCE.getLocation(), null);
Fabric 1.21.11 build	Build Fabric artifact	2026-08-18T15:23:51.0592939Z                                                                         ^
Fabric 1.21.11 build	Build Fabric artifact	2026-08-18T15:23:51.0593103Z   symbol:   method getLocation()
Fabric 1.21.11 build	Build Fabric artifact	2026-08-18T15:23:51.0593333Z   location: variable CASTING_AMBIANCE of type SoundEvent
Fabric 1.21.11 build	Build Fabric artifact	2026-08-18T15:23:51.0594103Z /home/runner/work/Redliner101/Redliner101/Common/src/main/java/at/petrak/hexcasting/common/command/RecalcPatternsCommand.java:12: error: cannot find symbol
Fabric 1.21.11 build	Build Fabric artifact	2026-08-18T15:23:51.0594346Z             .requires(dp -> dp.hasPermission(Commands.LEVEL_ADMINS))
Fabric 1.21.11 build	Build Fabric artifact	2026-08-18T15:23:51.0594469Z                               ^
Fabric 1.21.11 build	Build Fabric artifact	2026-08-18T15:23:51.0594657Z   symbol:   method hasPermission(PermissionCheck)
Fabric 1.21.11 build	Build Fabric artifact	2026-08-18T15:23:51.0595121Z   location: variable dp of type CommandSourceStack
Fabric 1.21.11 build	Build Fabric artifact	2026-08-18T15:23:51.0595858Z /home/runner/work/Redliner101/Redliner101/Common/src/main/java/at/petrak/hexcasting/common/command/BrainsweepCommand.java:15: error: cannot find symbol
Fabric 1.21.11 build	Build Fabric artifact	2026-08-18T15:23:51.0596124Z             .requires(dp -> dp.hasPermission(Commands.LEVEL_ADMINS))
Fabric 1.21.11 build	Build Fabric artifact	2026-08-18T15:23:51.0596256Z                               ^
Fabric 1.21.11 build	Build Fabric artifact	2026-08-18T15:23:51.0596450Z   symbol:   method hasPermission(PermissionCheck)
Fabric 1.21.11 build	Build Fabric artifact	2026-08-18T15:23:51.0596648Z   location: variable dp of type CommandSourceStack
Fabric 1.21.11 build	Build Fabric artifact	2026-08-18T15:23:51.0597169Z /home/runner/work/Redliner101/Redliner101/Common/src/main/java/at/petrak/hexcasting/common/command/PatternTexturesCommand.java:14: error: cannot find symbol
Fabric 1.21.11 build	Build Fabric artifact	2026-08-18T15:23:51.0597335Z                 .requires(dp -> dp.hasPermission(Commands.LEVEL_ADMINS))
Fabric 1.21.11 build	Build Fabric artifact	2026-08-18T15:23:51.0597421Z                                   ^
Fabric 1.21.11 build	Build Fabric artifact	2026-08-18T15:23:51.0597552Z   symbol:   method hasPermission(PermissionCheck)
Fabric 1.21.11 build	Build Fabric artifact	2026-08-18T15:23:51.0597679Z   location: variable dp of type CommandSourceStack
Fabric 1.21.11 build	Build Fabric artifact	2026-08-18T15:23:51.0598474Z /home/runner/work/Redliner101/Redliner101/Common/src/main/java/at/petrak/hexcasting/common/command/PatternTexturesCommand.java:22: error: cannot find symbol
Fabric 1.21.11 build	Build Fabric artifact	2026-08-18T15:23:51.0598832Z                 .requires(dp -> dp.hasPermission(Commands.LEVEL_ADMINS))
Fabric 1.21.11 build	Build Fabric artifact	2026-08-18T15:23:51.0598966Z                                   ^
Fabric 1.21.11 build	Build Fabric artifact	2026-08-18T15:23:51.0599156Z   symbol:   method hasPermission(PermissionCheck)
Fabric 1.21.11 build	Build Fabric artifact	2026-08-18T15:23:51.0599354Z   location: variable dp of type CommandSourceStack
Fabric 1.21.11 build	Build Fabric artifact	2026-08-18T15:23:51.0600236Z /home/runner/work/Redliner101/Redliner101/Common/src/main/java/at/petrak/hexcasting/common/command/PatternResKeyArgument.java:46: error: cannot find symbol
Fabric 1.21.11 build	Build Fabric artifact	2026-08-18T15:23:51.0600459Z                 suggestions.add(key.location().toString());
Fabric 1.21.11 build	Build Fabric artifact	2026-08-18T15:23:51.0600595Z                                    ^
Fabric 1.21.11 build	Build Fabric artifact	2026-08-18T15:23:51.0600743Z   symbol:   method location()
Fabric 1.21.11 build	Build Fabric artifact	2026-08-18T15:23:51.0601022Z   location: variable key of type ResourceKey<ActionRegistryEntry>
Fabric 1.21.11 build	Build Fabric artifact	2026-08-18T15:23:51.0601792Z /home/runner/work/Redliner101/Redliner101/Common/src/main/java/at/petrak/hexcasting/common/command/PatternResKeyArgument.java:61: error: cannot find symbol
Fabric 1.21.11 build	Build Fabric artifact	2026-08-18T15:23:51.0612678Z         return optional.orElseThrow(() -> exceptionType.create(key.location()));
Fabric 1.21.11 build	Build Fabric artifact	2026-08-18T15:23:51.0612951Z                                                                   ^
Fabric 1.21.11 build	Build Fabric artifact	2026-08-18T15:23:51.0613122Z   symbol:   method location()
Fabric 1.21.11 build	Build Fabric artifact	2026-08-18T15:23:51.0613321Z   location: variable key of type ResourceKey<?>
Fabric 1.21.11 build	Build Fabric artifact	2026-08-18T15:23:51.0614093Z /home/runner/work/Redliner101/Redliner101/Common/src/main/java/at/petrak/hexcasting/common/command/PatternResKeyArgument.java:74: error: cannot find symbol
Fabric 1.21.11 build	Build Fabric artifact	2026-08-18T15:23:51.0614352Z             throw ERROR_UNKNOWN_PATTERN.create(targetKey.location());
Fabric 1.21.11 build	Build Fabric artifact	2026-08-18T15:23:51.0614517Z                                                         ^
Fabric 1.21.11 build	Build Fabric artifact	2026-08-18T15:23:51.0614679Z   symbol:   method location()
Fabric 1.21.11 build	Build Fabric artifact	2026-08-18T15:23:51.0615000Z   location: variable targetKey of type ResourceKey<ActionRegistryEntry>
Fabric 1.21.11 build	Build Fabric artifact	2026-08-18T15:23:51.0615845Z /home/runner/work/Redliner101/Redliner101/Common/src/main/java/at/petrak/hexcasting/common/command/ListPerWorldPatternsCommand.java:30: error: cannot find symbol
Fabric 1.21.11 build	Build Fabric artifact	2026-08-18T15:23:51.0616132Z             .requires(dp -> dp.hasPermission(Commands.LEVEL_GAMEMASTERS))
Fabric 1.21.11 build	Build Fabric artifact	2026-08-18T15:23:51.0616265Z                               ^
Fabric 1.21.11 build	Build Fabric artifact	2026-08-18T15:23:51.0616463Z   symbol:   method hasPermission(PermissionCheck)
Fabric 1.21.11 build	Build Fabric artifact	2026-08-18T15:23:51.0616678Z   location: variable dp of type CommandSourceStack
Fabric 1.21.11 build	Build Fabric artifact	2026-08-18T15:23:51.0617415Z /home/runner/work/Redliner101/Redliner101/Common/src/main/java/at/petrak/hexcasting/common/command/ListPerWorldPatternsCommand.java:69: error: cannot find symbol
Fabric 1.21.11 build	Build Fabric artifact	2026-08-18T15:23:51.0617943Z             .sorted((a, b) -> compareResLoc(a.location(), b.location()))
Fabric 1.21.11 build	Build Fabric artifact	2026-08-18T15:23:51.0618094Z                                              ^
Fabric 1.21.11 build	Build Fabric artifact	2026-08-18T15:23:51.0618427Z   symbol:   method location()
Fabric 1.21.11 build	Build Fabric artifact	2026-08-18T15:23:51.0618681Z   location: variable a of type ResourceKey<ActionRegistryEntry>
Fabric 1.21.11 build	Build Fabric artifact	2026-08-18T15:23:51.0619513Z /home/runner/work/Redliner101/Redliner101/Common/src/main/java/at/petrak/hexcasting/common/command/ListPerWorldPatternsCommand.java:69: error: cannot find symbol
Fabric 1.21.11 build	Build Fabric artifact	2026-08-18T15:23:51.0619899Z             .sorted((a, b) -> compareResLoc(a.location(), b.location()))
Fabric 1.21.11 build	Build Fabric artifact	2026-08-18T15:23:51.0620070Z                                                            ^
Fabric 1.21.11 build	Build Fabric artifact	2026-08-18T15:23:51.0620217Z   symbol:   method location()
Fabric 1.21.11 build	Build Fabric artifact	2026-08-18T15:23:51.0620472Z   location: variable b of type ResourceKey<ActionRegistryEntry>
Fabric 1.21.11 build	Build Fabric artifact	2026-08-18T15:23:51.0621336Z /home/runner/work/Redliner101/Redliner101/Common/src/main/java/at/petrak/hexcasting/common/command/ListPerWorldPatternsCommand.java:77: error: cannot find symbol
Fabric 1.21.11 build	Build Fabric artifact	2026-08-18T15:23:51.0621664Z             source.sendSuccess(() -> Component.literal(key.location().toString())
Fabric 1.21.11 build	Build Fabric artifact	2026-08-18T15:23:51.0621933Z                                                           ^
Fabric 1.21.11 build	Build Fabric artifact	2026-08-18T15:23:51.0622088Z   symbol:   method location()
Fabric 1.21.11 build	Build Fabric artifact	2026-08-18T15:23:51.0622363Z   location: variable key of type ResourceKey<ActionRegistryEntry>
Fabric 1.21.11 build	Build Fabric artifact	2026-08-18T15:23:51.0632262Z /home/runner/work/Redliner101/Redliner101/Common/src/main/java/at/petrak/hexcasting/common/command/ListPerWorldPatternsCommand.java:139: error: cannot find symbol
Fabric 1.21.11 build	Build Fabric artifact	2026-08-18T15:23:51.0632760Z                         actionKey.location(),
Fabric 1.21.11 build	Build Fabric artifact	2026-08-18T15:23:51.0632895Z                                  ^
Fabric 1.21.11 build	Build Fabric artifact	2026-08-18T15:23:51.0633052Z   symbol:   method location()
Fabric 1.21.11 build	Build Fabric artifact	2026-08-18T15:23:51.0633388Z   location: variable actionKey of type ResourceKey<ActionRegistryEntry>
Fabric 1.21.11 build	Build Fabric artifact	2026-08-18T15:23:51.0634354Z /home/runner/work/Redliner101/Redliner101/Common/src/main/java/at/petrak/hexcasting/common/recipe/ingredient/brainsweep/VillagerIngredient.java:71: error: cannot find symbol
Fabric 1.21.11 build	Build Fabric artifact	2026-08-18T15:23:51.0634746Z         return (this.profession == null || this.profession.equals(data.getProfession()))
Fabric 1.21.11 build	Build Fabric artifact	2026-08-18T15:23:51.0634930Z                                                                       ^
Fabric 1.21.11 build	Build Fabric artifact	2026-08-18T15:23:51.0635089Z   symbol:   method getProfession()
Fabric 1.21.11 build	Build Fabric artifact	2026-08-18T15:23:51.0635439Z   location: variable data of type VillagerData
Fabric 1.21.11 build	Build Fabric artifact	2026-08-18T15:23:51.0636357Z /home/runner/work/Redliner101/Redliner101/Common/src/main/java/at/petrak/hexcasting/common/recipe/ingredient/brainsweep/VillagerIngredient.java:72: error: cannot find symbol
Fabric 1.21.11 build	Build Fabric artifact	2026-08-18T15:23:51.0636607Z             && (this.biome == null || this.biome.equals(data.getType()))
Fabric 1.21.11 build	Build Fabric artifact	2026-08-18T15:23:51.0636777Z                                                             ^
Fabric 1.21.11 build	Build Fabric artifact	2026-08-18T15:23:51.0636924Z   symbol:   method getType()
Fabric 1.21.11 build	Build Fabric artifact	2026-08-18T15:23:51.0637116Z   location: variable data of type VillagerData
Fabric 1.21.11 build	Build Fabric artifact	2026-08-18T15:23:51.0638091Z /home/runner/work/Redliner101/Redliner101/Common/src/main/java/at/petrak/hexcasting/common/recipe/ingredient/brainsweep/VillagerIngredient.java:73: error: cannot find symbol
Fabric 1.21.11 build	Build Fabric artifact	2026-08-18T15:23:51.0638268Z             && this.minLevel <= data.getLevel();
Fabric 1.21.11 build	Build Fabric artifact	2026-08-18T15:23:51.0638410Z                                     ^
Fabric 1.21.11 build	Build Fabric artifact	2026-08-18T15:23:51.0638552Z   symbol:   method getLevel()
Fabric 1.21.11 build	Build Fabric artifact	2026-08-18T15:23:51.0638740Z   location: variable data of type VillagerData
Fabric 1.21.11 build	Build Fabric artifact	2026-08-18T15:23:51.0645921Z /home/runner/work/Redliner101/Redliner101/Common/src/main/java/at/petrak/hexcasting/common/recipe/ingredient/brainsweep/VillagerIngredient.java:86: error: cannot find symbol
Fabric 1.21.11 build	Build Fabric artifact	2026-08-18T15:23:51.0646280Z             .setProfession(profession)
Fabric 1.21.11 build	Build Fabric artifact	2026-08-18T15:23:51.0646397Z             ^
Fabric 1.21.11 build	Build Fabric artifact	2026-08-18T15:23:51.0650430Z   symbol:   method setProfession(Object)
Fabric 1.21.11 build	Build Fabric artifact	2026-08-18T15:23:51.0650856Z   location: variable data of type VillagerData
Fabric 1.21.11 build	Build Fabric artifact	2026-08-18T15:23:51.0651631Z /home/runner/work/Redliner101/Redliner101/Common/src/main/java/at/petrak/hexcasting/api/casting/iota/DoubleIota.java:79: error: cannot find symbol
Fabric 1.21.11 build	Build Fabric artifact	2026-08-18T15:23:51.0651815Z         return new DoubleIota(dtag.getAsDouble());
Fabric 1.21.11 build	Build Fabric artifact	2026-08-18T15:23:51.0651952Z                                   ^
Fabric 1.21.11 build	Build Fabric artifact	2026-08-18T15:23:51.0652088Z   symbol:   method getAsDouble()
Fabric 1.21.11 build	Build Fabric artifact	2026-08-18T15:23:51.0652501Z   location: variable dtag of type DoubleTag
Fabric 1.21.11 build	Build Fabric artifact	2026-08-18T15:23:51.0653239Z /home/runner/work/Redliner101/Redliner101/Common/src/main/java/at/petrak/hexcasting/api/casting/iota/PatternIota.java:85: error: cannot find symbol
Fabric 1.21.11 build	Build Fabric artifact	2026-08-18T15:23:51.0653781Z                 action = Objects.requireNonNull(IXplatAbstractions.INSTANCE.getActionRegistry().get(key)).action();
Fabric 1.21.11 build	Build Fabric artifact	2026-08-18T15:23:51.0654024Z                                                                                                          ^
Fabric 1.21.11 build	Build Fabric artifact	2026-08-18T15:23:51.0654166Z   symbol:   method action()
Fabric 1.21.11 build	Build Fabric artifact	2026-08-18T15:23:51.0710006Z   location: class Optional<Reference<ActionRegistryEntry>>
Fabric 1.21.11 build	Build Fabric artifact	2026-08-18T15:23:51.0710978Z /home/runner/work/Redliner101/Redliner101/Common/src/main/java/at/petrak/hexcasting/common/casting/PatternRegistryManifest.java:51: error: cannot find symbol
Fabric 1.21.11 build	Build Fabric artifact	2026-08-18T15:23:51.0711314Z                 var old = NORMAL_ACTION_LOOKUP.put(entry.prototype().getAngles(), key);
Fabric 1.21.11 build	Build Fabric artifact	2026-08-18T15:23:51.0711512Z                                                         ^
Fabric 1.21.11 build	Build Fabric artifact	2026-08-18T15:23:51.0711678Z   symbol:   method prototype()
Fabric 1.21.11 build	Build Fabric artifact	2026-08-18T15:23:51.0711977Z   location: variable entry of type Optional<Reference<ActionRegistryEntry>>
Fabric 1.21.11 build	Build Fabric artifact	2026-08-18T15:23:51.0713038Z /home/runner/work/Redliner101/Redliner101/Common/src/main/java/at/petrak/hexcasting/common/casting/PatternRegistryManifest.java:77: error: cannot find symbol
Fabric 1.21.11 build	Build Fabric artifact	2026-08-18T15:23:51.0713261Z             var handler = factory.tryMatch(pat,environment);
Fabric 1.21.11 build	Build Fabric artifact	2026-08-18T15:23:51.0713400Z                                  ^
Fabric 1.21.11 build	Build Fabric artifact	2026-08-18T15:23:51.0713652Z   symbol:   method tryMatch(HexPattern,CastingEnvironment)
Fabric 1.21.11 build	Build Fabric artifact	2026-08-18T15:23:51.0713938Z   location: variable factory of type Optional<Reference<Factory<?>>>
Fabric 1.21.11 build	Build Fabric artifact	2026-08-18T15:23:51.0714804Z /home/runner/work/Redliner101/Redliner101/Common/src/main/java/at/petrak/hexcasting/common/blocks/akashic/BlockAkashicBookshelf.java:70: error: cannot find symbol
Fabric 1.21.11 build	Build Fabric artifact	2026-08-18T15:23:51.0715109Z                 return InteractionResult.sidedSuccess(level.isClientSide());
Fabric 1.21.11 build	Build Fabric artifact	2026-08-18T15:23:51.0715254Z                                         ^
Fabric 1.21.11 build	Build Fabric artifact	2026-08-18T15:23:51.0715413Z   symbol:   method sidedSuccess(boolean)
Fabric 1.21.11 build	Build Fabric artifact	2026-08-18T15:23:51.0715581Z   location: interface InteractionResult
Fabric 1.21.11 build	Build Fabric artifact	2026-08-18T15:23:51.0716359Z /home/runner/work/Redliner101/Redliner101/Common/src/main/java/at/petrak/hexcasting/common/misc/AkashicTreeGrower.java:42: error: cannot find symbol
Fabric 1.21.11 build	Build Fabric artifact	2026-08-18T15:23:51.0716598Z                 .registryOrThrow(Registries.CONFIGURED_FEATURE)
Fabric 1.21.11 build	Build Fabric artifact	2026-08-18T15:23:51.0716712Z                 ^
Fabric 1.21.11 build	Build Fabric artifact	2026-08-18T15:23:51.0717073Z   symbol:   method registryOrThrow(ResourceKey<Registry<ConfiguredFeature<?,?>>>)
Fabric 1.21.11 build	Build Fabric artifact	2026-08-18T15:23:51.0717226Z   location: interface RegistryAccess
Fabric 1.21.11 build	Build Fabric artifact	2026-08-18T15:23:51.0718192Z /home/runner/work/Redliner101/Redliner101/Common/src/main/java/at/petrak/hexcasting/common/lib/HexPotions.java:42: error: cannot find symbol
Fabric 1.21.11 build	Build Fabric artifact	2026-08-18T15:23:51.0718559Z         var potionRegistry = registryAccess.registryOrThrow(Registries.POTION);
Fabric 1.21.11 build	Build Fabric artifact	2026-08-18T15:23:51.0718702Z                                            ^
Fabric 1.21.11 build	Build Fabric artifact	2026-08-18T15:23:51.0718980Z   symbol:   method registryOrThrow(ResourceKey<Registry<Potion>>)
Fabric 1.21.11 build	Build Fabric artifact	2026-08-18T15:23:51.0719217Z   location: variable registryAccess of type RegistryAccess
Fabric 1.21.11 build	Build Fabric artifact	2026-08-18T15:23:51.0720064Z /home/runner/work/Redliner101/Redliner101/Common/src/main/java/at/petrak/hexcasting/common/lib/HexBlocks.java:138: error: cannot find symbol
Fabric 1.21.11 build	Build Fabric artifact	2026-08-18T15:23:51.0720212Z                 .noCollission()
Fabric 1.21.11 build	Build Fabric artifact	2026-08-18T15:23:51.0720334Z                 ^
Fabric 1.21.11 build	Build Fabric artifact	2026-08-18T15:23:51.0720485Z   symbol:   method noCollission()
Fabric 1.21.11 build	Build Fabric artifact	2026-08-18T15:23:51.0720644Z   location: class Properties
Fabric 1.21.11 build	Build Fabric artifact	2026-08-18T15:23:51.0721331Z /home/runner/work/Redliner101/Redliner101/Common/src/main/java/at/petrak/hexcasting/common/lib/HexBlocks.java:287: error: cannot find symbol
Fabric 1.21.11 build	Build Fabric artifact	2026-08-18T15:23:51.0721735Z         new BlockHexWoodButton(edifiedWoody().noOcclusion().noCollission()));
Fabric 1.21.11 build	Build Fabric artifact	2026-08-18T15:23:51.0721905Z                                                            ^
Fabric 1.21.11 build	Build Fabric artifact	2026-08-18T15:23:51.0722250Z   symbol:   method noCollission()
Fabric 1.21.11 build	Build Fabric artifact	2026-08-18T15:23:51.0722392Z   location: class Properties
Fabric 1.21.11 build	Build Fabric artifact	2026-08-18T15:23:51.0723076Z /home/runner/work/Redliner101/Redliner101/Common/src/main/java/at/petrak/hexcasting/common/lib/HexBlocks.java:289: error: cannot find symbol
Fabric 1.21.11 build	Build Fabric artifact	2026-08-18T15:23:51.0723431Z         new BlockHexPressurePlate(edifiedWoody().noOcclusion().noCollission()));
Fabric 1.21.11 build	Build Fabric artifact	2026-08-18T15:23:51.0723593Z                                                               ^
Fabric 1.21.11 build	Build Fabric artifact	2026-08-18T15:23:51.0723754Z   symbol:   method noCollission()
Fabric 1.21.11 build	Build Fabric artifact	2026-08-18T15:23:51.0723895Z   location: class Properties
Fabric 1.21.11 build	Build Fabric artifact	2026-08-18T15:23:51.0724622Z /home/runner/work/Redliner101/Redliner101/Common/src/main/java/at/petrak/hexcasting/common/lib/hex/HexArithmetics.java:23: error: cannot find symbol
Fabric 1.21.11 build	Build Fabric artifact	2026-08-18T15:23:51.0725205Z             ENGINE = new ArithmeticEngine(REGISTRY.holders().map(Holder.Reference::value).collect(Collectors.toList()));
Fabric 1.21.11 build	Build Fabric artifact	2026-08-18T15:23:51.0725364Z                                                   ^
Fabric 1.21.11 build	Build Fabric artifact	2026-08-18T15:23:51.0725495Z   symbol:   method holders()
Fabric 1.21.11 build	Build Fabric artifact	2026-08-18T15:23:51.0725733Z   location: variable REGISTRY of type Registry<Arithmetic>
Fabric 1.21.11 build	Build Fabric artifact	2026-08-18T15:23:51.0726431Z /home/runner/work/Redliner101/Redliner101/Common/src/main/java/at/petrak/hexcasting/common/lib/HexDataComponents.java:63: error: cannot find symbol
Fabric 1.21.11 build	Build Fabric artifact	2026-08-18T15:23:51.0726741Z                     .persistent(Codec.unit(Unit.INSTANCE))
Fabric 1.21.11 build	Build Fabric artifact	2026-08-18T15:23:51.0726869Z                                      ^
Fabric 1.21.11 build	Build Fabric artifact	2026-08-18T15:23:51.0727037Z   symbol:   method unit(Unit)
Fabric 1.21.11 build	Build Fabric artifact	2026-08-18T15:23:51.0727215Z   location: interface Codec
Fabric 1.21.11 build	Build Fabric artifact	2026-08-18T15:23:51.0728009Z /home/runner/work/Redliner101/Redliner101/Common/src/main/java/at/petrak/hexcasting/interop/patchouli/LookupPatternComponent.java:31: error: cannot find symbol
Fabric 1.21.11 build	Build Fabric artifact	2026-08-18T15:23:51.0728590Z             !IXplatAbstractions.INSTANCE.getActionRegistry().getHolderOrThrow(key).is(HexTags.Actions.PER_WORLD_PATTERN);
Fabric 1.21.11 build	Build Fabric artifact	2026-08-18T15:23:51.0728742Z                                                             ^
Fabric 1.21.11 build	Build Fabric artifact	2026-08-18T15:23:51.0728989Z   symbol:   method getHolderOrThrow(ResourceKey<ActionRegistryEntry>)
Fabric 1.21.11 build	Build Fabric artifact	2026-08-18T15:23:51.0729163Z   location: interface Registry<ActionRegistryEntry>
Fabric 1.21.11 build	Build Fabric artifact	2026-08-18T15:23:51.0743660Z /home/runner/work/Redliner101/Redliner101/Common/src/main/java/at/petrak/hexcasting/interop/patchouli/LookupPatternComponent.java:32: error: cannot find symbol
Fabric 1.21.11 build	Build Fabric artifact	2026-08-18T15:23:51.0743952Z         return List.of(entry.prototype());
Fabric 1.21.11 build	Build Fabric artifact	2026-08-18T15:23:51.0744092Z                             ^
Fabric 1.21.11 build	Build Fabric artifact	2026-08-18T15:23:51.0744241Z   symbol:   method prototype()
Fabric 1.21.11 build	Build Fabric artifact	2026-08-18T15:23:51.0744589Z   location: variable entry of type Optional<Reference<ActionRegistryEntry>>
Fabric 1.21.11 build	Build Fabric artifact	2026-08-18T15:23:51.0745428Z /home/runner/work/Redliner101/Redliner101/Common/src/main/java/at/petrak/hexcasting/interop/patchouli/BrainsweepProcessor.java:32: error: cannot find symbol
Fabric 1.21.11 build	Build Fabric artifact	2026-08-18T15:23:51.0745684Z 		var recman = level.getRecipeManager();
Fabric 1.21.11 build	Build Fabric artifact	2026-08-18T15:23:51.0746077Z 		                  ^
Fabric 1.21.11 build	Build Fabric artifact	2026-08-18T15:23:51.0746237Z   symbol:   method getRecipeManager()
Fabric 1.21.11 build	Build Fabric artifact	2026-08-18T15:23:51.0746405Z   location: variable level of type Level
Fabric 1.21.11 build	Build Fabric artifact	2026-08-18T15:23:51.0747181Z /home/runner/work/Redliner101/Redliner101/Common/src/main/java/at/petrak/hexcasting/interop/patchouli/PatchouliUtils.java:28: error: cannot find symbol
Fabric 1.21.11 build	Build Fabric artifact	2026-08-18T15:23:51.0747488Z             var manager = Minecraft.getInstance().level.getRecipeManager();
Fabric 1.21.11 build	Build Fabric artifact	2026-08-18T15:23:51.0747642Z                                                        ^
Fabric 1.21.11 build	Build Fabric artifact	2026-08-18T15:23:51.0747807Z   symbol:   method getRecipeManager()
Fabric 1.21.11 build	Build Fabric artifact	2026-08-18T15:23:51.0747961Z   location: variable level of type ClientLevel
Fabric 1.21.11 build	Build Fabric artifact	2026-08-18T15:23:51.0748765Z /home/runner/work/Redliner101/Redliner101/Common/src/main/java/at/petrak/hexcasting/interop/patchouli/PatchouliUtils.java:47: error: cannot find symbol
Fabric 1.21.11 build	Build Fabric artifact	2026-08-18T15:23:51.0749112Z             return IVariable.wrapList(Arrays.stream(ingredients.get(0).getItems())
Fabric 1.21.11 build	Build Fabric artifact	2026-08-18T15:23:51.0749305Z                                                                       ^
Fabric 1.21.11 build	Build Fabric artifact	2026-08-18T15:23:51.0749448Z   symbol:   method getItems()
Fabric 1.21.11 build	Build Fabric artifact	2026-08-18T15:23:51.0750097Z   location: class Ingredient
Fabric 1.21.11 build	Build Fabric artifact	2026-08-18T15:23:51.0750851Z /home/runner/work/Redliner101/Redliner101/Common/src/main/java/at/petrak/hexcasting/interop/patchouli/PatchouliUtils.java:56: error: cannot find symbol
Fabric 1.21.11 build	Build Fabric artifact	2026-08-18T15:23:51.0751059Z                 stacks.add(ingredient.getItems());
Fabric 1.21.11 build	Build Fabric artifact	2026-08-18T15:23:51.0751206Z                                      ^
Fabric 1.21.11 build	Build Fabric artifact	2026-08-18T15:23:51.0751344Z   symbol:   method getItems()
Fabric 1.21.11 build	Build Fabric artifact	2026-08-18T15:23:51.0751549Z   location: variable ingredient of type Ingredient
Fabric 1.21.11 build	Build Fabric artifact	2026-08-18T15:23:51.0752284Z /home/runner/work/Redliner101/Redliner101/Common/src/main/java/at/petrak/hexcasting/interop/patchouli/PatchouliUtils.java:75: error: cannot find symbol
Fabric 1.21.11 build	Build Fabric artifact	2026-08-18T15:23:51.0752710Z             ingredients.stream().mapToInt(ingr -> ingr.getItems().length).max().orElse(1), registries
Fabric 1.21.11 build	Build Fabric artifact	2026-08-18T15:23:51.0752871Z                                                       ^
Fabric 1.21.11 build	Build Fabric artifact	2026-08-18T15:23:51.0753030Z   symbol:   method getItems()
Fabric 1.21.11 build	Build Fabric artifact	2026-08-18T15:23:51.0753189Z   location: variable ingr of type Ingredient
Fabric 1.21.11 build	Build Fabric artifact	2026-08-18T15:23:51.0754021Z /home/runner/work/Redliner101/Redliner101/Common/src/main/java/at/petrak/hexcasting/interop/patchouli/MultiCraftingProcessor.java:45: error: cannot find symbol
Fabric 1.21.11 build	Build Fabric artifact	2026-08-18T15:23:51.0754377Z                 for (Ingredient ingredient : recipe.getIngredients()) {
Fabric 1.21.11 build	Build Fabric artifact	2026-08-18T15:23:51.0754536Z                                                    ^
Fabric 1.21.11 build	Build Fabric artifact	2026-08-18T15:23:51.0754684Z   symbol:   method getIngredients()
Fabric 1.21.11 build	Build Fabric artifact	2026-08-18T15:23:51.0754886Z   location: variable recipe of type CraftingRecipe
Fabric 1.21.11 build	Build Fabric artifact	2026-08-18T15:23:51.0755729Z /home/runner/work/Redliner101/Redliner101/Common/src/main/java/at/petrak/hexcasting/interop/patchouli/MultiCraftingProcessor.java:46: error: cannot find symbol
Fabric 1.21.11 build	Build Fabric artifact	2026-08-18T15:23:51.0755920Z                     int size = ingredient.getItems().length;
Fabric 1.21.11 build	Build Fabric artifact	2026-08-18T15:23:51.0756085Z                                          ^
Fabric 1.21.11 build	Build Fabric artifact	2026-08-18T15:23:51.0756223Z   symbol:   method getItems()
Fabric 1.21.11 build	Build Fabric artifact	2026-08-18T15:23:51.0756417Z   location: variable ingredient of type Ingredient
Fabric 1.21.11 build	Build Fabric artifact	2026-08-18T15:23:51.0757197Z /home/runner/work/Redliner101/Redliner101/Common/src/main/java/at/petrak/hexcasting/interop/patchouli/MultiCraftingProcessor.java:65: error: cannot find symbol
Fabric 1.21.11 build	Build Fabric artifact	2026-08-18T15:23:51.0757799Z                 return IVariable.from(recipes.getFirst().getResultItem(level.registryAccess()).getHoverName(), level.registryAccess());
Fabric 1.21.11 build	Build Fabric artifact	2026-08-18T15:23:51.0757959Z                                                         ^
Fabric 1.21.11 build	Build Fabric artifact	2026-08-18T15:23:51.0758155Z   symbol:   method getResultItem(RegistryAccess)
Fabric 1.21.11 build	Build Fabric artifact	2026-08-18T15:23:51.0758315Z   location: interface CraftingRecipe
Fabric 1.21.11 build	Build Fabric artifact	2026-08-18T15:23:51.0759192Z /home/runner/work/Redliner101/Redliner101/Common/src/main/java/at/petrak/hexcasting/interop/patchouli/MultiCraftingProcessor.java:80: error: cannot find symbol
Fabric 1.21.11 build	Build Fabric artifact	2026-08-18T15:23:51.0759454Z                         NonNullList<Ingredient> list = recipe.getIngredients();
Fabric 1.21.11 build	Build Fabric artifact	2026-08-18T15:23:51.0759759Z                                                              ^
Fabric 1.21.11 build	Build Fabric artifact	2026-08-18T15:23:51.0759938Z   symbol:   method getIngredients()
Fabric 1.21.11 build	Build Fabric artifact	2026-08-18T15:23:51.0760129Z   location: variable recipe of type CraftingRecipe
Fabric 1.21.11 build	Build Fabric artifact	2026-08-18T15:23:51.0760933Z /home/runner/work/Redliner101/Redliner101/Common/src/main/java/at/petrak/hexcasting/interop/patchouli/MultiCraftingProcessor.java:85: error: cannot find symbol
Fabric 1.21.11 build	Build Fabric artifact	2026-08-18T15:23:51.0761186Z                     NonNullList<Ingredient> list = recipe.getIngredients();
Fabric 1.21.11 build	Build Fabric artifact	2026-08-18T15:23:51.0761342Z                                                          ^
Fabric 1.21.11 build	Build Fabric artifact	2026-08-18T15:23:51.0761492Z   symbol:   method getIngredients()
Fabric 1.21.11 build	Build Fabric artifact	2026-08-18T15:23:51.0761691Z   location: variable recipe of type CraftingRecipe
Fabric 1.21.11 build	Build Fabric artifact	2026-08-18T15:23:51.0762508Z /home/runner/work/Redliner101/Redliner101/Common/src/main/java/at/petrak/hexcasting/interop/patchouli/MultiCraftingProcessor.java:94: error: cannot find symbol
Fabric 1.21.11 build	Build Fabric artifact	2026-08-18T15:23:51.0762799Z                         .map(recipe -> recipe.getResultItem(level.registryAccess()))
Fabric 1.21.11 build	Build Fabric artifact	2026-08-18T15:23:51.0762907Z                                              ^
Fabric 1.21.11 build	Build Fabric artifact	2026-08-18T15:23:51.0763246Z   symbol:   method getResultItem(RegistryAccess)
Fabric 1.21.11 build	Build Fabric artifact	2026-08-18T15:23:51.0763437Z   location: variable recipe of type CraftingRecipe
Fabric 1.21.11 build	Build Fabric artifact	2026-08-18T15:23:51.0764220Z /home/runner/work/Redliner101/Redliner101/Common/src/main/java/at/petrak/hexcasting/interop/utils/PatternDrawingUtil.java:24: error: cannot find symbol
Fabric 1.21.11 build	Build Fabric artifact	2026-08-18T15:23:51.0764382Z         poseStack.pushPose();
Fabric 1.21.11 build	Build Fabric artifact	2026-08-18T15:23:51.0764493Z                  ^
Fabric 1.21.11 build	Build Fabric artifact	2026-08-18T15:23:51.0764639Z   symbol:   method pushPose()
Fabric 1.21.11 build	Build Fabric artifact	2026-08-18T15:23:51.0764852Z   location: variable poseStack of type Matrix3x2fStack
Fabric 1.21.11 build	Build Fabric artifact	2026-08-18T15:23:51.0765569Z /home/runner/work/Redliner101/Redliner101/Common/src/main/java/at/petrak/hexcasting/interop/utils/PatternDrawingUtil.java:26: error: cannot find symbol
Fabric 1.21.11 build	Build Fabric artifact	2026-08-18T15:23:51.0765729Z         var mat = poseStack.last().pose();
Fabric 1.21.11 build	Build Fabric artifact	2026-08-18T15:23:51.0765863Z                            ^
Fabric 1.21.11 build	Build Fabric artifact	2026-08-18T15:23:51.0765995Z   symbol:   method last()
Fabric 1.21.11 build	Build Fabric artifact	2026-08-18T15:23:51.0766210Z   location: variable poseStack of type Matrix3x2fStack
Fabric 1.21.11 build	Build Fabric artifact	2026-08-18T15:23:51.0766953Z /home/runner/work/Redliner101/Redliner101/Common/src/main/java/at/petrak/hexcasting/interop/utils/PatternDrawingUtil.java:27: error: cannot find symbol
Fabric 1.21.11 build	Build Fabric artifact	2026-08-18T15:23:51.0767140Z         var prevShader = RenderSystem.getShader();
Fabric 1.21.11 build	Build Fabric artifact	2026-08-18T15:23:51.0767377Z                                      ^
Fabric 1.21.11 build	Build Fabric artifact	2026-08-18T15:23:51.0767522Z   symbol:   method getShader()
Fabric 1.21.11 build	Build Fabric artifact	2026-08-18T15:23:51.0767659Z   location: class RenderSystem
Fabric 1.21.11 build	Build Fabric artifact	2026-08-18T15:23:51.0768395Z /home/runner/work/Redliner101/Redliner101/Common/src/main/java/at/petrak/hexcasting/interop/utils/PatternDrawingUtil.java:30: error: cannot find symbol
Fabric 1.21.11 build	Build Fabric artifact	2026-08-18T15:23:51.0768567Z         RenderSystem.defaultBlendFunc();
Fabric 1.21.11 build	Build Fabric artifact	2026-08-18T15:23:51.0768680Z                     ^
Fabric 1.21.11 build	Build Fabric artifact	2026-08-18T15:23:51.0768846Z   symbol:   method defaultBlendFunc()
Fabric 1.21.11 build	Build Fabric artifact	2026-08-18T15:23:51.0768982Z   location: class RenderSystem
Fabric 1.21.11 build	Build Fabric artifact	2026-08-18T15:23:51.0769586Z /home/runner/work/Redliner101/Redliner101/Common/src/main/java/at/petrak/hexcasting/interop/utils/PatternDrawingUtil.java:54: error: cannot find symbol
Fabric 1.21.11 build	Build Fabric artifact	2026-08-18T15:23:51.0769880Z         RenderSystem.defaultBlendFunc();
Fabric 1.21.11 build	Build Fabric artifact	2026-08-18T15:23:51.0769980Z                     ^
Fabric 1.21.11 build	Build Fabric artifact	2026-08-18T15:23:51.0770107Z   symbol:   method defaultBlendFunc()
Fabric 1.21.11 build	Build Fabric artifact	2026-08-18T15:23:51.0770227Z   location: class RenderSystem
Fabric 1.21.11 build	Build Fabric artifact	2026-08-18T15:23:51.0770884Z /home/runner/work/Redliner101/Redliner101/Common/src/main/java/at/petrak/hexcasting/interop/utils/PatternDrawingUtil.java:55: error: cannot find symbol
Fabric 1.21.11 build	Build Fabric artifact	2026-08-18T15:23:51.0771082Z         RenderSystem.setShader(() -> prevShader);
Fabric 1.21.11 build	Build Fabric artifact	2026-08-18T15:23:51.0771192Z                     ^
Fabric 1.21.11 build	Build Fabric artifact	2026-08-18T15:23:51.0771364Z   symbol:   method setShader(()->prevShader)
Fabric 1.21.11 build	Build Fabric artifact	2026-08-18T15:23:51.0771503Z   location: class RenderSystem
Fabric 1.21.11 build	Build Fabric artifact	2026-08-18T15:23:51.0772207Z /home/runner/work/Redliner101/Redliner101/Common/src/main/java/at/petrak/hexcasting/interop/utils/PatternDrawingUtil.java:58: error: cannot find symbol
Fabric 1.21.11 build	Build Fabric artifact	2026-08-18T15:23:51.0772355Z         poseStack.popPose();
Fabric 1.21.11 build	Build Fabric artifact	2026-08-18T15:23:51.0772485Z                  ^
Fabric 1.21.11 build	Build Fabric artifact	2026-08-18T15:23:51.0772643Z   symbol:   method popPose()
Fabric 1.21.11 build	Build Fabric artifact	2026-08-18T15:23:51.0772842Z   location: variable poseStack of type Matrix3x2fStack
Fabric 1.21.11 build	Build Fabric artifact	2026-08-18T15:23:51.0773581Z /home/runner/work/Redliner101/Redliner101/Common/src/main/java/at/petrak/hexcasting/interop/inline/InlinePatternRenderer.java:66: error: cannot find symbol
Fabric 1.21.11 build	Build Fabric artifact	2026-08-18T15:23:51.0773742Z         drawContext.pose().pushPose();
Fabric 1.21.11 build	Build Fabric artifact	2026-08-18T15:23:51.0773872Z                           ^
Fabric 1.21.11 build	Build Fabric artifact	2026-08-18T15:23:51.0774014Z   symbol:   method pushPose()
Fabric 1.21.11 build	Build Fabric artifact	2026-08-18T15:23:51.0774166Z   location: class Matrix3x2fStack
Fabric 1.21.11 build	Build Fabric artifact	2026-08-18T15:23:51.0774913Z /home/runner/work/Redliner101/Redliner101/Common/src/main/java/at/petrak/hexcasting/interop/inline/InlinePatternRenderer.java:72: error: cannot find symbol
Fabric 1.21.11 build	Build Fabric artifact	2026-08-18T15:23:51.0775177Z         Matrix3f normalMatrix = drawContext.pose().last().normal();
Fabric 1.21.11 build	Build Fabric artifact	2026-08-18T15:23:51.0775321Z                                                   ^
Fabric 1.21.11 build	Build Fabric artifact	2026-08-18T15:23:51.0775464Z   symbol:   method last()
Fabric 1.21.11 build	Build Fabric artifact	2026-08-18T15:23:51.0775737Z   location: class Matrix3x2fStack
Fabric 1.21.11 build	Build Fabric artifact	2026-08-18T15:23:51.0776495Z /home/runner/work/Redliner101/Redliner101/Common/src/main/java/at/petrak/hexcasting/interop/inline/InlinePatternRenderer.java:73: error: cannot find symbol
Fabric 1.21.11 build	Build Fabric artifact	2026-08-18T15:23:51.0777368Z         PatternRenderer.renderPattern(data.pattern, drawContext.pose(), isFlat ? null : new PatternRenderer.WorldlyBits(drawContext.bufferSource(), trContext.light(), new Vec3(0, 0, 1)),
Fabric 1.21.11 build	Build Fabric artifact	2026-08-18T15:23:51.0777667Z                                                                                                                                    ^
Fabric 1.21.11 build	Build Fabric artifact	2026-08-18T15:23:51.0777826Z   symbol:   method bufferSource()
Fabric 1.21.11 build	Build Fabric artifact	2026-08-18T15:23:51.0778029Z   location: variable drawContext of type GuiGraphics
Fabric 1.21.11 build	Build Fabric artifact	2026-08-18T15:23:51.0778657Z /home/runner/work/Redliner101/Redliner101/Common/src/main/java/at/petrak/hexcasting/interop/inline/InlinePatternRenderer.java:78: error: cannot find symbol
Fabric 1.21.11 build	Build Fabric artifact	2026-08-18T15:23:51.0778804Z         drawContext.pose().popPose();
Fabric 1.21.11 build	Build Fabric artifact	2026-08-18T15:23:51.0778936Z                           ^
Fabric 1.21.11 build	Build Fabric artifact	2026-08-18T15:23:51.0779076Z   symbol:   method popPose()
Fabric 1.21.11 build	Build Fabric artifact	2026-08-18T15:23:51.0779222Z   location: class Matrix3x2fStack
Fabric 1.21.11 build	Build Fabric artifact	2026-08-18T15:23:51.0780043Z /home/runner/work/Redliner101/Redliner101/Common/src/main/java/at/petrak/hexcasting/datagen/tag/HexItemTagProvider.java:28: error: cannot find symbol
Fabric 1.21.11 build	Build Fabric artifact	2026-08-18T15:23:51.0780308Z         add(tag(xtags.gems()),
Fabric 1.21.11 build	Build Fabric artifact	2026-08-18T15:23:51.0780419Z             ^
Fabric 1.21.11 build	Build Fabric artifact	2026-08-18T15:23:51.0780583Z   symbol:   method tag(TagKey<Item>)
Fabric 1.21.11 build	Build Fabric artifact	2026-08-18T15:23:51.0780738Z   location: class HexItemTagProvider
Fabric 1.21.11 build	Build Fabric artifact	2026-08-18T15:23:51.0781459Z /home/runner/work/Redliner101/Redliner101/Common/src/main/java/at/petrak/hexcasting/datagen/tag/HexItemTagProvider.java:30: error: cannot find symbol
Fabric 1.21.11 build	Build Fabric artifact	2026-08-18T15:23:51.0781624Z         add(tag(xtags.amethystDust()),
Fabric 1.21.11 build	Build Fabric artifact	2026-08-18T15:23:51.0781731Z             ^
Fabric 1.21.11 build	Build Fabric artifact	2026-08-18T15:23:51.0781876Z   symbol:   method tag(TagKey<Item>)
Fabric 1.21.11 build	Build Fabric artifact	2026-08-18T15:23:51.0782012Z   location: class HexItemTagProvider
Fabric 1.21.11 build	Build Fabric artifact	2026-08-18T15:23:51.0782726Z /home/runner/work/Redliner101/Redliner101/Common/src/main/java/at/petrak/hexcasting/datagen/tag/HexItemTagProvider.java:33: error: cannot find symbol
Fabric 1.21.11 build	Build Fabric artifact	2026-08-18T15:23:51.0782880Z         add(tag(HexTags.Items.STAVES),
Fabric 1.21.11 build	Build Fabric artifact	2026-08-18T15:23:51.0782995Z             ^
Fabric 1.21.11 build	Build Fabric artifact	2026-08-18T15:23:51.0783138Z   symbol:   method tag(TagKey<Item>)
Fabric 1.21.11 build	Build Fabric artifact	2026-08-18T15:23:51.0783289Z   location: class HexItemTagProvider
Fabric 1.21.11 build	Build Fabric artifact	2026-08-18T15:23:51.0784017Z /home/runner/work/Redliner101/Redliner101/Common/src/main/java/at/petrak/hexcasting/datagen/tag/HexItemTagProvider.java:41: error: cannot find symbol
Fabric 1.21.11 build	Build Fabric artifact	2026-08-18T15:23:51.0784186Z         add(tag(HexTags.Items.PHIAL_BASE),
Fabric 1.21.11 build	Build Fabric artifact	2026-08-18T15:23:51.0784296Z             ^
Fabric 1.21.11 build	Build Fabric artifact	2026-08-18T15:23:51.0784441Z   symbol:   method tag(TagKey<Item>)
Fabric 1.21.11 build	Build Fabric artifact	2026-08-18T15:23:51.0784587Z   location: class HexItemTagProvider
Fabric 1.21.11 build	Build Fabric artifact	2026-08-18T15:23:51.0785321Z /home/runner/work/Redliner101/Redliner101/Common/src/main/java/at/petrak/hexcasting/datagen/tag/HexItemTagProvider.java:43: error: cannot find symbol
Fabric 1.21.11 build	Build Fabric artifact	2026-08-18T15:23:51.0785526Z         add(tag(HexTags.Items.GRANTS_ROOT_ADVANCEMENT),
Fabric 1.21.11 build	Build Fabric artifact	2026-08-18T15:23:51.0785651Z             ^
Fabric 1.21.11 build	Build Fabric artifact	2026-08-18T15:23:51.0785800Z   symbol:   method tag(TagKey<Item>)
Fabric 1.21.11 build	Build Fabric artifact	2026-08-18T15:23:51.0785943Z   location: class HexItemTagProvider
Fabric 1.21.11 build	Build Fabric artifact	2026-08-18T15:23:51.0786670Z /home/runner/work/Redliner101/Redliner101/Common/src/main/java/at/petrak/hexcasting/datagen/tag/HexItemTagProvider.java:46: error: cannot find symbol
Fabric 1.21.11 build	Build Fabric artifact	2026-08-18T15:23:51.0786835Z         add(tag(HexTags.Items.SEAL_MATERIALS),
Fabric 1.21.11 build	Build Fabric artifact	2026-08-18T15:23:51.0786954Z             ^
Fabric 1.21.11 build	Build Fabric artifact	2026-08-18T15:23:51.0787086Z   symbol:   method tag(TagKey<Item>)
Fabric 1.21.11 build	Build Fabric artifact	2026-08-18T15:23:51.0787237Z   location: class HexItemTagProvider
Fabric 1.21.11 build	Build Fabric artifact	2026-08-18T15:23:51.0787976Z /home/runner/work/Redliner101/Redliner101/Common/src/main/java/at/petrak/hexcasting/datagen/tag/HexActionTagProvider.java:33: error: cannot find symbol
Fabric 1.21.11 build	Build Fabric artifact	2026-08-18T15:23:51.0788322Z             tag(ersatzActionTag(HexTags.Actions.REQUIRES_ENLIGHTENMENT)).add(key);
Fabric 1.21.11 build	Build Fabric artifact	2026-08-18T15:23:51.0788418Z             ^
Fabric 1.21.11 build	Build Fabric artifact	2026-08-18T15:23:51.0788761Z   symbol:   method tag(TagKey<ActionRegistryEntry>)
Fabric 1.21.11 build	Build Fabric artifact	2026-08-18T15:23:51.0788903Z   location: class HexActionTagProvider
Fabric 1.21.11 build	Build Fabric artifact	2026-08-18T15:23:51.0789534Z /home/runner/work/Redliner101/Redliner101/Common/src/main/java/at/petrak/hexcasting/datagen/tag/HexActionTagProvider.java:34: error: cannot find symbol
Fabric 1.21.11 build	Build Fabric artifact	2026-08-18T15:23:51.0789973Z             tag(ersatzActionTag(HexTags.Actions.CAN_START_ENLIGHTEN)).add(key);
Fabric 1.21.11 build	Build Fabric artifact	2026-08-18T15:23:51.0790104Z             ^
Fabric 1.21.11 build	Build Fabric artifact	2026-08-18T15:23:51.0790296Z   symbol:   method tag(TagKey<ActionRegistryEntry>)
Fabric 1.21.11 build	Build Fabric artifact	2026-08-18T15:23:51.0790457Z   location: class HexActionTagProvider
Fabric 1.21.11 build	Build Fabric artifact	2026-08-18T15:23:51.0791165Z /home/runner/work/Redliner101/Redliner101/Common/src/main/java/at/petrak/hexcasting/datagen/tag/HexActionTagProvider.java:35: error: cannot find symbol
Fabric 1.21.11 build	Build Fabric artifact	2026-08-18T15:23:51.0791473Z             tag(ersatzActionTag(HexTags.Actions.PER_WORLD_PATTERN)).add(key);
Fabric 1.21.11 build	Build Fabric artifact	2026-08-18T15:23:51.0791582Z             ^
Fabric 1.21.11 build	Build Fabric artifact	2026-08-18T15:23:51.0791768Z   symbol:   method tag(TagKey<ActionRegistryEntry>)
Fabric 1.21.11 build	Build Fabric artifact	2026-08-18T15:23:51.0791940Z   location: class HexActionTagProvider
Fabric 1.21.11 build	Build Fabric artifact	2026-08-18T15:23:51.0792645Z /home/runner/work/Redliner101/Redliner101/Common/src/main/java/at/petrak/hexcasting/datagen/tag/HexBlockTagProvider.java:29: error: cannot find symbol
Fabric 1.21.11 build	Build Fabric artifact	2026-08-18T15:23:51.0792916Z         add(tag(HexTags.Blocks.IMPETI),
Fabric 1.21.11 build	Build Fabric artifact	2026-08-18T15:23:51.0793025Z             ^
Fabric 1.21.11 build	Build Fabric artifact	2026-08-18T15:23:51.0793188Z   symbol:   method tag(TagKey<Block>)
Fabric 1.21.11 build	Build Fabric artifact	2026-08-18T15:23:51.0793343Z   location: class HexBlockTagProvider
Fabric 1.21.11 build	Build Fabric artifact	2026-08-18T15:23:51.0794067Z /home/runner/work/Redliner101/Redliner101/Common/src/main/java/at/petrak/hexcasting/datagen/tag/HexBlockTagProvider.java:31: error: cannot find symbol
Fabric 1.21.11 build	Build Fabric artifact	2026-08-18T15:23:51.0794231Z         add(tag(HexTags.Blocks.DIRECTRICES),
Fabric 1.21.11 build	Build Fabric artifact	2026-08-18T15:23:51.0794342Z             ^
Fabric 1.21.11 build	Build Fabric artifact	2026-08-18T15:23:51.0794468Z   symbol:   method tag(TagKey<Block>)
Fabric 1.21.11 build	Build Fabric artifact	2026-08-18T15:23:51.0794595Z   location: class HexBlockTagProvider
Fabric 1.21.11 build	Build Fabric artifact	2026-08-18T15:23:51.0795299Z /home/runner/work/Redliner101/Redliner101/Common/src/main/java/at/petrak/hexcasting/datagen/tag/HexBlockTagProvider.java:33: error: cannot find symbol
Fabric 1.21.11 build	Build Fabric artifact	2026-08-18T15:23:51.0795507Z         tag(HexTags.Blocks.MINDFLAYED_CIRCLE_COMPONENTS)
Fabric 1.21.11 build	Build Fabric artifact	2026-08-18T15:23:51.0795620Z         ^
Fabric 1.21.11 build	Build Fabric artifact	2026-08-18T15:23:51.0795750Z   symbol:   method tag(TagKey<Block>)
Fabric 1.21.11 build	Build Fabric artifact	2026-08-18T15:23:51.0795983Z   location: class HexBlockTagProvider
Fabric 1.21.11 build	Build Fabric artifact	2026-08-18T15:23:51.0796642Z /home/runner/work/Redliner101/Redliner101/Common/src/main/java/at/petrak/hexcasting/datagen/tag/HexBlockTagProvider.java:37: error: cannot find symbol
Fabric 1.21.11 build	Build Fabric artifact	2026-08-18T15:23:51.0796820Z         add(tag(BlockTags.MINEABLE_WITH_PICKAXE),
Fabric 1.21.11 build	Build Fabric artifact	2026-08-18T15:23:51.0796928Z             ^
Fabric 1.21.11 build	Build Fabric artifact	2026-08-18T15:23:51.0797070Z   symbol:   method tag(TagKey<Block>)
Fabric 1.21.11 build	Build Fabric artifact	2026-08-18T15:23:51.0797215Z   location: class HexBlockTagProvider
Fabric 1.21.11 build	Build Fabric artifact	2026-08-18T15:23:51.0797973Z /home/runner/work/Redliner101/Redliner101/Common/src/main/java/at/petrak/hexcasting/datagen/tag/HexBlockTagProvider.java:49: error: cannot find symbol
Fabric 1.21.11 build	Build Fabric artifact	2026-08-18T15:23:51.0798148Z         add(tag(BlockTags.MINEABLE_WITH_SHOVEL),
Fabric 1.21.11 build	Build Fabric artifact	2026-08-18T15:23:51.0798270Z             ^
Fabric 1.21.11 build	Build Fabric artifact	2026-08-18T15:23:51.0798410Z   symbol:   method tag(TagKey<Block>)
Fabric 1.21.11 build	Build Fabric artifact	2026-08-18T15:23:51.0798566Z   location: class HexBlockTagProvider
Fabric 1.21.11 build	Build Fabric artifact	2026-08-18T15:23:51.0799298Z /home/runner/work/Redliner101/Redliner101/Common/src/main/java/at/petrak/hexcasting/datagen/tag/HexBlockTagProvider.java:52: error: cannot find symbol
Fabric 1.21.11 build	Build Fabric artifact	2026-08-18T15:23:51.0799480Z         add(tag(BlockTags.MINEABLE_WITH_AXE),
Fabric 1.21.11 build	Build Fabric artifact	2026-08-18T15:23:51.0799732Z             ^
Fabric 1.21.11 build	Build Fabric artifact	2026-08-18T15:23:51.0799892Z   symbol:   method tag(TagKey<Block>)
Fabric 1.21.11 build	Build Fabric artifact	2026-08-18T15:23:51.0800053Z   location: class HexBlockTagProvider
Fabric 1.21.11 build	Build Fabric artifact	2026-08-18T15:23:51.0800812Z /home/runner/work/Redliner101/Redliner101/Common/src/main/java/at/petrak/hexcasting/datagen/tag/HexBlockTagProvider.java:62: error: cannot find symbol
Fabric 1.21.11 build	Build Fabric artifact	2026-08-18T15:23:51.0801036Z         add(tag(BlockTags.MINEABLE_WITH_HOE),
Fabric 1.21.11 build	Build Fabric artifact	2026-08-18T15:23:51.0801403Z             ^
Fabric 1.21.11 build	Build Fabric artifact	2026-08-18T15:23:51.0801628Z   symbol:   method tag(TagKey<Block>)
Fabric 1.21.11 build	Build Fabric artifact	2026-08-18T15:23:51.0801784Z   location: class HexBlockTagProvider
Fabric 1.21.11 build	Build Fabric artifact	2026-08-18T15:23:51.0802723Z /home/runner/work/Redliner101/Redliner101/Common/src/main/java/at/petrak/hexcasting/datagen/tag/HexBlockTagProvider.java:66: error: cannot find symbol
Fabric 1.21.11 build	Build Fabric artifact	2026-08-18T15:23:51.0802902Z         add(tag(BlockTags.CRYSTAL_SOUND_BLOCKS),
Fabric 1.21.11 build	Build Fabric artifact	2026-08-18T15:23:51.0803027Z             ^
Fabric 1.21.11 build	Build Fabric artifact	2026-08-18T15:23:51.0803170Z   symbol:   method tag(TagKey<Block>)
Fabric 1.21.11 build	Build Fabric artifact	2026-08-18T15:23:51.0803316Z   location: class HexBlockTagProvider
Fabric 1.21.11 build	Build Fabric artifact	2026-08-18T15:23:51.0804073Z /home/runner/work/Redliner101/Redliner101/Common/src/main/java/at/petrak/hexcasting/datagen/tag/HexBlockTagProvider.java:70: error: cannot find symbol
Fabric 1.21.11 build	Build Fabric artifact	2026-08-18T15:23:51.0804252Z         add(tag(HexTags.Blocks.EDIFIED_LOGS),
Fabric 1.21.11 build	Build Fabric artifact	2026-08-18T15:23:51.0804374Z             ^
Fabric 1.21.11 build	Build Fabric artifact	2026-08-18T15:23:51.0804518Z   symbol:   method tag(TagKey<Block>)
Fabric 1.21.11 build	Build Fabric artifact	2026-08-18T15:23:51.0804680Z   location: class HexBlockTagProvider
Fabric 1.21.11 build	Build Fabric artifact	2026-08-18T15:23:51.0805460Z /home/runner/work/Redliner101/Redliner101/Common/src/main/java/at/petrak/hexcasting/datagen/tag/HexBlockTagProvider.java:75: error: cannot find symbol
Fabric 1.21.11 build	Build Fabric artifact	2026-08-18T15:23:51.0805621Z         add(tag(BlockTags.LOGS),
Fabric 1.21.11 build	Build Fabric artifact	2026-08-18T15:23:51.0805731Z             ^
Fabric 1.21.11 build	Build Fabric artifact	2026-08-18T15:23:51.0805882Z   symbol:   method tag(TagKey<Block>)
Fabric 1.21.11 build	Build Fabric artifact	2026-08-18T15:23:51.0806035Z   location: class HexBlockTagProvider
Fabric 1.21.11 build	Build Fabric artifact	2026-08-18T15:23:51.0806967Z /home/runner/work/Redliner101/Redliner101/Common/src/main/java/at/petrak/hexcasting/datagen/tag/HexBlockTagProvider.java:80: error: cannot find symbol
Fabric 1.21.11 build	Build Fabric artifact	2026-08-18T15:23:51.0807126Z         add(tag(BlockTags.LOGS_THAT_BURN),
Fabric 1.21.11 build	Build Fabric artifact	2026-08-18T15:23:51.0807245Z             ^
Fabric 1.21.11 build	Build Fabric artifact	2026-08-18T15:23:51.0807383Z   symbol:   method tag(TagKey<Block>)
Fabric 1.21.11 build	Build Fabric artifact	2026-08-18T15:23:51.0807543Z   location: class HexBlockTagProvider
Fabric 1.21.11 build	Build Fabric artifact	2026-08-18T15:23:51.0808285Z /home/runner/work/Redliner101/Redliner101/Common/src/main/java/at/petrak/hexcasting/datagen/tag/HexBlockTagProvider.java:85: error: cannot find symbol
Fabric 1.21.11 build	Build Fabric artifact	2026-08-18T15:23:51.0808441Z         add(tag(BlockTags.LEAVES),
Fabric 1.21.11 build	Build Fabric artifact	2026-08-18T15:23:51.0808552Z             ^
Fabric 1.21.11 build	Build Fabric artifact	2026-08-18T15:23:51.0808710Z   symbol:   method tag(TagKey<Block>)
Fabric 1.21.11 build	Build Fabric artifact	2026-08-18T15:23:51.0808853Z   location: class HexBlockTagProvider
Fabric 1.21.11 build	Build Fabric artifact	2026-08-18T15:23:51.0809438Z /home/runner/work/Redliner101/Redliner101/Common/src/main/java/at/petrak/hexcasting/datagen/tag/HexBlockTagProvider.java:89: error: cannot find symbol
Fabric 1.21.11 build	Build Fabric artifact	2026-08-18T15:23:51.0809568Z         add(tag(BlockTags.PLANKS),
Fabric 1.21.11 build	Build Fabric artifact	2026-08-18T15:23:51.0809824Z             ^
Fabric 1.21.11 build	Build Fabric artifact	2026-08-18T15:23:51.0809981Z   symbol:   method tag(TagKey<Block>)
Fabric 1.21.11 build	Build Fabric artifact	2026-08-18T15:23:51.0810114Z   location: class HexBlockTagProvider
Fabric 1.21.11 build	Build Fabric artifact	2026-08-18T15:23:51.0810709Z /home/runner/work/Redliner101/Redliner101/Common/src/main/java/at/petrak/hexcasting/datagen/tag/HexBlockTagProvider.java:91: error: cannot find symbol
Fabric 1.21.11 build	Build Fabric artifact	2026-08-18T15:23:51.0810879Z         add(tag(HexTags.Blocks.EDIFIED_PLANKS),
Fabric 1.21.11 build	Build Fabric artifact	2026-08-18T15:23:51.0810983Z             ^
Fabric 1.21.11 build	Build Fabric artifact	2026-08-18T15:23:51.0811114Z   symbol:   method tag(TagKey<Block>)
Fabric 1.21.11 build	Build Fabric artifact	2026-08-18T15:23:51.0811266Z   location: class HexBlockTagProvider
Fabric 1.21.11 build	Build Fabric artifact	2026-08-18T15:23:51.0811941Z /home/runner/work/Redliner101/Redliner101/Common/src/main/java/at/petrak/hexcasting/datagen/tag/HexBlockTagProvider.java:93: error: cannot find symbol
Fabric 1.21.11 build	Build Fabric artifact	2026-08-18T15:23:51.0812092Z         add(tag(BlockTags.SLABS),
Fabric 1.21.11 build	Build Fabric artifact	2026-08-18T15:23:51.0812189Z             ^
Fabric 1.21.11 build	Build Fabric artifact	2026-08-18T15:23:51.0812334Z   symbol:   method tag(TagKey<Block>)
Fabric 1.21.11 build	Build Fabric artifact	2026-08-18T15:23:51.0812473Z   location: class HexBlockTagProvider
Fabric 1.21.11 build	Build Fabric artifact	2026-08-18T15:23:51.0813161Z /home/runner/work/Redliner101/Redliner101/Common/src/main/java/at/petrak/hexcasting/datagen/tag/HexBlockTagProvider.java:95: error: cannot find symbol
Fabric 1.21.11 build	Build Fabric artifact	2026-08-18T15:23:51.0813309Z         add(tag(BlockTags.WOODEN_SLABS),
Fabric 1.21.11 build	Build Fabric artifact	2026-08-18T15:23:51.0813460Z             ^
Fabric 1.21.11 build	Build Fabric artifact	2026-08-18T15:23:51.0813605Z   symbol:   method tag(TagKey<Block>)
Fabric 1.21.11 build	Build Fabric artifact	2026-08-18T15:23:51.0813745Z   location: class HexBlockTagProvider
Fabric 1.21.11 build	Build Fabric artifact	2026-08-18T15:23:51.0814485Z /home/runner/work/Redliner101/Redliner101/Common/src/main/java/at/petrak/hexcasting/datagen/tag/HexBlockTagProvider.java:97: error: cannot find symbol
Fabric 1.21.11 build	Build Fabric artifact	2026-08-18T15:23:51.0814627Z         add(tag(BlockTags.STAIRS),
Fabric 1.21.11 build	Build Fabric artifact	2026-08-18T15:23:51.0814884Z             ^
Fabric 1.21.11 build	Build Fabric artifact	2026-08-18T15:23:51.0815027Z   symbol:   method tag(TagKey<Block>)
Fabric 1.21.11 build	Build Fabric artifact	2026-08-18T15:23:51.0815191Z   location: class HexBlockTagProvider
Fabric 1.21.11 build	Build Fabric artifact	2026-08-18T15:23:51.0815949Z /home/runner/work/Redliner101/Redliner101/Common/src/main/java/at/petrak/hexcasting/datagen/tag/HexBlockTagProvider.java:99: error: cannot find symbol
Fabric 1.21.11 build	Build Fabric artifact	2026-08-18T15:23:51.0816105Z         add(tag(BlockTags.FENCES),
Fabric 1.21.11 build	Build Fabric artifact	2026-08-18T15:23:51.0816210Z             ^
Fabric 1.21.11 build	Build Fabric artifact	2026-08-18T15:23:51.0816557Z   symbol:   method tag(TagKey<Block>)
Fabric 1.21.11 build	Build Fabric artifact	2026-08-18T15:23:51.0816709Z   location: class HexBlockTagProvider
Fabric 1.21.11 build	Build Fabric artifact	2026-08-18T15:23:51.0817786Z /home/runner/work/Redliner101/Redliner101/Common/src/main/java/at/petrak/hexcasting/datagen/tag/HexBlockTagProvider.java:101: error: cannot find symbol
Fabric 1.21.11 build	Build Fabric artifact	2026-08-18T15:23:51.0817964Z         add(tag(BlockTags.WOODEN_FENCES),
Fabric 1.21.11 build	Build Fabric artifact	2026-08-18T15:23:51.0818074Z             ^
Fabric 1.21.11 build	Build Fabric artifact	2026-08-18T15:23:51.0818229Z   symbol:   method tag(TagKey<Block>)
Fabric 1.21.11 build	Build Fabric artifact	2026-08-18T15:23:51.0818379Z   location: class HexBlockTagProvider
Fabric 1.21.11 build	Build Fabric artifact	2026-08-18T15:23:51.0819163Z /home/runner/work/Redliner101/Redliner101/Common/src/main/java/at/petrak/hexcasting/datagen/tag/HexBlockTagProvider.java:103: error: cannot find symbol
Fabric 1.21.11 build	Build Fabric artifact	2026-08-18T15:23:51.0819317Z         add(tag(BlockTags.FENCE_GATES),
Fabric 1.21.11 build	Build Fabric artifact	2026-08-18T15:23:51.0819557Z             ^
Fabric 1.21.11 build	Build Fabric artifact	2026-08-18T15:23:51.0819831Z   symbol:   method tag(TagKey<Block>)
Fabric 1.21.11 build	Build Fabric artifact	2026-08-18T15:23:51.0820010Z   location: class HexBlockTagProvider
Fabric 1.21.11 build	Build Fabric artifact	2026-08-18T15:23:51.0820811Z /home/runner/work/Redliner101/Redliner101/Common/src/main/java/at/petrak/hexcasting/datagen/tag/HexBlockTagProvider.java:105: error: cannot find symbol
Fabric 1.21.11 build	Build Fabric artifact	2026-08-18T15:23:51.0821011Z         add(tag(BlockTags.UNSTABLE_BOTTOM_CENTER),
Fabric 1.21.11 build	Build Fabric artifact	2026-08-18T15:23:51.0821120Z             ^
Fabric 1.21.11 build	Build Fabric artifact	2026-08-18T15:23:51.0821273Z   symbol:   method tag(TagKey<Block>)
Fabric 1.21.11 build	Build Fabric artifact	2026-08-18T15:23:51.0821428Z   location: class HexBlockTagProvider
Fabric 1.21.11 build	Build Fabric artifact	2026-08-18T15:23:51.0822166Z /home/runner/work/Redliner101/Redliner101/Common/src/main/java/at/petrak/hexcasting/datagen/tag/HexBlockTagProvider.java:109: error: cannot find symbol
Fabric 1.21.11 build	Build Fabric artifact	2026-08-18T15:23:51.0822332Z         add(tag(BlockTags.WOODEN_FENCES),
Fabric 1.21.11 build	Build Fabric artifact	2026-08-18T15:23:51.0822448Z             ^
Fabric 1.21.11 build	Build Fabric artifact	2026-08-18T15:23:51.0822600Z   symbol:   method tag(TagKey<Block>)
Fabric 1.21.11 build	Build Fabric artifact	2026-08-18T15:23:51.0822750Z   location: class HexBlockTagProvider
Fabric 1.21.11 build	Build Fabric artifact	2026-08-18T15:23:51.0823517Z /home/runner/work/Redliner101/Redliner101/Common/src/main/java/at/petrak/hexcasting/datagen/tag/HexBlockTagProvider.java:111: error: cannot find symbol
Fabric 1.21.11 build	Build Fabric artifact	2026-08-18T15:23:51.0823675Z         add(tag(BlockTags.WOODEN_STAIRS),
Fabric 1.21.11 build	Build Fabric artifact	2026-08-18T15:23:51.0823791Z             ^
Fabric 1.21.11 build	Build Fabric artifact	2026-08-18T15:23:51.0823931Z   symbol:   method tag(TagKey<Block>)
Fabric 1.21.11 build	Build Fabric artifact	2026-08-18T15:23:51.0824089Z   location: class HexBlockTagProvider
Fabric 1.21.11 build	Build Fabric artifact	2026-08-18T15:23:51.0824831Z /home/runner/work/Redliner101/Redliner101/Common/src/main/java/at/petrak/hexcasting/datagen/tag/HexBlockTagProvider.java:113: error: cannot find symbol
Fabric 1.21.11 build	Build Fabric artifact	2026-08-18T15:23:51.0824990Z         add(tag(BlockTags.DOORS),
Fabric 1.21.11 build	Build Fabric artifact	2026-08-18T15:23:51.0825097Z             ^
Fabric 1.21.11 build	Build Fabric artifact	2026-08-18T15:23:51.0825253Z   symbol:   method tag(TagKey<Block>)
Fabric 1.21.11 build	Build Fabric artifact	2026-08-18T15:23:51.0825404Z   location: class HexBlockTagProvider
Fabric 1.21.11 build	Build Fabric artifact	2026-08-18T15:23:51.0826155Z /home/runner/work/Redliner101/Redliner101/Common/src/main/java/at/petrak/hexcasting/datagen/tag/HexBlockTagProvider.java:115: error: cannot find symbol
Fabric 1.21.11 build	Build Fabric artifact	2026-08-18T15:23:51.0826308Z         add(tag(BlockTags.WOODEN_DOORS),
Fabric 1.21.11 build	Build Fabric artifact	2026-08-18T15:23:51.0826425Z             ^
Fabric 1.21.11 build	Build Fabric artifact	2026-08-18T15:23:51.0826566Z   symbol:   method tag(TagKey<Block>)
Fabric 1.21.11 build	Build Fabric artifact	2026-08-18T15:23:51.0826725Z   location: class HexBlockTagProvider
Fabric 1.21.11 build	Build Fabric artifact	2026-08-18T15:23:51.0827451Z /home/runner/work/Redliner101/Redliner101/Common/src/main/java/at/petrak/hexcasting/datagen/tag/HexBlockTagProvider.java:117: error: cannot find symbol
Fabric 1.21.11 build	Build Fabric artifact	2026-08-18T15:23:51.0827578Z         add(tag(BlockTags.TRAPDOORS),
Fabric 1.21.11 build	Build Fabric artifact	2026-08-18T15:23:51.0827681Z             ^
Fabric 1.21.11 build	Build Fabric artifact	2026-08-18T15:23:51.0827815Z   symbol:   method tag(TagKey<Block>)
Fabric 1.21.11 build	Build Fabric artifact	2026-08-18T15:23:51.0827967Z   location: class HexBlockTagProvider
Fabric 1.21.11 build	Build Fabric artifact	2026-08-18T15:23:51.0828691Z /home/runner/work/Redliner101/Redliner101/Common/src/main/java/at/petrak/hexcasting/datagen/tag/HexBlockTagProvider.java:119: error: cannot find symbol
Fabric 1.21.11 build	Build Fabric artifact	2026-08-18T15:23:51.0829085Z         add(tag(BlockTags.WOODEN_TRAPDOORS),
Fabric 1.21.11 build	Build Fabric artifact	2026-08-18T15:23:51.0829207Z             ^
Fabric 1.21.11 build	Build Fabric artifact	2026-08-18T15:23:51.0829369Z   symbol:   method tag(TagKey<Block>)
Fabric 1.21.11 build	Build Fabric artifact	2026-08-18T15:23:51.0829524Z   location: class HexBlockTagProvider
Fabric 1.21.11 build	Build Fabric artifact	2026-08-18T15:23:51.0830363Z /home/runner/work/Redliner101/Redliner101/Common/src/main/java/at/petrak/hexcasting/datagen/tag/HexBlockTagProvider.java:121: error: cannot find symbol
Fabric 1.21.11 build	Build Fabric artifact	2026-08-18T15:23:51.0830552Z         add(tag(BlockTags.PRESSURE_PLATES),
Fabric 1.21.11 build	Build Fabric artifact	2026-08-18T15:23:51.0830671Z             ^
Fabric 1.21.11 build	Build Fabric artifact	2026-08-18T15:23:51.0830811Z   symbol:   method tag(TagKey<Block>)
Fabric 1.21.11 build	Build Fabric artifact	2026-08-18T15:23:51.0830958Z   location: class HexBlockTagProvider
Fabric 1.21.11 build	Build Fabric artifact	2026-08-18T15:23:51.0831673Z /home/runner/work/Redliner101/Redliner101/Common/src/main/java/at/petrak/hexcasting/datagen/tag/HexBlockTagProvider.java:123: error: cannot find symbol
Fabric 1.21.11 build	Build Fabric artifact	2026-08-18T15:23:51.0831865Z         add(tag(BlockTags.WOODEN_PRESSURE_PLATES),
Fabric 1.21.11 build	Build Fabric artifact	2026-08-18T15:23:51.0831986Z             ^
Fabric 1.21.11 build	Build Fabric artifact	2026-08-18T15:23:51.0832122Z   symbol:   method tag(TagKey<Block>)
Fabric 1.21.11 build	Build Fabric artifact	2026-08-18T15:23:51.0832280Z   location: class HexBlockTagProvider
Fabric 1.21.11 build	Build Fabric artifact	2026-08-18T15:23:51.0833013Z /home/runner/work/Redliner101/Redliner101/Common/src/main/java/at/petrak/hexcasting/datagen/tag/HexBlockTagProvider.java:125: error: cannot find symbol
Fabric 1.21.11 build	Build Fabric artifact	2026-08-18T15:23:51.0833267Z         add(tag(BlockTags.BUTTONS),
Fabric 1.21.11 build	Build Fabric artifact	2026-08-18T15:23:51.0833374Z             ^
Fabric 1.21.11 build	Build Fabric artifact	2026-08-18T15:23:51.0833527Z   symbol:   method tag(TagKey<Block>)
Fabric 1.21.11 build	Build Fabric artifact	2026-08-18T15:23:51.0833677Z   location: class HexBlockTagProvider
Fabric 1.21.11 build	Build Fabric artifact	2026-08-18T15:23:51.0834411Z /home/runner/work/Redliner101/Redliner101/Common/src/main/java/at/petrak/hexcasting/datagen/tag/HexBlockTagProvider.java:127: error: cannot find symbol
Fabric 1.21.11 build	Build Fabric artifact	2026-08-18T15:23:51.0834555Z         add(tag(BlockTags.WOODEN_BUTTONS),
Fabric 1.21.11 build	Build Fabric artifact	2026-08-18T15:23:51.0834671Z             ^
Fabric 1.21.11 build	Build Fabric artifact	2026-08-18T15:23:51.0834813Z   symbol:   method tag(TagKey<Block>)
Fabric 1.21.11 build	Build Fabric artifact	2026-08-18T15:23:51.0834984Z   location: class HexBlockTagProvider
Fabric 1.21.11 build	Build Fabric artifact	2026-08-18T15:23:51.0835733Z /home/runner/work/Redliner101/Redliner101/Common/src/main/java/at/petrak/hexcasting/datagen/tag/HexBlockTagProvider.java:130: error: cannot find symbol
Fabric 1.21.11 build	Build Fabric artifact	2026-08-18T15:23:51.0835917Z         add(tag(HexTags.Blocks.WATER_PLANTS),
Fabric 1.21.11 build	Build Fabric artifact	2026-08-18T15:23:51.0836034Z             ^
Fabric 1.21.11 build	Build Fabric artifact	2026-08-18T15:23:51.0836180Z   symbol:   method tag(TagKey<Block>)
Fabric 1.21.11 build	Build Fabric artifact	2026-08-18T15:23:51.0836340Z   location: class HexBlockTagProvider
Fabric 1.21.11 build	Build Fabric artifact	2026-08-18T15:23:51.0837165Z /home/runner/work/Redliner101/Redliner101/Common/src/main/java/at/petrak/hexcasting/datagen/tag/HexBlockTagProvider.java:132: error: cannot find symbol
Fabric 1.21.11 build	Build Fabric artifact	2026-08-18T15:23:51.0837566Z         add(tag(HexTags.Blocks.CHEAP_TO_BREAK_BLOCK),
Fabric 1.21.11 build	Build Fabric artifact	2026-08-18T15:23:51.0837677Z             ^
Fabric 1.21.11 build	Build Fabric artifact	2026-08-18T15:23:51.0837825Z   symbol:   method tag(TagKey<Block>)
Fabric 1.21.11 build	Build Fabric artifact	2026-08-18T15:23:51.0837974Z   location: class HexBlockTagProvider
Fabric 1.21.11 build	Build Fabric artifact	2026-08-18T15:23:51.0838735Z /home/runner/work/Redliner101/Redliner101/Common/src/main/java/at/petrak/hexcasting/datagen/tag/HexBlockTagProvider.java:135: error: cannot find symbol
Fabric 1.21.11 build	Build Fabric artifact	2026-08-18T15:23:51.0838912Z         add(tag(HexTags.Blocks.SLATE_BLOCKS),
Fabric 1.21.11 build	Build Fabric artifact	2026-08-18T15:23:51.0839030Z             ^
Fabric 1.21.11 build	Build Fabric artifact	2026-08-18T15:23:51.0839171Z   symbol:   method tag(TagKey<Block>)
Fabric 1.21.11 build	Build Fabric artifact	2026-08-18T15:23:51.0839318Z   location: class HexBlockTagProvider
Fabric 1.21.11 build	Build Fabric artifact	2026-08-18T15:23:51.0840237Z /home/runner/work/Redliner101/Redliner101/Common/src/main/java/at/petrak/hexcasting/datagen/tag/HexBlockTagProvider.java:137: error: cannot find symbol
Fabric 1.21.11 build	Build Fabric artifact	2026-08-18T15:23:51.0840443Z         add(tag(HexTags.Blocks.AMETHYST_BLOCKS),
Fabric 1.21.11 build	Build Fabric artifact	2026-08-18T15:23:51.0840553Z             ^
Fabric 1.21.11 build	Build Fabric artifact	2026-08-18T15:23:51.0840707Z   symbol:   method tag(TagKey<Block>)
Fabric 1.21.11 build	Build Fabric artifact	2026-08-18T15:23:51.0840868Z   location: class HexBlockTagProvider
Fabric 1.21.11 build	Build Fabric artifact	2026-08-18T15:23:51.0841651Z /home/runner/work/Redliner101/Redliner101/Common/src/main/java/at/petrak/hexcasting/datagen/tag/HexBlockTagProvider.java:139: error: cannot find symbol
Fabric 1.21.11 build	Build Fabric artifact	2026-08-18T15:23:51.0841865Z         add(tag(HexTags.Blocks.QUENCHED_ALLAY_BLOCKS),
Fabric 1.21.11 build	Build Fabric artifact	2026-08-18T15:23:51.0842144Z             ^
Fabric 1.21.11 build	Build Fabric artifact	2026-08-18T15:23:51.0842299Z   symbol:   method tag(TagKey<Block>)
Fabric 1.21.11 build	Build Fabric artifact	2026-08-18T15:23:51.0842448Z   location: class HexBlockTagProvider
Fabric 1.21.11 build	Build Fabric artifact	2026-08-18T15:23:51.0843243Z /home/runner/work/Redliner101/Redliner101/Common/src/main/java/at/petrak/hexcasting/datagen/tag/HexBlockTagProvider.java:144: error: cannot find symbol
Fabric 1.21.11 build	Build Fabric artifact	2026-08-18T15:23:51.0843658Z         tag(createBrittle).addOptionalTag(BuiltInRegistries.BLOCK.getKey(HexBlocks.SLATE));
Fabric 1.21.11 build	Build Fabric artifact	2026-08-18T15:23:51.0843775Z         ^
Fabric 1.21.11 build	Build Fabric artifact	2026-08-18T15:23:51.0843918Z   symbol:   method tag(TagKey<Block>)
Fabric 1.21.11 build	Build Fabric artifact	2026-08-18T15:23:51.0844077Z   location: class HexBlockTagProvider
Fabric 1.21.11 build	Build Fabric artifact	2026-08-18T15:23:51.0844758Z /home/runner/work/Redliner101/Redliner101/Common/src/main/java/at/petrak/hexcasting/api/utils/CodecHelper.java:13: error: cannot find symbol
Fabric 1.21.11 build	Build Fabric artifact	2026-08-18T15:23:51.0844907Z         return Codec.unit(value);
Fabric 1.21.11 build	Build Fabric artifact	2026-08-18T15:23:51.0845022Z                     ^
Fabric 1.21.11 build	Build Fabric artifact	2026-08-18T15:23:51.0845178Z   symbol:   method unit(Supplier<T>)
Fabric 1.21.11 build	Build Fabric artifact	2026-08-18T15:23:51.0845326Z   location: interface Codec
Fabric 1.21.11 build	Build Fabric artifact	2026-08-18T15:23:51.0845484Z   where T is a type-variable:
Fabric 1.21.11 build	Build Fabric artifact	2026-08-18T15:23:51.0845736Z     T extends Object declared in method <T>unit(Supplier<T>)
Fabric 1.21.11 build	Build Fabric artifact	2026-08-18T15:23:51.0846504Z /home/runner/work/Redliner101/Redliner101/Common/src/main/java/at/petrak/hexcasting/mixin/MixinWanderingTrader.java:30: error: cannot find symbol
Fabric 1.21.11 build	Build Fabric artifact	2026-08-18T15:23:51.0847035Z         if (rand.nextFloat() < HexConfig.server().traderScrollChance() && self.getServer() != null) {
Fabric 1.21.11 build	Build Fabric artifact	2026-08-18T15:23:51.0847220Z                                                                               ^
Fabric 1.21.11 build	Build Fabric artifact	2026-08-18T15:23:51.0847388Z   symbol:   method getServer()
Fabric 1.21.11 build	Build Fabric artifact	2026-08-18T15:23:51.0847586Z   location: variable self of type WanderingTrader
Fabric 1.21.11 build	Build Fabric artifact	2026-08-18T15:23:51.0848327Z /home/runner/work/Redliner101/Redliner101/Common/src/main/java/at/petrak/hexcasting/mixin/MixinWanderingTrader.java:32: error: cannot find symbol
Fabric 1.21.11 build	Build Fabric artifact	2026-08-18T15:23:51.0848774Z             AddPerWorldPatternToScrollFunc.doStatic(scroll, rand, self.getServer().overworld());
Fabric 1.21.11 build	Build Fabric artifact	2026-08-18T15:23:51.0848967Z                                                                       ^
Fabric 1.21.11 build	Build Fabric artifact	2026-08-18T15:23:51.0849113Z   symbol:   method getServer()
Fabric 1.21.11 build	Build Fabric artifact	2026-08-18T15:23:51.0849318Z   location: variable self of type WanderingTrader
Fabric 1.21.11 build	Build Fabric artifact	2026-08-18T15:23:51.0850229Z /home/runner/work/Redliner101/Redliner101/Common/src/main/java/at/petrak/hexcasting/server/ScrungledPatternsSave.java:71: error: cannot find symbol
Fabric 1.21.11 build	Build Fabric artifact	2026-08-18T15:23:51.0850524Z             inner.putString(TAG_KEY, entry.key().location().toString());
Fabric 1.21.11 build	Build Fabric artifact	2026-08-18T15:23:51.0850676Z                                                 ^
Fabric 1.21.11 build	Build Fabric artifact	2026-08-18T15:23:51.0850816Z   symbol:   method location()
Fabric 1.21.11 build	Build Fabric artifact	2026-08-18T15:23:51.0851025Z   location: class ResourceKey<ActionRegistryEntry>
Fabric 1.21.11 build	Build Fabric artifact	2026-08-18T15:23:51.0851750Z /home/runner/work/Redliner101/Redliner101/Common/src/main/java/at/petrak/hexcasting/server/ScrungledPatternsSave.java:81: error: cannot find symbol
Fabric 1.21.11 build	Build Fabric artifact	2026-08-18T15:23:51.0851914Z         for (var sig : tag.getAllKeys()) {
Fabric 1.21.11 build	Build Fabric artifact	2026-08-18T15:23:51.0852042Z                           ^
Fabric 1.21.11 build	Build Fabric artifact	2026-08-18T15:23:51.0852192Z   symbol:   method getAllKeys()
Fabric 1.21.11 build	Build Fabric artifact	2026-08-18T15:23:51.0852367Z   location: variable tag of type CompoundTag
Fabric 1.21.11 build	Build Fabric artifact	2026-08-18T15:23:51.0853125Z /home/runner/work/Redliner101/Redliner101/Common/src/main/java/at/petrak/hexcasting/server/ScrungledPatternsSave.java:109: error: cannot find symbol
Fabric 1.21.11 build	Build Fabric artifact	2026-08-18T15:23:51.0853503Z                 var scrungledPat = EulerPathFinder.findAltDrawing(entry.prototype(), seed);
Fabric 1.21.11 build	Build Fabric artifact	2026-08-18T15:23:51.0853683Z                                                                        ^
Fabric 1.21.11 build	Build Fabric artifact	2026-08-18T15:23:51.0853827Z   symbol:   method prototype()
Fabric 1.21.11 build	Build Fabric artifact	2026-08-18T15:23:51.0854150Z   location: variable entry of type Optional<Reference<ActionRegistryEntry>>
Fabric 1.21.11 build	Build Fabric artifact	2026-08-18T15:23:51.0854893Z /home/runner/work/Redliner101/Redliner101/Common/src/main/java/at/petrak/hexcasting/datagen/tag/HexItemTagProvider.java:49: error: cannot find symbol
Fabric 1.21.11 build	Build Fabric artifact	2026-08-18T15:23:51.0855208Z         this.copy(HexTags.Blocks.EDIFIED_LOGS, HexTags.Items.EDIFIED_LOGS);
Fabric 1.21.11 build	Build Fabric artifact	2026-08-18T15:23:51.0855465Z             ^
Fabric 1.21.11 build	Build Fabric artifact	2026-08-18T15:23:51.0855659Z   symbol: method copy(TagKey<Block>,TagKey<Item>)
Fabric 1.21.11 build	Build Fabric artifact	2026-08-18T15:23:51.0856392Z /home/runner/work/Redliner101/Redliner101/Common/src/main/java/at/petrak/hexcasting/datagen/tag/HexItemTagProvider.java:50: error: cannot find symbol
Fabric 1.21.11 build	Build Fabric artifact	2026-08-18T15:23:51.0856722Z         this.copy(HexTags.Blocks.EDIFIED_PLANKS, HexTags.Items.EDIFIED_PLANKS);
Fabric 1.21.11 build	Build Fabric artifact	2026-08-18T15:23:51.0856844Z             ^
Fabric 1.21.11 build	Build Fabric artifact	2026-08-18T15:23:51.0857025Z   symbol: method copy(TagKey<Block>,TagKey<Item>)
Fabric 1.21.11 build	Build Fabric artifact	2026-08-18T15:23:51.0857765Z /home/runner/work/Redliner101/Redliner101/Common/src/main/java/at/petrak/hexcasting/datagen/tag/HexItemTagProvider.java:51: error: cannot find symbol
Fabric 1.21.11 build	Build Fabric artifact	2026-08-18T15:23:51.0858011Z         this.copy(HexTags.Blocks.IMPETI, HexTags.Items.IMPETI);
Fabric 1.21.11 build	Build Fabric artifact	2026-08-18T15:23:51.0858131Z             ^
Fabric 1.21.11 build	Build Fabric artifact	2026-08-18T15:23:51.0858312Z   symbol: method copy(TagKey<Block>,TagKey<Item>)
Fabric 1.21.11 build	Build Fabric artifact	2026-08-18T15:23:51.0859024Z /home/runner/work/Redliner101/Redliner101/Common/src/main/java/at/petrak/hexcasting/datagen/tag/HexItemTagProvider.java:52: error: cannot find symbol
Fabric 1.21.11 build	Build Fabric artifact	2026-08-18T15:23:51.0859326Z         this.copy(HexTags.Blocks.DIRECTRICES, HexTags.Items.DIRECTRICES);
Fabric 1.21.11 build	Build Fabric artifact	2026-08-18T15:23:51.0859437Z             ^
Fabric 1.21.11 build	Build Fabric artifact	2026-08-18T15:23:51.0859857Z   symbol: method copy(TagKey<Block>,TagKey<Item>)
Fabric 1.21.11 build	Build Fabric artifact	2026-08-18T15:23:51.0860593Z /home/runner/work/Redliner101/Redliner101/Common/src/main/java/at/petrak/hexcasting/datagen/tag/HexItemTagProvider.java:53: error: cannot find symbol
Fabric 1.21.11 build	Build Fabric artifact	2026-08-18T15:23:51.0861078Z         this.copy(HexTags.Blocks.MINDFLAYED_CIRCLE_COMPONENTS, HexTags.Items.MINDFLAYED_CIRCLE_COMPONENTS);
Fabric 1.21.11 build	Build Fabric artifact	2026-08-18T15:23:51.0861190Z             ^
Fabric 1.21.11 build	Build Fabric artifact	2026-08-18T15:23:51.0861381Z   symbol: method copy(TagKey<Block>,TagKey<Item>)
Fabric 1.21.11 build	Build Fabric artifact	2026-08-18T15:23:51.0862105Z /home/runner/work/Redliner101/Redliner101/Common/src/main/java/at/petrak/hexcasting/datagen/tag/HexItemTagProvider.java:54: error: cannot find symbol
Fabric 1.21.11 build	Build Fabric artifact	2026-08-18T15:23:51.0862405Z         this.copy(HexTags.Blocks.SLATE_BLOCKS, HexTags.Items.SLATE_BLOCKS);
Fabric 1.21.11 build	Build Fabric artifact	2026-08-18T15:23:51.0862522Z             ^
Fabric 1.21.11 build	Build Fabric artifact	2026-08-18T15:23:51.0862714Z   symbol: method copy(TagKey<Block>,TagKey<Item>)
Fabric 1.21.11 build	Build Fabric artifact	2026-08-18T15:23:51.0863440Z /home/runner/work/Redliner101/Redliner101/Common/src/main/java/at/petrak/hexcasting/datagen/tag/HexItemTagProvider.java:55: error: cannot find symbol
Fabric 1.21.11 build	Build Fabric artifact	2026-08-18T15:23:51.0863786Z         this.copy(HexTags.Blocks.AMETHYST_BLOCKS, HexTags.Items.AMETHYST_BLOCKS);
Fabric 1.21.11 build	Build Fabric artifact	2026-08-18T15:23:51.0863903Z             ^
Fabric 1.21.11 build	Build Fabric artifact	2026-08-18T15:23:51.0864083Z   symbol: method copy(TagKey<Block>,TagKey<Item>)
Fabric 1.21.11 build	Build Fabric artifact	2026-08-18T15:23:51.0864801Z /home/runner/work/Redliner101/Redliner101/Common/src/main/java/at/petrak/hexcasting/datagen/tag/HexItemTagProvider.java:56: error: cannot find symbol
Fabric 1.21.11 build	Build Fabric artifact	2026-08-18T15:23:51.0865197Z         this.copy(HexTags.Blocks.QUENCHED_ALLAY_BLOCKS, HexTags.Items.QUENCHED_ALLAY_BLOCKS);
Fabric 1.21.11 build	Build Fabric artifact	2026-08-18T15:23:51.0865315Z             ^
Fabric 1.21.11 build	Build Fabric artifact	2026-08-18T15:23:51.0865483Z   symbol: method copy(TagKey<Block>,TagKey<Item>)
Fabric 1.21.11 build	Build Fabric artifact	2026-08-18T15:23:51.0866210Z /home/runner/work/Redliner101/Redliner101/Common/src/main/java/at/petrak/hexcasting/datagen/tag/HexItemTagProvider.java:57: error: cannot find symbol
Fabric 1.21.11 build	Build Fabric artifact	2026-08-18T15:23:51.0866475Z         this.copy(BlockTags.LOGS_THAT_BURN, ItemTags.LOGS_THAT_BURN);
Fabric 1.21.11 build	Build Fabric artifact	2026-08-18T15:23:51.0866597Z             ^
Fabric 1.21.11 build	Build Fabric artifact	2026-08-18T15:23:51.0866778Z   symbol: method copy(TagKey<Block>,TagKey<Item>)
Fabric 1.21.11 build	Build Fabric artifact	2026-08-18T15:23:51.0867522Z /home/runner/work/Redliner101/Redliner101/Common/src/main/java/at/petrak/hexcasting/datagen/tag/HexItemTagProvider.java:58: error: cannot find symbol
Fabric 1.21.11 build	Build Fabric artifact	2026-08-18T15:23:51.0867704Z         this.copy(BlockTags.LOGS, ItemTags.LOGS);
Fabric 1.21.11 build	Build Fabric artifact	2026-08-18T15:23:51.0867822Z             ^
Fabric 1.21.11 build	Build Fabric artifact	2026-08-18T15:23:51.0868008Z   symbol: method copy(TagKey<Block>,TagKey<Item>)
Fabric 1.21.11 build	Build Fabric artifact	2026-08-18T15:23:51.0868712Z /home/runner/work/Redliner101/Redliner101/Common/src/main/java/at/petrak/hexcasting/datagen/tag/HexItemTagProvider.java:59: error: cannot find symbol
Fabric 1.21.11 build	Build Fabric artifact	2026-08-18T15:23:51.0868925Z         this.copy(BlockTags.PLANKS, ItemTags.PLANKS);
Fabric 1.21.11 build	Build Fabric artifact	2026-08-18T15:23:51.0869036Z             ^
Fabric 1.21.11 build	Build Fabric artifact	2026-08-18T15:23:51.0869358Z   symbol: method copy(TagKey<Block>,TagKey<Item>)
Fabric 1.21.11 build	Build Fabric artifact	2026-08-18T15:23:51.0870233Z /home/runner/work/Redliner101/Redliner101/Common/src/main/java/at/petrak/hexcasting/datagen/tag/HexItemTagProvider.java:60: error: cannot find symbol
Fabric 1.21.11 build	Build Fabric artifact	2026-08-18T15:23:51.0870459Z         this.copy(BlockTags.SLABS, ItemTags.SLABS);
Fabric 1.21.11 build	Build Fabric artifact	2026-08-18T15:23:51.0870575Z             ^
Fabric 1.21.11 build	Build Fabric artifact	2026-08-18T15:23:51.0870764Z   symbol: method copy(TagKey<Block>,TagKey<Item>)
Fabric 1.21.11 build	Build Fabric artifact	2026-08-18T15:23:51.0871515Z /home/runner/work/Redliner101/Redliner101/Common/src/main/java/at/petrak/hexcasting/datagen/tag/HexItemTagProvider.java:61: error: cannot find symbol
Fabric 1.21.11 build	Build Fabric artifact	2026-08-18T15:23:51.0871782Z         this.copy(BlockTags.WOODEN_SLABS, ItemTags.WOODEN_SLABS);
Fabric 1.21.11 build	Build Fabric artifact	2026-08-18T15:23:51.0871894Z             ^
Fabric 1.21.11 build	Build Fabric artifact	2026-08-18T15:23:51.0872089Z   symbol: method copy(TagKey<Block>,TagKey<Item>)
Fabric 1.21.11 build	Build Fabric artifact	2026-08-18T15:23:51.0872861Z /home/runner/work/Redliner101/Redliner101/Common/src/main/java/at/petrak/hexcasting/datagen/tag/HexItemTagProvider.java:62: error: cannot find symbol
Fabric 1.21.11 build	Build Fabric artifact	2026-08-18T15:23:51.0873069Z         this.copy(BlockTags.DOORS, ItemTags.DOORS);
Fabric 1.21.11 build	Build Fabric artifact	2026-08-18T15:23:51.0873190Z             ^
Fabric 1.21.11 build	Build Fabric artifact	2026-08-18T15:23:51.0873381Z   symbol: method copy(TagKey<Block>,TagKey<Item>)
Fabric 1.21.11 build	Build Fabric artifact	2026-08-18T15:23:51.0874285Z /home/runner/work/Redliner101/Redliner101/Common/src/main/java/at/petrak/hexcasting/datagen/tag/HexItemTagProvider.java:63: error: cannot find symbol
Fabric 1.21.11 build	Build Fabric artifact	2026-08-18T15:23:51.0874683Z         this.copy(BlockTags.WOODEN_DOORS, ItemTags.WOODEN_DOORS);
Fabric 1.21.11 build	Build Fabric artifact	2026-08-18T15:23:51.0874873Z             ^
Fabric 1.21.11 build	Build Fabric artifact	2026-08-18T15:23:51.0875340Z   symbol: method copy(TagKey<Block>,TagKey<Item>)
Fabric 1.21.11 build	Build Fabric artifact	2026-08-18T15:23:51.0876149Z /home/runner/work/Redliner101/Redliner101/Common/src/main/java/at/petrak/hexcasting/datagen/tag/HexItemTagProvider.java:64: error: cannot find symbol
Fabric 1.21.11 build	Build Fabric artifact	2026-08-18T15:23:51.0876462Z         this.copy(BlockTags.TRAPDOORS, ItemTags.TRAPDOORS);
Fabric 1.21.11 build	Build Fabric artifact	2026-08-18T15:23:51.0876610Z             ^
Fabric 1.21.11 build	Build Fabric artifact	2026-08-18T15:23:51.0876918Z   symbol: method copy(TagKey<Block>,TagKey<Item>)
Fabric 1.21.11 build	Build Fabric artifact	2026-08-18T15:23:51.0877692Z /home/runner/work/Redliner101/Redliner101/Common/src/main/java/at/petrak/hexcasting/datagen/tag/HexItemTagProvider.java:65: error: cannot find symbol
Fabric 1.21.11 build	Build Fabric artifact	2026-08-18T15:23:51.0878119Z         this.copy(BlockTags.WOODEN_TRAPDOORS, ItemTags.WOODEN_TRAPDOORS);
Fabric 1.21.11 build	Build Fabric artifact	2026-08-18T15:23:51.0878269Z             ^
Fabric 1.21.11 build	Build Fabric artifact	2026-08-18T15:23:51.0878532Z   symbol: method copy(TagKey<Block>,TagKey<Item>)
Fabric 1.21.11 build	Build Fabric artifact	2026-08-18T15:23:51.0879314Z /home/runner/work/Redliner101/Redliner101/Common/src/main/java/at/petrak/hexcasting/datagen/tag/HexItemTagProvider.java:66: error: cannot find symbol
Fabric 1.21.11 build	Build Fabric artifact	2026-08-18T15:23:51.0879880Z         this.copy(BlockTags.LEAVES, ItemTags.LEAVES);
Fabric 1.21.11 build	Build Fabric artifact	2026-08-18T15:23:51.0880137Z             ^
Fabric 1.21.11 build	Build Fabric artifact	2026-08-18T15:23:51.0880363Z   symbol: method copy(TagKey<Block>,TagKey<Item>)
Fabric 1.21.11 build	Build Fabric artifact	2026-08-18T15:23:51.0881180Z /home/runner/work/Redliner101/Redliner101/Common/src/main/java/at/petrak/hexcasting/datagen/tag/HexItemTagProvider.java:68: error: cannot find symbol
Fabric 1.21.11 build	Build Fabric artifact	2026-08-18T15:23:51.0881569Z         this.copy(BlockTags.WOODEN_PRESSURE_PLATES, ItemTags.WOODEN_PRESSURE_PLATES);
Fabric 1.21.11 build	Build Fabric artifact	2026-08-18T15:23:51.0881741Z             ^
Fabric 1.21.11 build	Build Fabric artifact	2026-08-18T15:23:51.0881983Z   symbol: method copy(TagKey<Block>,TagKey<Item>)
Fabric 1.21.11 build	Build Fabric artifact	2026-08-18T15:23:51.0882730Z /home/runner/work/Redliner101/Redliner101/Common/src/main/java/at/petrak/hexcasting/datagen/tag/HexItemTagProvider.java:69: error: cannot find symbol
Fabric 1.21.11 build	Build Fabric artifact	2026-08-18T15:23:51.0882969Z         this.copy(BlockTags.BUTTONS, ItemTags.BUTTONS);
Fabric 1.21.11 build	Build Fabric artifact	2026-08-18T15:23:51.0883154Z             ^
Fabric 1.21.11 build	Build Fabric artifact	2026-08-18T15:23:51.0883392Z   symbol: method copy(TagKey<Block>,TagKey<Item>)
Fabric 1.21.11 build	Build Fabric artifact	2026-08-18T15:23:51.0884168Z /home/runner/work/Redliner101/Redliner101/Common/src/main/java/at/petrak/hexcasting/datagen/tag/HexItemTagProvider.java:70: error: cannot find symbol
Fabric 1.21.11 build	Build Fabric artifact	2026-08-18T15:23:51.0884473Z         this.copy(BlockTags.WOODEN_BUTTONS, ItemTags.WOODEN_BUTTONS);
Fabric 1.21.11 build	Build Fabric artifact	2026-08-18T15:23:51.0884659Z             ^
Fabric 1.21.11 build	Build Fabric artifact	2026-08-18T15:23:51.0884910Z   symbol: method copy(TagKey<Block>,TagKey<Item>)
Fabric 1.21.11 build	Build Fabric artifact	2026-08-18T15:23:51.0885848Z /home/runner/work/Redliner101/Redliner101/Common/src/main/java/at/petrak/hexcasting/interop/inline/InlinePatternData.java:47: error: HoverEvent is abstract; cannot be instantiated
Fabric 1.21.11 build	Build Fabric artifact	2026-08-18T15:23:51.0886586Z         HoverEvent he = new HoverEvent(HoverEvent.Action.SHOW_ITEM, new HoverEvent.ItemStackInfo(scrollStack));
Fabric 1.21.11 build	Build Fabric artifact	2026-08-18T15:23:51.0886763Z                         ^
Fabric 1.21.11 build	Build Fabric artifact	2026-08-18T15:23:51.0887716Z /home/runner/work/Redliner101/Redliner101/Common/src/main/java/at/petrak/hexcasting/interop/inline/InlinePatternData.java:48: error: ClickEvent is abstract; cannot be instantiated
Fabric 1.21.11 build	Build Fabric artifact	2026-08-18T15:23:51.0888181Z         ClickEvent ce = new ClickEvent(ClickEvent.Action.COPY_TO_CLIPBOARD, pattern.toString());
Fabric 1.21.11 build	Build Fabric artifact	2026-08-18T15:23:51.0888381Z                         ^
Fabric 1.21.11 build	Build Fabric artifact	2026-08-18T15:23:51.0889528Z /home/runner/work/Redliner101/Redliner101/Common/src/main/java/at/petrak/hexcasting/datagen/recipe/HexplatRecipes.java:59: error: HexplatRecipes is not abstract and does not override abstract method buildRecipes() in RecipeProvider
Fabric 1.21.11 build	Build Fabric artifact	2026-08-18T15:23:51.0890079Z public class HexplatRecipes extends RecipeProvider {
Fabric 1.21.11 build	Build Fabric artifact	2026-08-18T15:23:51.0890274Z        ^
Fabric 1.21.11 build	Build Fabric artifact	2026-08-18T15:23:51.0891804Z /home/runner/work/Redliner101/Redliner101/Common/src/main/java/at/petrak/hexcasting/datagen/recipe/builders/CreateCrushingRecipeBuilder.java:23: error: CreateCrushingRecipeBuilder is not abstract and does not override abstract method save(RecipeOutput,ResourceKey<Recipe<?>>) in RecipeBuilder
Fabric 1.21.11 build	Build Fabric artifact	2026-08-18T15:23:51.0892275Z public class CreateCrushingRecipeBuilder implements RecipeBuilder {
Fabric 1.21.11 build	Build Fabric artifact	2026-08-18T15:23:51.0892403Z        ^
Fabric 1.21.11 build	Build Fabric artifact	2026-08-18T15:23:51.0894098Z /home/runner/work/Redliner101/Redliner101/Common/src/main/java/at/petrak/hexcasting/datagen/recipe/builders/FarmersDelightCuttingRecipeBuilder.java:19: error: FarmersDelightCuttingRecipeBuilder is not abstract and does not override abstract method save(RecipeOutput,ResourceKey<Recipe<?>>) in RecipeBuilder
Fabric 1.21.11 build	Build Fabric artifact	2026-08-18T15:23:51.0894473Z public class FarmersDelightCuttingRecipeBuilder implements RecipeBuilder {
Fabric 1.21.11 build	Build Fabric artifact	2026-08-18T15:23:51.0894690Z        ^
Fabric 1.21.11 build	Build Fabric artifact	2026-08-18T15:23:51.0896182Z /home/runner/work/Redliner101/Redliner101/Common/src/main/java/at/petrak/hexcasting/datagen/recipe/builders/BrainsweepRecipeBuilder.java:21: error: BrainsweepRecipeBuilder is not abstract and does not override abstract method save(RecipeOutput,ResourceKey<Recipe<?>>) in RecipeBuilder
Fabric 1.21.11 build	Build Fabric artifact	2026-08-18T15:23:51.0896474Z public class BrainsweepRecipeBuilder implements RecipeBuilder {
Fabric 1.21.11 build	Build Fabric artifact	2026-08-18T15:23:51.0896706Z        ^
Fabric 1.21.11 build	Build Fabric artifact	2026-08-18T15:23:51.0897852Z /home/runner/work/Redliner101/Redliner101/Common/src/main/java/at/petrak/hexcasting/common/recipe/ingredient/brainsweep/VillagerIngredient.java:93: error: incompatible types: CompoundTag cannot be converted to ValueOutput
Fabric 1.21.11 build	Build Fabric artifact	2026-08-18T15:23:51.0898060Z         out.save(tag);
Fabric 1.21.11 build	Build Fabric artifact	2026-08-18T15:23:51.0898206Z                  ^
Fabric 1.21.11 build	Build Fabric artifact	2026-08-18T15:23:51.0899303Z /home/runner/work/Redliner101/Redliner101/Common/src/main/java/at/petrak/hexcasting/interop/patchouli/AbstractPatternComponent.java:41: error: incompatible types: Matrix3x2fStack cannot be converted to PoseStack
Fabric 1.21.11 build	Build Fabric artifact	2026-08-18T15:23:51.0899549Z         PoseStack ps = graphics.pose();
Fabric 1.21.11 build	Build Fabric artifact	2026-08-18T15:23:51.0899950Z                                     ^
Fabric 1.21.11 build	Build Fabric artifact	2026-08-18T15:23:51.0901055Z /home/runner/work/Redliner101/Redliner101/Common/src/main/java/at/petrak/hexcasting/interop/patchouli/AbstractPatternComponent.java:74: error: incompatible types: Matrix3x2fStack cannot be converted to PoseStack
Fabric 1.21.11 build	Build Fabric artifact	2026-08-18T15:23:51.0901487Z             PatternRenderer.renderPattern(pattern, graphics.pose(), patSets, patCols, 0, 4);
Fabric 1.21.11 build	Build Fabric artifact	2026-08-18T15:23:51.0901712Z                                                                 ^
Fabric 1.21.11 build	Build Fabric artifact	2026-08-18T15:23:51.0902765Z /home/runner/work/Redliner101/Redliner101/Common/src/main/java/at/petrak/hexcasting/interop/patchouli/BrainsweepProcessor.java:71: error: incompatible types: CompoundTag cannot be converted to ValueOutput
Fabric 1.21.11 build	Build Fabric artifact	2026-08-18T15:23:51.0902984Z 					entity.save(tag);
Fabric 1.21.11 build	Build Fabric artifact	2026-08-18T15:23:51.0903130Z 					            ^
Fabric 1.21.11 build	Build Fabric artifact	2026-08-18T15:23:51.0904124Z /home/runner/work/Redliner101/Redliner101/Common/src/main/java/at/petrak/hexcasting/interop/utils/PatternDrawingUtil.java:25: error: incompatible types: int cannot be converted to Matrix3x2f
Fabric 1.21.11 build	Build Fabric artifact	2026-08-18T15:23:51.0904441Z         poseStack.translate(x, y, 1);
Fabric 1.21.11 build	Build Fabric artifact	2026-08-18T15:23:51.0904650Z                                   ^
Fabric 1.21.11 build	Build Fabric artifact	2026-08-18T15:23:51.0905738Z /home/runner/work/Redliner101/Redliner101/Common/src/main/java/at/petrak/hexcasting/interop/inline/InlinePatternRenderer.java:64: error: incompatible types: Style cannot be converted to InlineStyle
Fabric 1.21.11 build	Build Fabric artifact	2026-08-18T15:23:51.0906173Z         int glowyParentColor = ((InlineStyle) style).getComponent(InlineStyle.GLOWY_PARENT_COMP);
Fabric 1.21.11 build	Build Fabric artifact	2026-08-18T15:23:51.0906393Z                                               ^
Fabric 1.21.11 build	Build Fabric artifact	2026-08-18T15:23:51.0907370Z /home/runner/work/Redliner101/Redliner101/Common/src/main/java/at/petrak/hexcasting/interop/inline/InlinePatternRenderer.java:67: error: incompatible types: float cannot be converted to Matrix3x2f
Fabric 1.21.11 build	Build Fabric artifact	2026-08-18T15:23:51.0907793Z         drawContext.pose().translate(isGlowy ? -1f : 0, isGlowy ? -1.5f : -0.5f, 0f);
Fabric 1.21.11 build	Build Fabric artifact	2026-08-18T15:23:51.0908033Z                                                                                  ^
Fabric 1.21.11 build	Build Fabric artifact	2026-08-18T15:23:51.0909219Z /home/runner/work/Redliner101/Redliner101/Common/src/main/java/at/petrak/hexcasting/interop/inline/InlinePatternRenderer.java:70: error: incompatible types: Matrix3x2fStack cannot be converted to PoseStack
Fabric 1.21.11 build	Build Fabric artifact	2026-08-18T15:23:51.0909863Z         boolean isFlat = InlineRenderer.isFlat(drawContext.pose(), trContext.layerType());
Fabric 1.21.11 build	Build Fabric artifact	2026-08-18T15:23:51.0910071Z                                                                ^
Fabric 1.21.11 build	Build Fabric artifact	2026-08-18T15:23:51.0911117Z /home/runner/work/Redliner101/Redliner101/Common/src/main/java/at/petrak/hexcasting/datagen/HexLootTables.java:97: error: incompatible types: TagKey<Item> cannot be converted to HolderGetter<Item>
Fabric 1.21.11 build	Build Fabric artifact	2026-08-18T15:23:51.0911470Z             ItemPredicate.Builder.item().of(ItemTags.CLUSTER_MAX_HARVESTABLES)
Fabric 1.21.11 build	Build Fabric artifact	2026-08-18T15:23:51.0911692Z                                                     ^
Fabric 1.21.11 build	Build Fabric artifact	2026-08-18T15:23:51.0912657Z /home/runner/work/Redliner101/Redliner101/Common/src/main/java/at/petrak/hexcasting/datagen/recipe/HexplatRecipes.java:80: error: incompatible types: PackOutput cannot be converted to Provider
Fabric 1.21.11 build	Build Fabric artifact	2026-08-18T15:23:51.0912970Z         super(output, registries);
Fabric 1.21.11 build	Build Fabric artifact	2026-08-18T15:23:51.0913120Z               ^
Fabric 1.21.11 build	Build Fabric artifact	2026-08-18T15:23:51.0914235Z /home/runner/work/Redliner101/Redliner101/Common/src/main/java/at/petrak/hexcasting/datagen/recipe/HexplatRecipes.java:252: error: incompatible types: RecipeCategory cannot be converted to HolderGetter<Item>
Fabric 1.21.11 build	Build Fabric artifact	2026-08-18T15:23:51.0914654Z         ShapedRecipeBuilder.shaped(RecipeCategory.DECORATIONS, HexItems.SLATE, 6)
Fabric 1.21.11 build	Build Fabric artifact	2026-08-18T15:23:51.0914836Z                                                  ^
Fabric 1.21.11 build	Build Fabric artifact	2026-08-18T15:23:51.0916043Z /home/runner/work/Redliner101/Redliner101/Common/src/main/java/at/petrak/hexcasting/datagen/recipe/HexplatRecipes.java:333: error: incompatible types: RecipeCategory cannot be converted to HolderGetter<Item>
Fabric 1.21.11 build	Build Fabric artifact	2026-08-18T15:23:51.0916439Z             ShapedRecipeBuilder.shaped(RecipeCategory.BUILDING_BLOCKS, wood, 3)
Fabric 1.21.11 build	Build Fabric artifact	2026-08-18T15:23:51.0916728Z                                                      ^
Fabric 1.21.11 build	Build Fabric artifact	2026-08-18T15:23:51.0917998Z /home/runner/work/Redliner101/Redliner101/Common/src/main/java/at/petrak/hexcasting/datagen/recipe/HexplatRecipes.java:344: error: incompatible types: RecipeCategory cannot be converted to HolderGetter<Item>
Fabric 1.21.11 build	Build Fabric artifact	2026-08-18T15:23:51.0918509Z         ShapedRecipeBuilder.shaped(RecipeCategory.BUILDING_BLOCKS, HexBlocks.EDIFIED_TILE, 6)
Fabric 1.21.11 build	Build Fabric artifact	2026-08-18T15:23:51.0918689Z                                                  ^
Fabric 1.21.11 build	Build Fabric artifact	2026-08-18T15:23:51.0920028Z /home/runner/work/Redliner101/Redliner101/Common/src/main/java/at/petrak/hexcasting/datagen/recipe/HexplatRecipes.java:351: error: incompatible types: RecipeCategory cannot be converted to HolderGetter<Item>
Fabric 1.21.11 build	Build Fabric artifact	2026-08-18T15:23:51.0920597Z         ShapedRecipeBuilder.shaped(RecipeCategory.REDSTONE, HexBlocks.EDIFIED_DOOR, 3)
Fabric 1.21.11 build	Build Fabric artifact	2026-08-18T15:23:51.0920772Z                                                  ^
Fabric 1.21.11 build	Build Fabric artifact	2026-08-18T15:23:51.0922080Z /home/runner/work/Redliner101/Redliner101/Common/src/main/java/at/petrak/hexcasting/datagen/recipe/HexplatRecipes.java:358: error: incompatible types: RecipeCategory cannot be converted to HolderGetter<Item>
Fabric 1.21.11 build	Build Fabric artifact	2026-08-18T15:23:51.0922574Z         ShapedRecipeBuilder.shaped(RecipeCategory.REDSTONE, HexBlocks.EDIFIED_TRAPDOOR, 2)
Fabric 1.21.11 build	Build Fabric artifact	2026-08-18T15:23:51.0922784Z                                                  ^
Fabric 1.21.11 build	Build Fabric artifact	2026-08-18T15:23:51.0923946Z /home/runner/work/Redliner101/Redliner101/Common/src/main/java/at/petrak/hexcasting/datagen/recipe/HexplatRecipes.java:364: error: incompatible types: RecipeCategory cannot be converted to HolderGetter<Item>
Fabric 1.21.11 build	Build Fabric artifact	2026-08-18T15:23:51.0924486Z         ShapedRecipeBuilder.shaped(RecipeCategory.BUILDING_BLOCKS, HexBlocks.EDIFIED_STAIRS, 4)
Fabric 1.21.11 build	Build Fabric artifact	2026-08-18T15:23:51.0924701Z                                                  ^
Fabric 1.21.11 build	Build Fabric artifact	2026-08-18T15:23:51.0925803Z /home/runner/work/Redliner101/Redliner101/Common/src/main/java/at/petrak/hexcasting/datagen/recipe/HexplatRecipes.java:371: error: incompatible types: RecipeCategory cannot be converted to HolderGetter<Item>
Fabric 1.21.11 build	Build Fabric artifact	2026-08-18T15:23:51.0926306Z         ShapedRecipeBuilder.shaped(RecipeCategory.BUILDING_BLOCKS, HexBlocks.EDIFIED_FENCE, 3)
Fabric 1.21.11 build	Build Fabric artifact	2026-08-18T15:23:51.0926520Z                                                  ^
Fabric 1.21.11 build	Build Fabric artifact	2026-08-18T15:23:51.0927756Z /home/runner/work/Redliner101/Redliner101/Common/src/main/java/at/petrak/hexcasting/datagen/recipe/HexplatRecipes.java:378: error: incompatible types: RecipeCategory cannot be converted to HolderGetter<Item>
Fabric 1.21.11 build	Build Fabric artifact	2026-08-18T15:23:51.0928241Z         ShapedRecipeBuilder.shaped(RecipeCategory.BUILDING_BLOCKS, HexBlocks.EDIFIED_FENCE_GATE, 1)
Fabric 1.21.11 build	Build Fabric artifact	2026-08-18T15:23:51.0928497Z                                                  ^
Fabric 1.21.11 build	Build Fabric artifact	2026-08-18T15:23:51.0929589Z /home/runner/work/Redliner101/Redliner101/Common/src/main/java/at/petrak/hexcasting/datagen/recipe/HexplatRecipes.java:386: error: incompatible types: RecipeCategory cannot be converted to HolderGetter<Item>
Fabric 1.21.11 build	Build Fabric artifact	2026-08-18T15:23:51.0930272Z         ShapedRecipeBuilder.shaped(RecipeCategory.BUILDING_BLOCKS, HexBlocks.EDIFIED_SLAB, 6)
Fabric 1.21.11 build	Build Fabric artifact	2026-08-18T15:23:51.0930520Z                                                  ^
Fabric 1.21.11 build	Build Fabric artifact	2026-08-18T15:23:51.0931595Z /home/runner/work/Redliner101/Redliner101/Common/src/main/java/at/petrak/hexcasting/datagen/recipe/HexplatRecipes.java:391: error: incompatible types: RecipeCategory cannot be converted to HolderGetter<Item>
Fabric 1.21.11 build	Build Fabric artifact	2026-08-18T15:23:51.0932125Z         ShapedRecipeBuilder.shaped(RecipeCategory.REDSTONE, HexBlocks.EDIFIED_PRESSURE_PLATE, 1)
Fabric 1.21.11 build	Build Fabric artifact	2026-08-18T15:23:51.0932301Z                                                  ^
Fabric 1.21.11 build	Build Fabric artifact	2026-08-18T15:23:51.0933447Z /home/runner/work/Redliner101/Redliner101/Common/src/main/java/at/petrak/hexcasting/datagen/recipe/HexplatRecipes.java:430: error: incompatible types: RecipeCategory cannot be converted to HolderGetter<Item>
Fabric 1.21.11 build	Build Fabric artifact	2026-08-18T15:23:51.0933945Z         ShapedRecipeBuilder.shaped(RecipeCategory.REDSTONE, HexBlocks.AKASHIC_LIGATURE, 4)
Fabric 1.21.11 build	Build Fabric artifact	2026-08-18T15:23:51.0934144Z                                                  ^
Fabric 1.21.11 build	Build Fabric artifact	2026-08-18T15:23:51.0935603Z /home/runner/work/Redliner101/Redliner101/Common/src/main/java/at/petrak/hexcasting/datagen/recipe/HexplatRecipes.java:479: error: incompatible types: ResourceKey<VillagerProfession> cannot be converted to @org.jetbrains.annotations.Nullable VillagerProfession
Fabric 1.21.11 build	Build Fabric artifact	2026-08-18T15:23:51.0935954Z             new VillagerIngredient(VillagerProfession.TOOLSMITH, null, 2),
Fabric 1.21.11 build	Build Fabric artifact	2026-08-18T15:23:51.0936208Z                                                      ^
Fabric 1.21.11 build	Build Fabric artifact	2026-08-18T15:23:51.0937610Z /home/runner/work/Redliner101/Redliner101/Common/src/main/java/at/petrak/hexcasting/datagen/recipe/HexplatRecipes.java:485: error: incompatible types: ResourceKey<VillagerProfession> cannot be converted to @org.jetbrains.annotations.Nullable VillagerProfession
Fabric 1.21.11 build	Build Fabric artifact	2026-08-18T15:23:51.0937974Z             new VillagerIngredient(VillagerProfession.FLETCHER, null, 2),
Fabric 1.21.11 build	Build Fabric artifact	2026-08-18T15:23:51.0938155Z                                                      ^
Fabric 1.21.11 build	Build Fabric artifact	2026-08-18T15:23:51.0939265Z /home/runner/work/Redliner101/Redliner101/Common/src/main/java/at/petrak/hexcasting/datagen/recipe/HexplatRecipes.java:491: error: incompatible types: ResourceKey<VillagerProfession> cannot be converted to @org.jetbrains.annotations.Nullable VillagerProfession
Fabric 1.21.11 build	Build Fabric artifact	2026-08-18T15:23:51.0939897Z             new VillagerIngredient(VillagerProfession.CLERIC, null, 2),
Fabric 1.21.11 build	Build Fabric artifact	2026-08-18T15:23:51.0940116Z                                                      ^
Fabric 1.21.11 build	Build Fabric artifact	2026-08-18T15:23:51.0941617Z /home/runner/work/Redliner101/Redliner101/Common/src/main/java/at/petrak/hexcasting/datagen/recipe/HexplatRecipes.java:497: error: incompatible types: ResourceKey<VillagerProfession> cannot be converted to @org.jetbrains.annotations.Nullable VillagerProfession
Fabric 1.21.11 build	Build Fabric artifact	2026-08-18T15:23:51.0941915Z             new VillagerIngredient(VillagerProfession.MASON, null, 1),
Fabric 1.21.11 build	Build Fabric artifact	2026-08-18T15:23:51.0942142Z                                                      ^
Fabric 1.21.11 build	Build Fabric artifact	2026-08-18T15:23:51.0943497Z /home/runner/work/Redliner101/Redliner101/Common/src/main/java/at/petrak/hexcasting/datagen/recipe/HexplatRecipes.java:503: error: incompatible types: ResourceKey<VillagerProfession> cannot be converted to @org.jetbrains.annotations.Nullable VillagerProfession
Fabric 1.21.11 build	Build Fabric artifact	2026-08-18T15:23:51.0944026Z                 new VillagerIngredient(VillagerProfession.SHEPHERD, null, 1),
Fabric 1.21.11 build	Build Fabric artifact	2026-08-18T15:23:51.0944709Z                                                          ^
Fabric 1.21.11 build	Build Fabric artifact	2026-08-18T15:23:51.0945826Z /home/runner/work/Redliner101/Redliner101/Common/src/main/java/at/petrak/hexcasting/datagen/recipe/HexplatRecipes.java:509: error: incompatible types: ResourceKey<VillagerProfession> cannot be converted to @org.jetbrains.annotations.Nullable VillagerProfession
Fabric 1.21.11 build	Build Fabric artifact	2026-08-18T15:23:51.0946159Z             new VillagerIngredient(VillagerProfession.LIBRARIAN, null, 5),
Fabric 1.21.11 build	Build Fabric artifact	2026-08-18T15:23:51.0946305Z                                                      ^
Fabric 1.21.11 build	Build Fabric artifact	2026-08-18T15:23:51.0947392Z /home/runner/work/Redliner101/Redliner101/Common/src/main/java/at/petrak/hexcasting/datagen/recipe/HexplatRecipes.java:619: error: incompatible types: ItemLike cannot be converted to HolderGetter<Item>
Fabric 1.21.11 build	Build Fabric artifact	2026-08-18T15:23:51.0947843Z         return paucalInventoryTrigger(ItemPredicate.Builder.item().of(itemLike).build());
Fabric 1.21.11 build	Build Fabric artifact	2026-08-18T15:23:51.0948082Z                                                                       ^
Fabric 1.21.11 build	Build Fabric artifact	2026-08-18T15:23:51.0948984Z /home/runner/work/Redliner101/Redliner101/Common/src/main/java/at/petrak/hexcasting/datagen/recipe/HexplatRecipes.java:623: error: incompatible types: TagKey<Item> cannot be converted to HolderGetter<Item>
Fabric 1.21.11 build	Build Fabric artifact	2026-08-18T15:23:51.0949310Z         return paucalInventoryTrigger(ItemPredicate.Builder.item().of(itemLike).build());
Fabric 1.21.11 build	Build Fabric artifact	2026-08-18T15:23:51.0949706Z                                                                       ^
Fabric 1.21.11 build	Build Fabric artifact	2026-08-18T15:23:51.0950667Z /home/runner/work/Redliner101/Redliner101/Common/src/main/java/at/petrak/hexcasting/datagen/recipe/HexplatRecipes.java:677: error: incompatible types: RecipeCategory cannot be converted to HolderGetter<Item>
Fabric 1.21.11 build	Build Fabric artifact	2026-08-18T15:23:51.0950978Z         var builder = ShapedRecipeBuilder.shaped(category, out, count);
Fabric 1.21.11 build	Build Fabric artifact	2026-08-18T15:23:51.0951146Z                                                  ^
Fabric 1.21.11 build	Build Fabric artifact	2026-08-18T15:23:51.0952141Z /home/runner/work/Redliner101/Redliner101/Common/src/main/java/at/petrak/hexcasting/datagen/recipe/HexplatRecipes.java:703: error: incompatible types: RecipeCategory cannot be converted to HolderGetter<Item>
Fabric 1.21.11 build	Build Fabric artifact	2026-08-18T15:23:51.0952565Z         return ShapedRecipeBuilder.shaped(category, out, count)
Fabric 1.21.11 build	Build Fabric artifact	2026-08-18T15:23:51.0952734Z                                           ^
Fabric 1.21.11 build	Build Fabric artifact	2026-08-18T15:23:51.0953904Z /home/runner/work/Redliner101/Redliner101/Common/src/main/java/at/petrak/hexcasting/datagen/recipe/HexplatRecipes.java:763: error: incompatible types: RecipeCategory cannot be converted to HolderGetter<Item>
Fabric 1.21.11 build	Build Fabric artifact	2026-08-18T15:23:51.0954283Z         ShapedRecipeBuilder.shaped(RecipeCategory.BUILDING_BLOCKS, bricks, 4)
Fabric 1.21.11 build	Build Fabric artifact	2026-08-18T15:23:51.0954483Z                                                  ^
Fabric 1.21.11 build	Build Fabric artifact	2026-08-18T15:23:51.0955661Z /home/runner/work/Redliner101/Redliner101/Common/src/main/java/at/petrak/hexcasting/datagen/recipe/HexplatRecipes.java:783: error: incompatible types: RecipeCategory cannot be converted to HolderGetter<Item>
Fabric 1.21.11 build	Build Fabric artifact	2026-08-18T15:23:51.0956421Z         ShapedRecipeBuilder.shaped(RecipeCategory.BUILDING_BLOCKS, tiles, 4)
Fabric 1.21.11 build	Build Fabric artifact	2026-08-18T15:23:51.0956578Z                                                  ^
Fabric 1.21.11 build	Build Fabric artifact	2026-08-18T15:23:51.0957511Z /home/runner/work/Redliner101/Redliner101/Common/src/main/java/at/petrak/hexcasting/datagen/recipe/HexplatRecipes.java:792: error: incompatible types: RecipeCategory cannot be converted to HolderGetter<Item>
Fabric 1.21.11 build	Build Fabric artifact	2026-08-18T15:23:51.0957943Z             ShapedRecipeBuilder.shaped(RecipeCategory.BUILDING_BLOCKS, pillar, 2)
Fabric 1.21.11 build	Build Fabric artifact	2026-08-18T15:23:51.0958170Z                                                      ^
Fabric 1.21.11 build	Build Fabric artifact	2026-08-18T15:23:51.0959538Z /home/runner/work/Redliner101/Redliner101/Common/src/main/java/at/petrak/hexcasting/datagen/recipe/builders/CompatIngredientValue.java:30: error: incompatible types: no instance(s) of type variable(s) T exist so that Stream<T> conforms to HolderSet<Item>
Fabric 1.21.11 build	Build Fabric artifact	2026-08-18T15:23:51.0960203Z         return new Ingredient(Stream.of(new CompatIngredientValue(itemName)));
Fabric 1.21.11 build	Build Fabric artifact	2026-08-18T15:23:51.0960414Z                ^
Fabric 1.21.11 build	Build Fabric artifact	2026-08-18T15:23:51.0960601Z   where T is a type-variable:
Fabric 1.21.11 build	Build Fabric artifact	2026-08-18T15:23:51.0960876Z     T extends Object declared in method <T>of(T)
Fabric 1.21.11 build	Build Fabric artifact	2026-08-18T15:23:51.0962168Z /home/runner/work/Redliner101/Redliner101/Common/src/main/java/at/petrak/hexcasting/datagen/recipe/builders/BrainsweepRecipeBuilder.java:56: error: incompatible types: Identifier cannot be converted to ResourceKey<Recipe<?>>
Fabric 1.21.11 build	Build Fabric artifact	2026-08-18T15:23:51.0962532Z 				.addCriterion("has_the_recipe", RecipeUnlockedTrigger.unlocked(id))
Fabric 1.21.11 build	Build Fabric artifact	2026-08-18T15:23:51.0962816Z 				                                                               ^
Fabric 1.21.11 build	Build Fabric artifact	2026-08-18T15:23:51.0963983Z /home/runner/work/Redliner101/Redliner101/Common/src/main/java/at/petrak/hexcasting/datagen/recipe/builders/BrainsweepRecipeBuilder.java:57: error: incompatible types: Identifier cannot be converted to ResourceKey<Recipe<?>>
Fabric 1.21.11 build	Build Fabric artifact	2026-08-18T15:23:51.0964334Z 				.rewards(AdvancementRewards.Builder.recipe(id))
Fabric 1.21.11 build	Build Fabric artifact	2026-08-18T15:23:51.0964528Z 				                                           ^
Fabric 1.21.11 build	Build Fabric artifact	2026-08-18T15:23:51.0965748Z /home/runner/work/Redliner101/Redliner101/Common/src/main/java/at/petrak/hexcasting/datagen/recipe/builders/BrainsweepRecipeBuilder.java:62: error: incompatible types: Identifier cannot be converted to ResourceKey<Recipe<?>>
Fabric 1.21.11 build	Build Fabric artifact	2026-08-18T15:23:51.0966328Z 		recipeOutput.accept(id.withPrefix("brainsweep/"), recipe, advancement.build(id.withPrefix("recipes/brainsweep/")));
Fabric 1.21.11 build	Build Fabric artifact	2026-08-18T15:23:51.0966535Z 		                                 ^
Fabric 1.21.11 build	Build Fabric artifact	2026-08-18T15:23:51.0967558Z /home/runner/work/Redliner101/Redliner101/Common/src/main/java/at/petrak/hexcasting/datagen/HexAdvancements.java:43: error: incompatible types: inference variable T has incompatible bounds
Fabric 1.21.11 build	Build Fabric artifact	2026-08-18T15:23:51.0967886Z             .display(new DisplayInfo(new ItemStack(Items.BUDDING_AMETHYST),
Fabric 1.21.11 build	Build Fabric artifact	2026-08-18T15:23:51.0968076Z                      ^
Fabric 1.21.11 build	Build Fabric artifact	2026-08-18T15:23:51.0968306Z     equality constraints: ResourceTexture
Fabric 1.21.11 build	Build Fabric artifact	2026-08-18T15:23:51.0968531Z     lower bounds: Identifier
Fabric 1.21.11 build	Build Fabric artifact	2026-08-18T15:23:51.0968690Z   where T is a type-variable:
Fabric 1.21.11 build	Build Fabric artifact	2026-08-18T15:23:51.0968982Z     T extends Object declared in method <T>of(T)
Fabric 1.21.11 build	Build Fabric artifact	2026-08-18T15:23:51.0970253Z /home/runner/work/Redliner101/Redliner101/Common/src/main/java/at/petrak/hexcasting/datagen/HexAdvancements.java:50: error: incompatible types: TagKey<Item> cannot be converted to HolderGetter<Item>
Fabric 1.21.11 build	Build Fabric artifact	2026-08-18T15:23:51.0970742Z                 ItemPredicate.Builder.item().of(HexTags.Items.GRANTS_ROOT_ADVANCEMENT).build()))
Fabric 1.21.11 build	Build Fabric artifact	2026-08-18T15:23:51.0970939Z                                                              ^
Fabric 1.21.11 build	Build Fabric artifact	2026-08-18T15:23:51.0971940Z /home/runner/work/Redliner101/Redliner101/Common/src/main/java/at/petrak/hexcasting/datagen/HexAdvancements.java:55: error: incompatible types: inference variable T has incompatible bounds
Fabric 1.21.11 build	Build Fabric artifact	2026-08-18T15:23:51.0972367Z             .display(new DisplayInfo(new ItemStack(HexItems.CREATIVE_UNLOCKER),
Fabric 1.21.11 build	Build Fabric artifact	2026-08-18T15:23:51.0972518Z                      ^
Fabric 1.21.11 build	Build Fabric artifact	2026-08-18T15:23:51.0972939Z     equality constraints: ResourceTexture
Fabric 1.21.11 build	Build Fabric artifact	2026-08-18T15:23:51.0973117Z     lower bounds: Identifier
Fabric 1.21.11 build	Build Fabric artifact	2026-08-18T15:23:51.0973319Z   where T is a type-variable:
Fabric 1.21.11 build	Build Fabric artifact	2026-08-18T15:23:51.0973561Z     T extends Object declared in method <T>of(T)
Fabric 1.21.11 build	Build Fabric artifact	2026-08-18T15:23:51.0974689Z /home/runner/work/Redliner101/Redliner101/Common/src/main/java/at/petrak/hexcasting/datagen/HexAdvancements.java:62: error: incompatible types: ItemCreativeUnlocker cannot be converted to HolderGetter<Item>
Fabric 1.21.11 build	Build Fabric artifact	2026-08-18T15:23:51.0975058Z                 ItemPredicate.Builder.item().of(HexItems.CREATIVE_UNLOCKER).build()))
Fabric 1.21.11 build	Build Fabric artifact	2026-08-18T15:23:51.0975276Z                                                         ^
Fabric 1.21.11 build	Build Fabric artifact	2026-08-18T15:23:51.0976341Z /home/runner/work/Redliner101/Redliner101/Common/src/main/java/at/petrak/hexcasting/datagen/HexAdvancements.java:123: error: incompatible types: ItemLoreFragment cannot be converted to HolderGetter<Item>
Fabric 1.21.11 build	Build Fabric artifact	2026-08-18T15:23:51.0976844Z                     Optional.of(ItemPredicate.Builder.item().of(HexItems.LORE_FRAGMENT).build()))))
Fabric 1.21.11 build	Build Fabric artifact	2026-08-18T15:23:51.0977126Z                                                                         ^
Fabric 1.21.11 build	Build Fabric artifact	2026-08-18T15:23:51.0977565Z Note: Some messages have been simplified; recompile with -Xdiags:verbose to get full output
Fabric 1.21.11 build	Build Fabric artifact	2026-08-18T15:23:51.0978589Z /home/runner/work/Redliner101/Redliner101/Common/src/main/java/at/petrak/hexcasting/datagen/tag/HexItemTagProvider.java:18: error: cannot find symbol
Fabric 1.21.11 build	Build Fabric artifact	2026-08-18T15:23:51.0978881Z public class HexItemTagProvider extends ItemTagsProvider {
Fabric 1.21.11 build	Build Fabric artifact	2026-08-18T15:23:51.0979113Z                                         ^
Fabric 1.21.11 build	Build Fabric artifact	2026-08-18T15:23:51.0979314Z   symbol: class ItemTagsProvider
Fabric 1.21.11 build	Build Fabric artifact	2026-08-18T15:23:51.0979504Z 271 errors
Fabric 1.21.11 build	Build Fabric artifact	2026-08-18T15:23:51.0980143Z 	at org.gradle.api.internal.tasks.compile.JdkJavaCompiler.execute(JdkJavaCompiler.java:89)
Fabric 1.21.11 build	Build Fabric artifact	2026-08-18T15:23:51.0980686Z 	at org.gradle.api.internal.tasks.compile.JdkJavaCompiler.execute(JdkJavaCompiler.java:50)
Fabric 1.21.11 build	Build Fabric artifact	2026-08-18T15:23:51.0981560Z 	at org.gradle.api.internal.tasks.compile.NormalizingJavaCompiler.delegateAndHandleErrors(NormalizingJavaCompiler.java:98)
Fabric 1.21.11 build	Build Fabric artifact	2026-08-18T15:23:51.0982222Z 	at org.gradle.api.internal.tasks.compile.NormalizingJavaCompiler.execute(NormalizingJavaCompiler.java:52)
Fabric 1.21.11 build	Build Fabric artifact	2026-08-18T15:23:51.0982763Z 	at org.gradle.api.internal.tasks.compile.NormalizingJavaCompiler.execute(NormalizingJavaCompiler.java:38)
Fabric 1.21.11 build	Build Fabric artifact	2026-08-18T15:23:51.0983613Z 	at org.gradle.api.internal.tasks.compile.AnnotationProcessorDiscoveringCompiler.execute(AnnotationProcessorDiscoveringCompiler.java:52)
Fabric 1.21.11 build	Build Fabric artifact	2026-08-18T15:23:51.0984493Z 	at org.gradle.api.internal.tasks.compile.AnnotationProcessorDiscoveringCompiler.execute(AnnotationProcessorDiscoveringCompiler.java:38)
Fabric 1.21.11 build	Build Fabric artifact	2026-08-18T15:23:51.0985295Z 	at org.gradle.api.internal.tasks.compile.ModuleApplicationNameWritingCompiler.execute(ModuleApplicationNameWritingCompiler.java:46)
Fabric 1.21.11 build	Build Fabric artifact	2026-08-18T15:23:51.0986201Z 	at org.gradle.api.internal.tasks.compile.ModuleApplicationNameWritingCompiler.execute(ModuleApplicationNameWritingCompiler.java:36)
Fabric 1.21.11 build	Build Fabric artifact	2026-08-18T15:23:51.0986898Z 	at org.gradle.jvm.toolchain.internal.DefaultToolchainJavaCompiler.execute(DefaultToolchainJavaCompiler.java:57)
Fabric 1.21.11 build	Build Fabric artifact	2026-08-18T15:23:51.0987424Z 	at org.gradle.api.tasks.compile.JavaCompile.lambda$createToolchainCompiler$3(JavaCompile.java:206)
Fabric 1.21.11 build	Build Fabric artifact	2026-08-18T15:23:51.0988038Z 	at org.gradle.api.internal.tasks.compile.CleaningJavaCompiler.execute(CleaningJavaCompiler.java:53)
Fabric 1.21.11 build	Build Fabric artifact	2026-08-18T15:23:51.0988928Z 	at org.gradle.api.internal.tasks.compile.incremental.IncrementalCompilerFactory.lambda$createRebuildAllCompiler$0(IncrementalCompilerFactory.java:55)
Fabric 1.21.11 build	Build Fabric artifact	2026-08-18T15:23:51.0989826Z 	at org.gradle.api.internal.tasks.compile.incremental.SelectiveCompiler.execute(SelectiveCompiler.java:70)
Fabric 1.21.11 build	Build Fabric artifact	2026-08-18T15:23:51.0990581Z 	at org.gradle.api.internal.tasks.compile.incremental.SelectiveCompiler.execute(SelectiveCompiler.java:44)
Fabric 1.21.11 build	Build Fabric artifact	2026-08-18T15:23:51.0991538Z 	at org.gradle.api.internal.tasks.compile.incremental.IncrementalResultStoringCompiler.execute(IncrementalResultStoringCompiler.java:66)
Fabric 1.21.11 build	Build Fabric artifact	2026-08-18T15:23:51.0992585Z 	at org.gradle.api.internal.tasks.compile.incremental.IncrementalResultStoringCompiler.execute(IncrementalResultStoringCompiler.java:52)
Fabric 1.21.11 build	Build Fabric artifact	2026-08-18T15:23:51.0993542Z 	at org.gradle.api.internal.tasks.compile.CompileJavaBuildOperationReportingCompiler$1.call(CompileJavaBuildOperationReportingCompiler.java:64)
Fabric 1.21.11 build	Build Fabric artifact	2026-08-18T15:23:51.0994614Z 	at org.gradle.api.internal.tasks.compile.CompileJavaBuildOperationReportingCompiler$1.call(CompileJavaBuildOperationReportingCompiler.java:48)
Fabric 1.21.11 build	Build Fabric artifact	2026-08-18T15:23:51.0995446Z 	at org.gradle.internal.operations.DefaultBuildOperationRunner$CallableBuildOperationWorker.execute(DefaultBuildOperationRunner.java:210)
Fabric 1.21.11 build	Build Fabric artifact	2026-08-18T15:23:51.0996288Z 	at org.gradle.internal.operations.DefaultBuildOperationRunner$CallableBuildOperationWorker.execute(DefaultBuildOperationRunner.java:205)
Fabric 1.21.11 build	Build Fabric artifact	2026-08-18T15:23:51.0996929Z 	at org.gradle.internal.operations.DefaultBuildOperationRunner$2.execute(DefaultBuildOperationRunner.java:67)
Fabric 1.21.11 build	Build Fabric artifact	2026-08-18T15:23:51.0997710Z 	at org.gradle.internal.operations.DefaultBuildOperationRunner$2.execute(DefaultBuildOperationRunner.java:60)
Fabric 1.21.11 build	Build Fabric artifact	2026-08-18T15:23:51.0998570Z 	at org.gradle.internal.operations.DefaultBuildOperationRunner.execute(DefaultBuildOperationRunner.java:167)
Fabric 1.21.11 build	Build Fabric artifact	2026-08-18T15:23:51.0999436Z 	at org.gradle.internal.operations.DefaultBuildOperationRunner.execute(DefaultBuildOperationRunner.java:60)
Fabric 1.21.11 build	Build Fabric artifact	2026-08-18T15:23:51.1000607Z 	at org.gradle.internal.operations.DefaultBuildOperationRunner.call(DefaultBuildOperationRunner.java:54)
Fabric 1.21.11 build	Build Fabric artifact	2026-08-18T15:23:51.1001827Z 	at org.gradle.api.internal.tasks.compile.CompileJavaBuildOperationReportingCompiler.execute(CompileJavaBuildOperationReportingCompiler.java:48)
Fabric 1.21.11 build	Build Fabric artifact	2026-08-18T15:23:51.1002434Z 	at org.gradle.api.tasks.compile.JavaCompile.performCompilation(JavaCompile.java:224)
Fabric 1.21.11 build	Build Fabric artifact	2026-08-18T15:23:51.1003147Z 	at org.gradle.api.tasks.compile.JavaCompile.performIncrementalCompilation(JavaCompile.java:165)
Fabric 1.21.11 build	Build Fabric artifact	2026-08-18T15:23:51.1003683Z 	at org.gradle.api.tasks.compile.JavaCompile.compile(JavaCompile.java:150)
Fabric 1.21.11 build	Build Fabric artifact	2026-08-18T15:23:51.1004370Z 	at java.base/jdk.internal.reflect.DirectMethodHandleAccessor.invoke(DirectMethodHandleAccessor.java:103)
Fabric 1.21.11 build	Build Fabric artifact	2026-08-18T15:23:51.1004802Z 	at org.gradle.internal.reflect.JavaMethod.invoke(JavaMethod.java:125)
Fabric 1.21.11 build	Build Fabric artifact	2026-08-18T15:23:51.1005445Z 	at org.gradle.api.internal.project.taskfactory.IncrementalTaskAction.doExecute(IncrementalTaskAction.java:45)
Fabric 1.21.11 build	Build Fabric artifact	2026-08-18T15:23:51.1006076Z 	at org.gradle.api.internal.project.taskfactory.StandardTaskAction.execute(StandardTaskAction.java:51)
Fabric 1.21.11 build	Build Fabric artifact	2026-08-18T15:23:51.1006757Z 	at org.gradle.api.internal.project.taskfactory.IncrementalTaskAction.execute(IncrementalTaskAction.java:26)
Fabric 1.21.11 build	Build Fabric artifact	2026-08-18T15:23:51.1007336Z 	at org.gradle.api.internal.project.taskfactory.StandardTaskAction.execute(StandardTaskAction.java:29)
Fabric 1.21.11 build	Build Fabric artifact	2026-08-18T15:23:51.1007882Z 	at org.gradle.api.internal.tasks.execution.TaskExecution$3.run(TaskExecution.java:244)
Fabric 1.21.11 build	Build Fabric artifact	2026-08-18T15:23:51.1008384Z 	at org.gradle.internal.operations.DefaultBuildOperationRunner$1.execute(DefaultBuildOperationRunner.java:30)
Fabric 1.21.11 build	Build Fabric artifact	2026-08-18T15:23:51.1009170Z 	at org.gradle.internal.operations.DefaultBuildOperationRunner$1.execute(DefaultBuildOperationRunner.java:27)
Fabric 1.21.11 build	Build Fabric artifact	2026-08-18T15:23:51.1009916Z 	at org.gradle.internal.operations.DefaultBuildOperationRunner$2.execute(DefaultBuildOperationRunner.java:67)
Fabric 1.21.11 build	Build Fabric artifact	2026-08-18T15:23:51.1010595Z 	at org.gradle.internal.operations.DefaultBuildOperationRunner$2.execute(DefaultBuildOperationRunner.java:60)
Fabric 1.21.11 build	Build Fabric artifact	2026-08-18T15:23:51.1011292Z 	at org.gradle.internal.operations.DefaultBuildOperationRunner.execute(DefaultBuildOperationRunner.java:167)
Fabric 1.21.11 build	Build Fabric artifact	2026-08-18T15:23:51.1011916Z 	at org.gradle.internal.operations.DefaultBuildOperationRunner.execute(DefaultBuildOperationRunner.java:60)
Fabric 1.21.11 build	Build Fabric artifact	2026-08-18T15:23:51.1012578Z 	at org.gradle.internal.operations.DefaultBuildOperationRunner.run(DefaultBuildOperationRunner.java:48)
Fabric 1.21.11 build	Build Fabric artifact	2026-08-18T15:23:51.1013133Z 	at org.gradle.api.internal.tasks.execution.TaskExecution.executeAction(TaskExecution.java:229)
Fabric 1.21.11 build	Build Fabric artifact	2026-08-18T15:23:51.1013713Z 	at org.gradle.api.internal.tasks.execution.TaskExecution.executeActions(TaskExecution.java:212)
Fabric 1.21.11 build	Build Fabric artifact	2026-08-18T15:23:51.1014423Z 	at org.gradle.api.internal.tasks.execution.TaskExecution.executeWithPreviousOutputFiles(TaskExecution.java:195)
Fabric 1.21.11 build	Build Fabric artifact	2026-08-18T15:23:51.1014945Z 	at org.gradle.api.internal.tasks.execution.TaskExecution.execute(TaskExecution.java:162)
Fabric 1.21.11 build	Build Fabric artifact	2026-08-18T15:23:51.1015408Z 	at org.gradle.internal.execution.steps.ExecuteStep.executeInternal(ExecuteStep.java:105)
Fabric 1.21.11 build	Build Fabric artifact	2026-08-18T15:23:51.1015950Z 	at org.gradle.internal.execution.steps.ExecuteStep.access$000(ExecuteStep.java:44)
Fabric 1.21.11 build	Build Fabric artifact	2026-08-18T15:23:51.1016420Z 	at org.gradle.internal.execution.steps.ExecuteStep$1.call(ExecuteStep.java:59)
Fabric 1.21.11 build	Build Fabric artifact	2026-08-18T15:23:51.1016827Z 	at org.gradle.internal.execution.steps.ExecuteStep$1.call(ExecuteStep.java:56)
Fabric 1.21.11 build	Build Fabric artifact	2026-08-18T15:23:51.1017965Z 	at org.gradle.internal.operations.DefaultBuildOperationRunner$CallableBuildOperationWorker.execute(DefaultBuildOperationRunner.java:210)
Fabric 1.21.11 build	Build Fabric artifact	2026-08-18T15:23:51.1018766Z 	at org.gradle.internal.operations.DefaultBuildOperationRunner$CallableBuildOperationWorker.execute(DefaultBuildOperationRunner.java:205)
Fabric 1.21.11 build	Build Fabric artifact	2026-08-18T15:23:51.1019500Z 	at org.gradle.internal.operations.DefaultBuildOperationRunner$2.execute(DefaultBuildOperationRunner.java:67)
Fabric 1.21.11 build	Build Fabric artifact	2026-08-18T15:23:51.1020194Z 	at org.gradle.internal.operations.DefaultBuildOperationRunner$2.execute(DefaultBuildOperationRunner.java:60)
Fabric 1.21.11 build	Build Fabric artifact	2026-08-18T15:23:51.1021010Z 	at org.gradle.internal.operations.DefaultBuildOperationRunner.execute(DefaultBuildOperationRunner.java:167)
Fabric 1.21.11 build	Build Fabric artifact	2026-08-18T15:23:51.1021625Z 	at org.gradle.internal.operations.DefaultBuildOperationRunner.execute(DefaultBuildOperationRunner.java:60)
Fabric 1.21.11 build	Build Fabric artifact	2026-08-18T15:23:51.1022240Z 	at org.gradle.internal.operations.DefaultBuildOperationRunner.call(DefaultBuildOperationRunner.java:54)
Fabric 1.21.11 build	Build Fabric artifact	2026-08-18T15:23:51.1022767Z 	at org.gradle.internal.execution.steps.ExecuteStep.execute(ExecuteStep.java:56)
Fabric 1.21.11 build	Build Fabric artifact	2026-08-18T15:23:51.1023214Z 	at org.gradle.internal.execution.steps.ExecuteStep.execute(ExecuteStep.java:44)
Fabric 1.21.11 build	Build Fabric artifact	2026-08-18T15:23:51.1023783Z 	at org.gradle.internal.execution.steps.CancelExecutionStep.execute(CancelExecutionStep.java:42)
Fabric 1.21.11 build	Build Fabric artifact	2026-08-18T15:23:51.1024298Z 	at org.gradle.internal.execution.steps.TimeoutStep.executeWithoutTimeout(TimeoutStep.java:75)
Fabric 1.21.11 build	Build Fabric artifact	2026-08-18T15:23:51.1024734Z 	at org.gradle.internal.execution.steps.TimeoutStep.execute(TimeoutStep.java:55)
Fabric 1.21.11 build	Build Fabric artifact	2026-08-18T15:23:51.1025405Z 	at org.gradle.internal.execution.steps.PreCreateOutputParentsStep.execute(PreCreateOutputParentsStep.java:50)
Fabric 1.21.11 build	Build Fabric artifact	2026-08-18T15:23:51.1026100Z 	at org.gradle.internal.execution.steps.PreCreateOutputParentsStep.execute(PreCreateOutputParentsStep.java:28)
Fabric 1.21.11 build	Build Fabric artifact	2026-08-18T15:23:51.1026706Z 	at org.gradle.internal.execution.steps.RemovePreviousOutputsStep.execute(RemovePreviousOutputsStep.java:67)
Fabric 1.21.11 build	Build Fabric artifact	2026-08-18T15:23:51.1027365Z 	at org.gradle.internal.execution.steps.RemovePreviousOutputsStep.execute(RemovePreviousOutputsStep.java:37)
Fabric 1.21.11 build	Build Fabric artifact	2026-08-18T15:23:51.1028050Z 	at org.gradle.internal.execution.steps.BroadcastChangingOutputsStep.execute(BroadcastChangingOutputsStep.java:61)
Fabric 1.21.11 build	Build Fabric artifact	2026-08-18T15:23:51.1028774Z 	at org.gradle.internal.execution.steps.BroadcastChangingOutputsStep.execute(BroadcastChangingOutputsStep.java:26)
Fabric 1.21.11 build	Build Fabric artifact	2026-08-18T15:23:51.1029840Z 	at org.gradle.internal.execution.steps.CaptureOutputsAfterExecutionStep.execute(CaptureOutputsAfterExecutionStep.java:69)
Fabric 1.21.11 build	Build Fabric artifact	2026-08-18T15:23:51.1030596Z 	at org.gradle.internal.execution.steps.CaptureOutputsAfterExecutionStep.execute(CaptureOutputsAfterExecutionStep.java:46)
Fabric 1.21.11 build	Build Fabric artifact	2026-08-18T15:23:51.1031237Z 	at org.gradle.internal.execution.steps.ResolveInputChangesStep.execute(ResolveInputChangesStep.java:40)
Fabric 1.21.11 build	Build Fabric artifact	2026-08-18T15:23:51.1031776Z 	at org.gradle.internal.execution.steps.ResolveInputChangesStep.execute(ResolveInputChangesStep.java:29)
Fabric 1.21.11 build	Build Fabric artifact	2026-08-18T15:23:51.1032232Z 	at org.gradle.internal.execution.steps.BuildCacheStep.executeWithoutCache(BuildCacheStep.java:189)
Fabric 1.21.11 build	Build Fabric artifact	2026-08-18T15:23:51.1032660Z 	at org.gradle.internal.execution.steps.BuildCacheStep.lambda$execute$1(BuildCacheStep.java:75)
Fabric 1.21.11 build	Build Fabric artifact	2026-08-18T15:23:51.1032990Z 	at org.gradle.internal.Either$Right.fold(Either.java:175)
Fabric 1.21.11 build	Build Fabric artifact	2026-08-18T15:23:51.1033688Z 	at org.gradle.internal.execution.caching.CachingState.fold(CachingState.java:62)
Fabric 1.21.11 build	Build Fabric artifact	2026-08-18T15:23:51.1034129Z 	at org.gradle.internal.execution.steps.BuildCacheStep.execute(BuildCacheStep.java:73)
Fabric 1.21.11 build	Build Fabric artifact	2026-08-18T15:23:51.1034681Z 	at org.gradle.internal.execution.steps.BuildCacheStep.execute(BuildCacheStep.java:48)
Fabric 1.21.11 build	Build Fabric artifact	2026-08-18T15:23:51.1035288Z 	at org.gradle.internal.execution.steps.StoreExecutionStateStep.execute(StoreExecutionStateStep.java:46)
Fabric 1.21.11 build	Build Fabric artifact	2026-08-18T15:23:51.1035912Z 	at org.gradle.internal.execution.steps.StoreExecutionStateStep.execute(StoreExecutionStateStep.java:35)
Fabric 1.21.11 build	Build Fabric artifact	2026-08-18T15:23:51.1036448Z 	at org.gradle.internal.execution.steps.SkipUpToDateStep.executeBecause(SkipUpToDateStep.java:75)
Fabric 1.21.11 build	Build Fabric artifact	2026-08-18T15:23:51.1037017Z 	at org.gradle.internal.execution.steps.SkipUpToDateStep.lambda$execute$2(SkipUpToDateStep.java:53)
Fabric 1.21.11 build	Build Fabric artifact	2026-08-18T15:23:51.1037473Z 	at org.gradle.internal.execution.steps.SkipUpToDateStep.execute(SkipUpToDateStep.java:53)
Fabric 1.21.11 build	Build Fabric artifact	2026-08-18T15:23:51.1038051Z 	at org.gradle.internal.execution.steps.SkipUpToDateStep.execute(SkipUpToDateStep.java:35)
Fabric 1.21.11 build	Build Fabric artifact	2026-08-18T15:23:51.1038909Z 	at org.gradle.internal.execution.steps.legacy.MarkSnapshottingInputsFinishedStep.execute(MarkSnapshottingInputsFinishedStep.java:37)
Fabric 1.21.11 build	Build Fabric artifact	2026-08-18T15:23:51.1039983Z 	at org.gradle.internal.execution.steps.legacy.MarkSnapshottingInputsFinishedStep.execute(MarkSnapshottingInputsFinishedStep.java:27)
Fabric 1.21.11 build	Build Fabric artifact	2026-08-18T15:23:51.1040886Z 	at org.gradle.internal.execution.steps.ResolveIncrementalCachingStateStep.executeDelegate(ResolveIncrementalCachingStateStep.java:49)
Fabric 1.21.11 build	Build Fabric artifact	2026-08-18T15:23:51.1041685Z 	at org.gradle.internal.execution.steps.ResolveIncrementalCachingStateStep.executeDelegate(ResolveIncrementalCachingStateStep.java:27)
Fabric 1.21.11 build	Build Fabric artifact	2026-08-18T15:23:51.1042481Z 	at org.gradle.internal.execution.steps.AbstractResolveCachingStateStep.execute(AbstractResolveCachingStateStep.java:71)
Fabric 1.21.11 build	Build Fabric artifact	2026-08-18T15:23:51.1043185Z 	at org.gradle.internal.execution.steps.AbstractResolveCachingStateStep.execute(AbstractResolveCachingStateStep.java:39)
Fabric 1.21.11 build	Build Fabric artifact	2026-08-18T15:23:51.1043745Z 	at org.gradle.internal.execution.steps.ResolveChangesStep.execute(ResolveChangesStep.java:65)
Fabric 1.21.11 build	Build Fabric artifact	2026-08-18T15:23:51.1044287Z 	at org.gradle.internal.execution.steps.ResolveChangesStep.execute(ResolveChangesStep.java:36)
Fabric 1.21.11 build	Build Fabric artifact	2026-08-18T15:23:51.1044706Z 	at org.gradle.internal.execution.steps.ValidateStep.execute(ValidateStep.java:107)
Fabric 1.21.11 build	Build Fabric artifact	2026-08-18T15:23:51.1045222Z 	at org.gradle.internal.execution.steps.ValidateStep.execute(ValidateStep.java:56)
Fabric 1.21.11 build	Build Fabric artifact	2026-08-18T15:23:51.1046048Z 	at org.gradle.internal.execution.steps.AbstractCaptureStateBeforeExecutionStep.execute(AbstractCaptureStateBeforeExecutionStep.java:64)
Fabric 1.21.11 build	Build Fabric artifact	2026-08-18T15:23:51.1046921Z 	at org.gradle.internal.execution.steps.AbstractCaptureStateBeforeExecutionStep.execute(AbstractCaptureStateBeforeExecutionStep.java:43)
Fabric 1.21.11 build	Build Fabric artifact	2026-08-18T15:23:51.1047709Z 	at org.gradle.internal.execution.steps.AbstractSkipEmptyWorkStep.executeWithNonEmptySources(AbstractSkipEmptyWorkStep.java:125)
Fabric 1.21.11 build	Build Fabric artifact	2026-08-18T15:23:51.1048385Z 	at org.gradle.internal.execution.steps.AbstractSkipEmptyWorkStep.execute(AbstractSkipEmptyWorkStep.java:61)
Fabric 1.21.11 build	Build Fabric artifact	2026-08-18T15:23:51.1049076Z 	at org.gradle.internal.execution.steps.AbstractSkipEmptyWorkStep.execute(AbstractSkipEmptyWorkStep.java:36)
Fabric 1.21.11 build	Build Fabric artifact	2026-08-18T15:23:51.1049976Z 	at org.gradle.internal.execution.steps.legacy.MarkSnapshottingInputsStartedStep.execute(MarkSnapshottingInputsStartedStep.java:38)
Fabric 1.21.11 build	Build Fabric artifact	2026-08-18T15:23:51.1050722Z 	at org.gradle.internal.execution.steps.LoadPreviousExecutionStateStep.execute(LoadPreviousExecutionStateStep.java:36)
Fabric 1.21.11 build	Build Fabric artifact	2026-08-18T15:23:51.1051398Z 	at org.gradle.internal.execution.steps.LoadPreviousExecutionStateStep.execute(LoadPreviousExecutionStateStep.java:23)
Fabric 1.21.11 build	Build Fabric artifact	2026-08-18T15:23:51.1051995Z 	at org.gradle.internal.execution.steps.HandleStaleOutputsStep.execute(HandleStaleOutputsStep.java:75)
Fabric 1.21.11 build	Build Fabric artifact	2026-08-18T15:23:51.1052589Z 	at org.gradle.internal.execution.steps.HandleStaleOutputsStep.execute(HandleStaleOutputsStep.java:41)
Fabric 1.21.11 build	Build Fabric artifact	2026-08-18T15:23:51.1053337Z 	at org.gradle.internal.execution.steps.AssignMutableWorkspaceStep.lambda$execute$0(AssignMutableWorkspaceStep.java:35)
Fabric 1.21.11 build	Build Fabric artifact	2026-08-18T15:23:51.1053944Z 	at org.gradle.api.internal.tasks.execution.TaskExecution$4.withWorkspace(TaskExecution.java:289)
Fabric 1.21.11 build	Build Fabric artifact	2026-08-18T15:23:51.1055031Z 	at org.gradle.internal.execution.steps.AssignMutableWorkspaceStep.execute(AssignMutableWorkspaceStep.java:31)
Fabric 1.21.11 build	Build Fabric artifact	2026-08-18T15:23:51.1055666Z 	at org.gradle.internal.execution.steps.AssignMutableWorkspaceStep.execute(AssignMutableWorkspaceStep.java:22)
Fabric 1.21.11 build	Build Fabric artifact	2026-08-18T15:23:51.1056204Z 	at org.gradle.internal.execution.steps.ChoosePipelineStep.execute(ChoosePipelineStep.java:40)
Fabric 1.21.11 build	Build Fabric artifact	2026-08-18T15:23:51.1056762Z 	at org.gradle.internal.execution.steps.ChoosePipelineStep.execute(ChoosePipelineStep.java:23)
Fabric 1.21.11 build	Build Fabric artifact	2026-08-18T15:23:51.1057580Z 	at org.gradle.internal.execution.steps.ExecuteWorkBuildOperationFiringStep.lambda$execute$2(ExecuteWorkBuildOperationFiringStep.java:67)
Fabric 1.21.11 build	Build Fabric artifact	2026-08-18T15:23:51.1058383Z 	at org.gradle.internal.execution.steps.ExecuteWorkBuildOperationFiringStep.execute(ExecuteWorkBuildOperationFiringStep.java:67)
Fabric 1.21.11 build	Build Fabric artifact	2026-08-18T15:23:51.1059141Z 	at org.gradle.internal.execution.steps.ExecuteWorkBuildOperationFiringStep.execute(ExecuteWorkBuildOperationFiringStep.java:39)
Fabric 1.21.11 build	Build Fabric artifact	2026-08-18T15:23:51.1059794Z 	at org.gradle.internal.execution.steps.IdentityCacheStep.execute(IdentityCacheStep.java:46)
Fabric 1.21.11 build	Build Fabric artifact	2026-08-18T15:23:51.1060553Z 	at org.gradle.internal.execution.steps.IdentityCacheStep.execute(IdentityCacheStep.java:34)
Fabric 1.21.11 build	Build Fabric artifact	2026-08-18T15:23:51.1061009Z 	at org.gradle.internal.execution.steps.IdentifyStep.execute(IdentifyStep.java:48)
Fabric 1.21.11 build	Build Fabric artifact	2026-08-18T15:23:51.1061471Z 	at org.gradle.internal.execution.steps.IdentifyStep.execute(IdentifyStep.java:35)
Fabric 1.21.11 build	Build Fabric artifact	2026-08-18T15:23:51.1062023Z 	at org.gradle.internal.execution.impl.DefaultExecutionEngine$1.execute(DefaultExecutionEngine.java:64)
Fabric 1.21.11 build	Build Fabric artifact	2026-08-18T15:23:51.1062792Z 	at org.gradle.api.internal.tasks.execution.ExecuteActionsTaskExecuter.executeIfValid(ExecuteActionsTaskExecuter.java:127)
Fabric 1.21.11 build	Build Fabric artifact	2026-08-18T15:23:51.1063468Z 	at org.gradle.api.internal.tasks.execution.ExecuteActionsTaskExecuter.execute(ExecuteActionsTaskExecuter.java:116)
Fabric 1.21.11 build	Build Fabric artifact	2026-08-18T15:23:51.1064316Z 	at org.gradle.api.internal.tasks.execution.ProblemsTaskPathTrackingTaskExecuter.execute(ProblemsTaskPathTrackingTaskExecuter.java:41)
Fabric 1.21.11 build	Build Fabric artifact	2026-08-18T15:23:51.1065037Z 	at org.gradle.api.internal.tasks.execution.FinalizePropertiesTaskExecuter.execute(FinalizePropertiesTaskExecuter.java:46)
Fabric 1.21.11 build	Build Fabric artifact	2026-08-18T15:23:51.1065822Z 	at org.gradle.api.internal.tasks.execution.ResolveTaskExecutionModeExecuter.execute(ResolveTaskExecutionModeExecuter.java:51)
Fabric 1.21.11 build	Build Fabric artifact	2026-08-18T15:23:51.1066568Z 	at org.gradle.api.internal.tasks.execution.SkipTaskWithNoActionsExecuter.execute(SkipTaskWithNoActionsExecuter.java:57)
Fabric 1.21.11 build	Build Fabric artifact	2026-08-18T15:23:51.1067183Z 	at org.gradle.api.internal.tasks.execution.SkipOnlyIfTaskExecuter.execute(SkipOnlyIfTaskExecuter.java:74)
Fabric 1.21.11 build	Build Fabric artifact	2026-08-18T15:23:51.1067904Z 	at org.gradle.api.internal.tasks.execution.CatchExceptionTaskExecuter.execute(CatchExceptionTaskExecuter.java:36)
Fabric 1.21.11 build	Build Fabric artifact	2026-08-18T15:23:51.1068522Z 	at org.gradle.api.internal.tasks.execution.EventFiringTaskExecuter$1.executeTask(EventFiringTaskExecuter.java:77)
Fabric 1.21.11 build	Build Fabric artifact	2026-08-18T15:23:51.1069129Z 	at org.gradle.api.internal.tasks.execution.EventFiringTaskExecuter$1.call(EventFiringTaskExecuter.java:55)
Fabric 1.21.11 build	Build Fabric artifact	2026-08-18T15:23:51.1069863Z 	at org.gradle.api.internal.tasks.execution.EventFiringTaskExecuter$1.call(EventFiringTaskExecuter.java:52)
Fabric 1.21.11 build	Build Fabric artifact	2026-08-18T15:23:51.1070752Z 	at org.gradle.internal.operations.DefaultBuildOperationRunner$CallableBuildOperationWorker.execute(DefaultBuildOperationRunner.java:210)
Fabric 1.21.11 build	Build Fabric artifact	2026-08-18T15:23:51.1071579Z 	at org.gradle.internal.operations.DefaultBuildOperationRunner$CallableBuildOperationWorker.execute(DefaultBuildOperationRunner.java:205)
Fabric 1.21.11 build	Build Fabric artifact	2026-08-18T15:23:51.1072175Z 	at org.gradle.internal.operations.DefaultBuildOperationRunner$2.execute(DefaultBuildOperationRunner.java:67)
Fabric 1.21.11 build	Build Fabric artifact	2026-08-18T15:23:51.1072810Z 	at org.gradle.internal.operations.DefaultBuildOperationRunner$2.execute(DefaultBuildOperationRunner.java:60)
Fabric 1.21.11 build	Build Fabric artifact	2026-08-18T15:23:51.1073509Z 	at org.gradle.internal.operations.DefaultBuildOperationRunner.execute(DefaultBuildOperationRunner.java:167)
Fabric 1.21.11 build	Build Fabric artifact	2026-08-18T15:23:51.1074067Z 	at org.gradle.internal.operations.DefaultBuildOperationRunner.execute(DefaultBuildOperationRunner.java:60)
Fabric 1.21.11 build	Build Fabric artifact	2026-08-18T15:23:51.1074641Z 	at org.gradle.internal.operations.DefaultBuildOperationRunner.call(DefaultBuildOperationRunner.java:54)
Fabric 1.21.11 build	Build Fabric artifact	2026-08-18T15:23:51.1075276Z 	at org.gradle.api.internal.tasks.execution.EventFiringTaskExecuter.execute(EventFiringTaskExecuter.java:52)
Fabric 1.21.11 build	Build Fabric artifact	2026-08-18T15:23:51.1075760Z 	at org.gradle.execution.plan.LocalTaskNodeExecutor.execute(LocalTaskNodeExecutor.java:42)
Fabric 1.21.11 build	Build Fabric artifact	2026-08-18T15:23:51.1076520Z 	at org.gradle.execution.taskgraph.DefaultTaskExecutionGraph$InvokeNodeExecutorsAction.execute(DefaultTaskExecutionGraph.java:331)
Fabric 1.21.11 build	Build Fabric artifact	2026-08-18T15:23:51.1077307Z 	at org.gradle.execution.taskgraph.DefaultTaskExecutionGraph$InvokeNodeExecutorsAction.execute(DefaultTaskExecutionGraph.java:318)
Fabric 1.21.11 build	Build Fabric artifact	2026-08-18T15:23:51.1078150Z 	at org.gradle.execution.taskgraph.DefaultTaskExecutionGraph$BuildOperationAwareExecutionAction.lambda$execute$0(DefaultTaskExecutionGraph.java:314)
Fabric 1.21.11 build	Build Fabric artifact	2026-08-18T15:23:51.1078754Z 	at org.gradle.internal.operations.CurrentBuildOperationRef.with(CurrentBuildOperationRef.java:85)
Fabric 1.21.11 build	Build Fabric artifact	2026-08-18T15:23:51.1079758Z 	at org.gradle.execution.taskgraph.DefaultTaskExecutionGraph$BuildOperationAwareExecutionAction.execute(DefaultTaskExecutionGraph.java:314)
Fabric 1.21.11 build	Build Fabric artifact	2026-08-18T15:23:51.1080509Z 	at org.gradle.execution.taskgraph.DefaultTaskExecutionGraph$BuildOperationAwareExecutionAction.execute(DefaultTaskExecutionGraph.java:303)
Fabric 1.21.11 build	Build Fabric artifact	2026-08-18T15:23:51.1081156Z 	at org.gradle.execution.plan.DefaultPlanExecutor$ExecutorWorker.execute(DefaultPlanExecutor.java:459)
Fabric 1.21.11 build	Build Fabric artifact	2026-08-18T15:23:51.1081739Z 	at org.gradle.execution.plan.DefaultPlanExecutor$ExecutorWorker.run(DefaultPlanExecutor.java:376)
Fabric 1.21.11 build	Build Fabric artifact	2026-08-18T15:23:51.1082362Z 	at org.gradle.internal.concurrent.ExecutorPolicy$CatchAndRecordFailures.onExecute(ExecutorPolicy.java:64)
Fabric 1.21.11 build	Build Fabric artifact	2026-08-18T15:23:51.1082890Z 	at org.gradle.internal.concurrent.AbstractManagedExecutor$1.run(AbstractManagedExecutor.java:48)
Fabric 1.21.11 build	Build Fabric artifact	2026-08-18T15:23:51.1082917Z 
Fabric 1.21.11 build	Build Fabric artifact	2026-08-18T15:23:51.1082930Z 
Fabric 1.21.11 build	Build Fabric artifact	2026-08-18T15:23:51.1083119Z BUILD FAILED in 4m 18s
Fabric 1.21.11 build	Build Fabric artifact	2026-08-18T15:23:51.1083141Z 
Fabric 1.21.11 build	Build Fabric artifact	2026-08-18T15:23:51.1083623Z Deprecated Gradle features were used in this build, making it incompatible with Gradle 9.0.
Fabric 1.21.11 build	Build Fabric artifact	2026-08-18T15:23:51.1083640Z 
Fabric 1.21.11 build	Build Fabric artifact	2026-08-18T15:23:51.1084450Z You can use '--warning-mode all' to show the individual deprecation warnings and determine if they come from your own scripts or plugins.
Fabric 1.21.11 build	Build Fabric artifact	2026-08-18T15:23:51.1084479Z 
Fabric 1.21.11 build	Build Fabric artifact	2026-08-18T15:23:51.1085352Z For more on this, please refer to https://docs.gradle.org/8.14/userguide/command_line_interface.html#sec:command_line_warnings in the Gradle documentation.
Fabric 1.21.11 build	Build Fabric artifact	2026-08-18T15:23:51.1085547Z 9 actionable tasks: 9 executed
Fabric 1.21.11 build	Build Fabric artifact	2026-08-18T15:23:51.4339203Z ##[error]Process completed with exit code 1.
